ISO-10303-21;
HEADER;
FILE_DESCRIPTION(('KiCad electronic assembly'),'2;1');
FILE_NAME('remote-SW_PWR.step','2026-10-03T14:48:31',('Pcbnew'),('Kicad'
    ),'Open CASCADE STEP processor 7.9','KiCad to STEP converter',
  'Unknown');
FILE_SCHEMA(('AUTOMOTIVE_DESIGN { 1 0 10303 214 1 1 1 1 }'));
ENDSEC;
DATA;
#1 = APPLICATION_PROTOCOL_DEFINITION('international standard',
  'automotive_design',2000,#2);
#2 = APPLICATION_CONTEXT(
  'core data for automotive mechanical design processes');
#3 = SHAPE_DEFINITION_REPRESENTATION(#4,#10);
#4 = PRODUCT_DEFINITION_SHAPE('','',#5);
#5 = PRODUCT_DEFINITION('design','',#6,#9);
#6 = PRODUCT_DEFINITION_FORMATION('','',#7);
#7 = PRODUCT('remote-SW_PWR 1','remote-SW_PWR 1','',(#8));
#8 = PRODUCT_CONTEXT('',#2,'mechanical');
#9 = PRODUCT_DEFINITION_CONTEXT('part definition',#2,'design');
#10 = SHAPE_REPRESENTATION('',(#11,#15),#19);
#11 = AXIS2_PLACEMENT_3D('',#12,#13,#14);
#12 = CARTESIAN_POINT('',(0.,0.,0.));
#13 = DIRECTION('',(0.,0.,1.));
#14 = DIRECTION('',(1.,0.,-0.));
#15 = AXIS2_PLACEMENT_3D('',#16,#17,#18);
#16 = CARTESIAN_POINT('',(-10.949999,11.05,-8.5E-02));
#17 = DIRECTION('',(1.224646799147E-16,-1.359631073447E-32,-1.));
#18 = DIRECTION('',(1.110223024625E-16,1.,0.));
#19 = ( GEOMETRIC_REPRESENTATION_CONTEXT(3) 
GLOBAL_UNCERTAINTY_ASSIGNED_CONTEXT((#23)) GLOBAL_UNIT_ASSIGNED_CONTEXT(
(#20,#21,#22)) REPRESENTATION_CONTEXT('Context #1',
  '3D Context with UNIT and UNCERTAINTY') );
#20 = ( LENGTH_UNIT() NAMED_UNIT(*) SI_UNIT(.MILLI.,.METRE.) );
#21 = ( NAMED_UNIT(*) PLANE_ANGLE_UNIT() SI_UNIT($,.RADIAN.) );
#22 = ( NAMED_UNIT(*) SI_UNIT($,.STERADIAN.) SOLID_ANGLE_UNIT() );
#23 = UNCERTAINTY_MEASURE_WITH_UNIT(LENGTH_MEASURE(1.E-07),#20,
  'distance_accuracy_value','confusion accuracy');
#24 = PRODUCT_RELATED_PRODUCT_CATEGORY('part',$,(#7));
#25 = SHAPE_DEFINITION_REPRESENTATION(#26,#32);
#26 = PRODUCT_DEFINITION_SHAPE('','',#27);
#27 = PRODUCT_DEFINITION('design','',#28,#31);
#28 = PRODUCT_DEFINITION_FORMATION('','',#29);
#29 = PRODUCT('SW_Slide_SPDT_Straight_CK_OS102011MS2Q',
  'SW_Slide_SPDT_Straight_CK_OS102011MS2Q','',(#30));
#30 = PRODUCT_CONTEXT('',#2,'mechanical');
#31 = PRODUCT_DEFINITION_CONTEXT('part definition',#2,'design');
#32 = SHAPE_REPRESENTATION('',(#11,#33),#37);
#33 = AXIS2_PLACEMENT_3D('',#34,#35,#36);
#34 = CARTESIAN_POINT('',(0.,0.,0.));
#35 = DIRECTION('',(0.,0.,1.));
#36 = DIRECTION('',(1.,0.,-0.));
#37 = ( GEOMETRIC_REPRESENTATION_CONTEXT(3) 
GLOBAL_UNCERTAINTY_ASSIGNED_CONTEXT((#41)) GLOBAL_UNIT_ASSIGNED_CONTEXT(
(#38,#39,#40)) REPRESENTATION_CONTEXT('Context #1',
  '3D Context with UNIT and UNCERTAINTY') );
#38 = ( LENGTH_UNIT() NAMED_UNIT(*) SI_UNIT(.MILLI.,.METRE.) );
#39 = ( NAMED_UNIT(*) PLANE_ANGLE_UNIT() SI_UNIT($,.RADIAN.) );
#40 = ( NAMED_UNIT(*) SI_UNIT($,.STERADIAN.) SOLID_ANGLE_UNIT() );
#41 = UNCERTAINTY_MEASURE_WITH_UNIT(LENGTH_MEASURE(1.E-07),#38,
  'distance_accuracy_value','confusion accuracy');
#42 = CONTEXT_DEPENDENT_SHAPE_REPRESENTATION(#43,#45);
#43 = ( REPRESENTATION_RELATIONSHIP('','',#32,#10) 
REPRESENTATION_RELATIONSHIP_WITH_TRANSFORMATION(#44) 
SHAPE_REPRESENTATION_RELATIONSHIP() );
#44 = ITEM_DEFINED_TRANSFORMATION('','',#11,#15);
#45 = PRODUCT_DEFINITION_SHAPE('Placement','Placement of an item',#46);
#46 = NEXT_ASSEMBLY_USAGE_OCCURRENCE('2','SW_PWR','',#5,#27,$);
#47 = PRODUCT_RELATED_PRODUCT_CATEGORY('part',$,(#29));
#48 = SHAPE_DEFINITION_REPRESENTATION(#49,#55);
#49 = PRODUCT_DEFINITION_SHAPE('','',#50);
#50 = PRODUCT_DEFINITION('design','',#51,#54);
#51 = PRODUCT_DEFINITION_FORMATION('','',#52);
#52 = PRODUCT('SW_Slide_SPDT_Straight_CK_OS102011MS2Q',
  'SW_Slide_SPDT_Straight_CK_OS102011MS2Q','',(#53));
#53 = PRODUCT_CONTEXT('',#2,'mechanical');
#54 = PRODUCT_DEFINITION_CONTEXT('part definition',#2,'design');
#55 = SHAPE_REPRESENTATION('',(#11,#56,#4382,#4796,#5012,#5228,#5444),
  #5981);
#56 = MANIFOLD_SOLID_BREP('',#57);
#57 = CLOSED_SHELL('',(#58,#107,#138,#163,#194,#218,#249,#274,#396,#420,
    #540,#564,#588,#619,#636,#653,#670,#701,#732,#754,#776,#793,#810,
    #841,#863,#880,#897,#909,#942,#1057,#1104,#1135,#1200,#1265,#1289,
    #1313,#1330,#1361,#1394,#1419,#1444,#1477,#1494,#1527,#1560,#1577,
    #1594,#1618,#1642,#1673,#1697,#1728,#1759,#1790,#1814,#1838,#1855,
    #1886,#1910,#1934,#1951,#1975,#2006,#2037,#2068,#2092,#2116,#2181,
    #2203,#2220,#2267,#2289,#2306,#2330,#2377,#2401,#2413,#2430,#2447,
    #2464,#2488,#2512,#2548,#2572,#2596,#2627,#2651,#2675,#2706,#2730,
    #2754,#2785,#2809,#2840,#2857,#2888,#2919,#2943,#2974,#2999,#3046,
    #3078,#3102,#3126,#3143,#3165,#3177,#3194,#3206,#3218,#3235,#3252,
    #3292,#3309,#3326,#3366,#3406,#3430,#3454,#3471,#3511,#3551,#3575,
    #3599,#3616,#3656,#3696,#3720,#3744,#3761,#3801,#3825,#3849,#3866,
    #3897,#3921,#3938,#3962,#3979,#3991,#4015,#4046,#4063,#4087,#4104,
    #4116,#4133,#4150,#4167,#4184,#4201,#4218,#4235,#4252,#4264,#4281,
    #4298,#4310,#4327,#4344,#4356,#4368));
#58 = ADVANCED_FACE('',(#59),#102,.T.);
#59 = FACE_BOUND('',#60,.T.);
#60 = EDGE_LOOP('',(#61,#71,#79,#87,#95));
#61 = ORIENTED_EDGE('',*,*,#62,.F.);
#62 = EDGE_CURVE('',#63,#65,#67,.T.);
#63 = VERTEX_POINT('',#64);
#64 = CARTESIAN_POINT('',(-1.899999999998,1.350000000002,4.7));
#65 = VERTEX_POINT('',#66);
#66 = CARTESIAN_POINT('',(-1.939999999998,1.350000000002,4.7));
#67 = LINE('',#68,#69);
#68 = CARTESIAN_POINT('',(-1.899999999998,1.350000000002,4.7));
#69 = VECTOR('',#70,1.);
#70 = DIRECTION('',(-1.,0.,0.));
#71 = ORIENTED_EDGE('',*,*,#72,.F.);
#72 = EDGE_CURVE('',#73,#63,#75,.T.);
#73 = VERTEX_POINT('',#74);
#74 = CARTESIAN_POINT('',(-1.899999999998,1.350000000002,4.3));
#75 = LINE('',#76,#77);
#76 = CARTESIAN_POINT('',(-1.899999999998,1.350000000002,4.3));
#77 = VECTOR('',#78,1.);
#78 = DIRECTION('',(0.,0.,1.));
#79 = ORIENTED_EDGE('',*,*,#80,.T.);
#80 = EDGE_CURVE('',#73,#81,#83,.T.);
#81 = VERTEX_POINT('',#82);
#82 = CARTESIAN_POINT('',(-2.299999999998,1.350000000002,4.3));
#83 = LINE('',#84,#85);
#84 = CARTESIAN_POINT('',(-1.899999999998,1.350000000002,4.3));
#85 = VECTOR('',#86,1.);
#86 = DIRECTION('',(-1.,0.,0.));
#87 = ORIENTED_EDGE('',*,*,#88,.T.);
#88 = EDGE_CURVE('',#81,#89,#91,.T.);
#89 = VERTEX_POINT('',#90);
#90 = CARTESIAN_POINT('',(-2.299999999998,1.350000000002,4.34));
#91 = LINE('',#92,#93);
#92 = CARTESIAN_POINT('',(-2.299999999998,1.350000000002,4.3));
#93 = VECTOR('',#94,1.);
#94 = DIRECTION('',(0.,0.,1.));
#95 = ORIENTED_EDGE('',*,*,#96,.F.);
#96 = EDGE_CURVE('',#65,#89,#97,.T.);
#97 = CIRCLE('',#98,0.36);
#98 = AXIS2_PLACEMENT_3D('',#99,#100,#101);
#99 = CARTESIAN_POINT('',(-1.939999999998,1.350000000002,4.34));
#100 = DIRECTION('',(0.,-1.,0.));
#101 = DIRECTION('',(0.,0.,1.));
#102 = PLANE('',#103);
#103 = AXIS2_PLACEMENT_3D('',#104,#105,#106);
#104 = CARTESIAN_POINT('',(-1.899999999998,1.350000000002,4.3));
#105 = DIRECTION('',(0.,1.,0.));
#106 = DIRECTION('',(0.,-0.,1.));
#107 = ADVANCED_FACE('',(#108),#133,.F.);
#108 = FACE_BOUND('',#109,.F.);
#109 = EDGE_LOOP('',(#110,#120,#126,#127));
#110 = ORIENTED_EDGE('',*,*,#111,.T.);
#111 = EDGE_CURVE('',#112,#114,#116,.T.);
#112 = VERTEX_POINT('',#113);
#113 = CARTESIAN_POINT('',(-1.899999999998,-1.349999999998,4.7));
#114 = VERTEX_POINT('',#115);
#115 = CARTESIAN_POINT('',(-1.939999999998,-1.349999999998,4.7));
#116 = LINE('',#117,#118);
#117 = CARTESIAN_POINT('',(-1.899999999998,-1.349999999998,4.7));
#118 = VECTOR('',#119,1.);
#119 = DIRECTION('',(-1.,0.,0.));
#120 = ORIENTED_EDGE('',*,*,#121,.T.);
#121 = EDGE_CURVE('',#114,#65,#122,.T.);
#122 = LINE('',#123,#124);
#123 = CARTESIAN_POINT('',(-1.939999999998,-1.349999999998,4.7));
#124 = VECTOR('',#125,1.);
#125 = DIRECTION('',(0.,1.,0.));
#126 = ORIENTED_EDGE('',*,*,#62,.F.);
#127 = ORIENTED_EDGE('',*,*,#128,.F.);
#128 = EDGE_CURVE('',#112,#63,#129,.T.);
#129 = LINE('',#130,#131);
#130 = CARTESIAN_POINT('',(-1.899999999998,-1.349999999998,4.7));
#131 = VECTOR('',#132,1.);
#132 = DIRECTION('',(0.,1.,0.));
#133 = PLANE('',#134);
#134 = AXIS2_PLACEMENT_3D('',#135,#136,#137);
#135 = CARTESIAN_POINT('',(-1.899999999998,-1.349999999998,4.7));
#136 = DIRECTION('',(0.,0.,-1.));
#137 = DIRECTION('',(0.,1.,0.));
#138 = ADVANCED_FACE('',(#139),#158,.T.);
#139 = FACE_BOUND('',#140,.T.);
#140 = EDGE_LOOP('',(#141,#142,#143,#151));
#141 = ORIENTED_EDGE('',*,*,#121,.T.);
#142 = ORIENTED_EDGE('',*,*,#96,.T.);
#143 = ORIENTED_EDGE('',*,*,#144,.F.);
#144 = EDGE_CURVE('',#145,#89,#147,.T.);
#145 = VERTEX_POINT('',#146);
#146 = CARTESIAN_POINT('',(-2.299999999998,-1.349999999998,4.34));
#147 = LINE('',#148,#149);
#148 = CARTESIAN_POINT('',(-2.299999999998,-1.349999999998,4.34));
#149 = VECTOR('',#150,1.);
#150 = DIRECTION('',(0.,1.,0.));
#151 = ORIENTED_EDGE('',*,*,#152,.F.);
#152 = EDGE_CURVE('',#114,#145,#153,.T.);
#153 = CIRCLE('',#154,0.36);
#154 = AXIS2_PLACEMENT_3D('',#155,#156,#157);
#155 = CARTESIAN_POINT('',(-1.939999999998,-1.349999999998,4.34));
#156 = DIRECTION('',(0.,-1.,0.));
#157 = DIRECTION('',(0.,0.,1.));
#158 = CYLINDRICAL_SURFACE('',#159,0.36);
#159 = AXIS2_PLACEMENT_3D('',#160,#161,#162);
#160 = CARTESIAN_POINT('',(-1.939999999998,-1.349999999998,4.34));
#161 = DIRECTION('',(0.,1.,0.));
#162 = DIRECTION('',(0.,-0.,1.));
#163 = ADVANCED_FACE('',(#164),#189,.F.);
#164 = FACE_BOUND('',#165,.F.);
#165 = EDGE_LOOP('',(#166,#176,#182,#183));
#166 = ORIENTED_EDGE('',*,*,#167,.T.);
#167 = EDGE_CURVE('',#168,#170,#172,.T.);
#168 = VERTEX_POINT('',#169);
#169 = CARTESIAN_POINT('',(-1.849999999998,1.350000000002,4.3));
#170 = VERTEX_POINT('',#171);
#171 = CARTESIAN_POINT('',(-1.849999999998,1.350000000002,4.7));
#172 = LINE('',#173,#174);
#173 = CARTESIAN_POINT('',(-1.849999999998,1.350000000002,4.3));
#174 = VECTOR('',#175,1.);
#175 = DIRECTION('',(0.,0.,1.));
#176 = ORIENTED_EDGE('',*,*,#177,.T.);
#177 = EDGE_CURVE('',#170,#63,#178,.T.);
#178 = LINE('',#179,#180);
#179 = CARTESIAN_POINT('',(-1.849999999998,1.350000000002,4.7));
#180 = VECTOR('',#181,1.);
#181 = DIRECTION('',(-1.,0.,0.));
#182 = ORIENTED_EDGE('',*,*,#72,.F.);
#183 = ORIENTED_EDGE('',*,*,#184,.F.);
#184 = EDGE_CURVE('',#168,#73,#185,.T.);
#185 = LINE('',#186,#187);
#186 = CARTESIAN_POINT('',(-1.849999999998,1.350000000002,4.3));
#187 = VECTOR('',#188,1.);
#188 = DIRECTION('',(-1.,0.,0.));
#189 = PLANE('',#190);
#190 = AXIS2_PLACEMENT_3D('',#191,#192,#193);
#191 = CARTESIAN_POINT('',(-1.849999999998,1.350000000002,4.3));
#192 = DIRECTION('',(0.,-1.,0.));
#193 = DIRECTION('',(-1.,0.,0.));
#194 = ADVANCED_FACE('',(#195),#213,.T.);
#195 = FACE_BOUND('',#196,.T.);
#196 = EDGE_LOOP('',(#197,#205,#206,#207));
#197 = ORIENTED_EDGE('',*,*,#198,.T.);
#198 = EDGE_CURVE('',#199,#145,#201,.T.);
#199 = VERTEX_POINT('',#200);
#200 = CARTESIAN_POINT('',(-2.299999999998,-1.349999999998,4.3));
#201 = LINE('',#202,#203);
#202 = CARTESIAN_POINT('',(-2.299999999998,-1.349999999998,4.3));
#203 = VECTOR('',#204,1.);
#204 = DIRECTION('',(0.,0.,1.));
#205 = ORIENTED_EDGE('',*,*,#144,.T.);
#206 = ORIENTED_EDGE('',*,*,#88,.F.);
#207 = ORIENTED_EDGE('',*,*,#208,.F.);
#208 = EDGE_CURVE('',#199,#81,#209,.T.);
#209 = LINE('',#210,#211);
#210 = CARTESIAN_POINT('',(-2.299999999998,-1.349999999998,4.3));
#211 = VECTOR('',#212,1.);
#212 = DIRECTION('',(0.,1.,0.));
#213 = PLANE('',#214);
#214 = AXIS2_PLACEMENT_3D('',#215,#216,#217);
#215 = CARTESIAN_POINT('',(-2.299999999998,-1.349999999998,4.3));
#216 = DIRECTION('',(-1.,0.,0.));
#217 = DIRECTION('',(0.,1.,0.));
#218 = ADVANCED_FACE('',(#219),#244,.T.);
#219 = FACE_BOUND('',#220,.T.);
#220 = EDGE_LOOP('',(#221,#229,#237,#243));
#221 = ORIENTED_EDGE('',*,*,#222,.T.);
#222 = EDGE_CURVE('',#73,#223,#225,.T.);
#223 = VERTEX_POINT('',#224);
#224 = CARTESIAN_POINT('',(-1.899999999998,1.350000000002,3.9));
#225 = LINE('',#226,#227);
#226 = CARTESIAN_POINT('',(-1.899999999998,1.350000000002,4.3));
#227 = VECTOR('',#228,1.);
#228 = DIRECTION('',(0.,0.,-1.));
#229 = ORIENTED_EDGE('',*,*,#230,.T.);
#230 = EDGE_CURVE('',#223,#231,#233,.T.);
#231 = VERTEX_POINT('',#232);
#232 = CARTESIAN_POINT('',(-2.299999999998,1.350000000002,3.9));
#233 = LINE('',#234,#235);
#234 = CARTESIAN_POINT('',(-1.899999999998,1.350000000002,3.9));
#235 = VECTOR('',#236,1.);
#236 = DIRECTION('',(-1.,0.,0.));
#237 = ORIENTED_EDGE('',*,*,#238,.F.);
#238 = EDGE_CURVE('',#81,#231,#239,.T.);
#239 = LINE('',#240,#241);
#240 = CARTESIAN_POINT('',(-2.299999999998,1.350000000002,4.3));
#241 = VECTOR('',#242,1.);
#242 = DIRECTION('',(0.,0.,-1.));
#243 = ORIENTED_EDGE('',*,*,#80,.F.);
#244 = PLANE('',#245);
#245 = AXIS2_PLACEMENT_3D('',#246,#247,#248);
#246 = CARTESIAN_POINT('',(-1.899999999998,1.350000000002,4.3));
#247 = DIRECTION('',(0.,1.,0.));
#248 = DIRECTION('',(-1.,0.,0.));
#249 = ADVANCED_FACE('',(#250),#269,.F.);
#250 = FACE_BOUND('',#251,.F.);
#251 = EDGE_LOOP('',(#252,#253,#261,#267,#268));
#252 = ORIENTED_EDGE('',*,*,#111,.F.);
#253 = ORIENTED_EDGE('',*,*,#254,.F.);
#254 = EDGE_CURVE('',#255,#112,#257,.T.);
#255 = VERTEX_POINT('',#256);
#256 = CARTESIAN_POINT('',(-1.899999999998,-1.349999999998,4.3));
#257 = LINE('',#258,#259);
#258 = CARTESIAN_POINT('',(-1.899999999998,-1.349999999998,4.3));
#259 = VECTOR('',#260,1.);
#260 = DIRECTION('',(0.,0.,1.));
#261 = ORIENTED_EDGE('',*,*,#262,.T.);
#262 = EDGE_CURVE('',#255,#199,#263,.T.);
#263 = LINE('',#264,#265);
#264 = CARTESIAN_POINT('',(-1.899999999998,-1.349999999998,4.3));
#265 = VECTOR('',#266,1.);
#266 = DIRECTION('',(-1.,0.,0.));
#267 = ORIENTED_EDGE('',*,*,#198,.T.);
#268 = ORIENTED_EDGE('',*,*,#152,.F.);
#269 = PLANE('',#270);
#270 = AXIS2_PLACEMENT_3D('',#271,#272,#273);
#271 = CARTESIAN_POINT('',(-1.899999999998,-1.349999999998,4.3));
#272 = DIRECTION('',(0.,1.,0.));
#273 = DIRECTION('',(0.,-0.,1.));
#274 = ADVANCED_FACE('',(#275,#357),#391,.T.);
#275 = FACE_BOUND('',#276,.T.);
#276 = EDGE_LOOP('',(#277,#278,#286,#294,#302,#310,#318,#326,#334,#342,
    #350,#356));
#277 = ORIENTED_EDGE('',*,*,#128,.F.);
#278 = ORIENTED_EDGE('',*,*,#279,.T.);
#279 = EDGE_CURVE('',#112,#280,#282,.T.);
#280 = VERTEX_POINT('',#281);
#281 = CARTESIAN_POINT('',(-1.849999999996,-1.349999999998,4.7));
#282 = LINE('',#283,#284);
#283 = CARTESIAN_POINT('',(-1.899999999998,-1.349999999998,4.7));
#284 = VECTOR('',#285,1.);
#285 = DIRECTION('',(1.,0.,0.));
#286 = ORIENTED_EDGE('',*,*,#287,.T.);
#287 = EDGE_CURVE('',#280,#288,#290,.T.);
#288 = VERTEX_POINT('',#289);
#289 = CARTESIAN_POINT('',(-1.849999999996,-1.749999999998,4.7));
#290 = LINE('',#291,#292);
#291 = CARTESIAN_POINT('',(-1.849999999996,-1.349999999998,4.7));
#292 = VECTOR('',#293,1.);
#293 = DIRECTION('',(0.,-1.,0.));
#294 = ORIENTED_EDGE('',*,*,#295,.T.);
#295 = EDGE_CURVE('',#288,#296,#298,.T.);
#296 = VERTEX_POINT('',#297);
#297 = CARTESIAN_POINT('',(5.849999999996,-1.749999999998,4.7));
#298 = LINE('',#299,#300);
#299 = CARTESIAN_POINT('',(-1.849999999996,-1.749999999998,4.7));
#300 = VECTOR('',#301,1.);
#301 = DIRECTION('',(1.,0.,0.));
#302 = ORIENTED_EDGE('',*,*,#303,.T.);
#303 = EDGE_CURVE('',#296,#304,#306,.T.);
#304 = VERTEX_POINT('',#305);
#305 = CARTESIAN_POINT('',(5.849999999996,-1.349999999996,4.7));
#306 = LINE('',#307,#308);
#307 = CARTESIAN_POINT('',(5.849999999996,-1.749999999998,4.7));
#308 = VECTOR('',#309,1.);
#309 = DIRECTION('',(0.,1.,0.));
#310 = ORIENTED_EDGE('',*,*,#311,.T.);
#311 = EDGE_CURVE('',#304,#312,#314,.T.);
#312 = VERTEX_POINT('',#313);
#313 = CARTESIAN_POINT('',(5.900000000002,-1.349999999996,4.7));
#314 = LINE('',#315,#316);
#315 = CARTESIAN_POINT('',(5.849999999996,-1.349999999996,4.7));
#316 = VECTOR('',#317,1.);
#317 = DIRECTION('',(1.,0.,0.));
#318 = ORIENTED_EDGE('',*,*,#319,.T.);
#319 = EDGE_CURVE('',#312,#320,#322,.T.);
#320 = VERTEX_POINT('',#321);
#321 = CARTESIAN_POINT('',(5.900000000002,1.349999999996,4.7));
#322 = LINE('',#323,#324);
#323 = CARTESIAN_POINT('',(5.900000000002,-1.349999999996,4.7));
#324 = VECTOR('',#325,1.);
#325 = DIRECTION('',(0.,1.,0.));
#326 = ORIENTED_EDGE('',*,*,#327,.T.);
#327 = EDGE_CURVE('',#320,#328,#330,.T.);
#328 = VERTEX_POINT('',#329);
#329 = CARTESIAN_POINT('',(5.850000000047,1.349999999996,4.7));
#330 = LINE('',#331,#332);
#331 = CARTESIAN_POINT('',(5.900000000002,1.349999999996,4.7));
#332 = VECTOR('',#333,1.);
#333 = DIRECTION('',(-1.,0.,0.));
#334 = ORIENTED_EDGE('',*,*,#335,.T.);
#335 = EDGE_CURVE('',#328,#336,#338,.T.);
#336 = VERTEX_POINT('',#337);
#337 = CARTESIAN_POINT('',(5.850000000047,1.750000000002,4.7));
#338 = LINE('',#339,#340);
#339 = CARTESIAN_POINT('',(5.850000000047,1.349999999996,4.7));
#340 = VECTOR('',#341,1.);
#341 = DIRECTION('',(0.,1.,0.));
#342 = ORIENTED_EDGE('',*,*,#343,.T.);
#343 = EDGE_CURVE('',#336,#344,#346,.T.);
#344 = VERTEX_POINT('',#345);
#345 = CARTESIAN_POINT('',(-1.849999999998,1.750000000002,4.7));
#346 = LINE('',#347,#348);
#347 = CARTESIAN_POINT('',(5.850000000047,1.750000000002,4.7));
#348 = VECTOR('',#349,1.);
#349 = DIRECTION('',(-1.,0.,0.));
#350 = ORIENTED_EDGE('',*,*,#351,.F.);
#351 = EDGE_CURVE('',#170,#344,#352,.T.);
#352 = LINE('',#353,#354);
#353 = CARTESIAN_POINT('',(-1.849999999998,1.350000000002,4.7));
#354 = VECTOR('',#355,1.);
#355 = DIRECTION('',(0.,1.,0.));
#356 = ORIENTED_EDGE('',*,*,#177,.T.);
#357 = FACE_BOUND('',#358,.T.);
#358 = EDGE_LOOP('',(#359,#369,#377,#385));
#359 = ORIENTED_EDGE('',*,*,#360,.T.);
#360 = EDGE_CURVE('',#361,#363,#365,.T.);
#361 = VERTEX_POINT('',#362);
#362 = CARTESIAN_POINT('',(0.,-1.,4.7));
#363 = VERTEX_POINT('',#364);
#364 = CARTESIAN_POINT('',(0.,1.,4.7));
#365 = LINE('',#366,#367);
#366 = CARTESIAN_POINT('',(0.,-1.,4.7));
#367 = VECTOR('',#368,1.);
#368 = DIRECTION('',(0.,1.,0.));
#369 = ORIENTED_EDGE('',*,*,#370,.T.);
#370 = EDGE_CURVE('',#363,#371,#373,.T.);
#371 = VERTEX_POINT('',#372);
#372 = CARTESIAN_POINT('',(4.,1.,4.7));
#373 = LINE('',#374,#375);
#374 = CARTESIAN_POINT('',(0.,1.,4.7));
#375 = VECTOR('',#376,1.);
#376 = DIRECTION('',(1.,0.,0.));
#377 = ORIENTED_EDGE('',*,*,#378,.T.);
#378 = EDGE_CURVE('',#371,#379,#381,.T.);
#379 = VERTEX_POINT('',#380);
#380 = CARTESIAN_POINT('',(4.,-1.,4.7));
#381 = LINE('',#382,#383);
#382 = CARTESIAN_POINT('',(4.,1.,4.7));
#383 = VECTOR('',#384,1.);
#384 = DIRECTION('',(0.,-1.,0.));
#385 = ORIENTED_EDGE('',*,*,#386,.T.);
#386 = EDGE_CURVE('',#379,#361,#387,.T.);
#387 = LINE('',#388,#389);
#388 = CARTESIAN_POINT('',(4.,-1.,4.7));
#389 = VECTOR('',#390,1.);
#390 = DIRECTION('',(-1.,0.,0.));
#391 = PLANE('',#392);
#392 = AXIS2_PLACEMENT_3D('',#393,#394,#395);
#393 = CARTESIAN_POINT('',(2.000000000003,2.88258E-12,4.7));
#394 = DIRECTION('',(0.,0.,1.));
#395 = DIRECTION('',(1.,0.,-0.));
#396 = ADVANCED_FACE('',(#397),#415,.T.);
#397 = FACE_BOUND('',#398,.T.);
#398 = EDGE_LOOP('',(#399,#400,#401,#409));
#399 = ORIENTED_EDGE('',*,*,#167,.T.);
#400 = ORIENTED_EDGE('',*,*,#351,.T.);
#401 = ORIENTED_EDGE('',*,*,#402,.F.);
#402 = EDGE_CURVE('',#403,#344,#405,.T.);
#403 = VERTEX_POINT('',#404);
#404 = CARTESIAN_POINT('',(-1.849999999998,1.750000000002,4.3));
#405 = LINE('',#406,#407);
#406 = CARTESIAN_POINT('',(-1.849999999998,1.750000000002,4.3));
#407 = VECTOR('',#408,1.);
#408 = DIRECTION('',(0.,0.,1.));
#409 = ORIENTED_EDGE('',*,*,#410,.F.);
#410 = EDGE_CURVE('',#168,#403,#411,.T.);
#411 = LINE('',#412,#413);
#412 = CARTESIAN_POINT('',(-1.849999999998,1.350000000002,4.3));
#413 = VECTOR('',#414,1.);
#414 = DIRECTION('',(0.,1.,0.));
#415 = PLANE('',#416);
#416 = AXIS2_PLACEMENT_3D('',#417,#418,#419);
#417 = CARTESIAN_POINT('',(-1.849999999998,1.350000000002,4.3));
#418 = DIRECTION('',(-1.,0.,0.));
#419 = DIRECTION('',(0.,1.,0.));
#420 = ADVANCED_FACE('',(#421,#501),#535,.F.);
#421 = FACE_BOUND('',#422,.F.);
#422 = EDGE_LOOP('',(#423,#429,#437,#445,#453,#461,#469,#477,#485,#493,
    #499,#500));
#423 = ORIENTED_EDGE('',*,*,#424,.F.);
#424 = EDGE_CURVE('',#255,#73,#425,.T.);
#425 = LINE('',#426,#427);
#426 = CARTESIAN_POINT('',(-1.899999999998,-1.349999999998,4.3));
#427 = VECTOR('',#428,1.);
#428 = DIRECTION('',(0.,1.,0.));
#429 = ORIENTED_EDGE('',*,*,#430,.T.);
#430 = EDGE_CURVE('',#255,#431,#433,.T.);
#431 = VERTEX_POINT('',#432);
#432 = CARTESIAN_POINT('',(-1.849999999996,-1.349999999998,4.3));
#433 = LINE('',#434,#435);
#434 = CARTESIAN_POINT('',(-1.899999999998,-1.349999999998,4.3));
#435 = VECTOR('',#436,1.);
#436 = DIRECTION('',(1.,0.,0.));
#437 = ORIENTED_EDGE('',*,*,#438,.T.);
#438 = EDGE_CURVE('',#431,#439,#441,.T.);
#439 = VERTEX_POINT('',#440);
#440 = CARTESIAN_POINT('',(-1.849999999996,-1.749999999998,4.3));
#441 = LINE('',#442,#443);
#442 = CARTESIAN_POINT('',(-1.849999999996,-1.349999999998,4.3));
#443 = VECTOR('',#444,1.);
#444 = DIRECTION('',(0.,-1.,0.));
#445 = ORIENTED_EDGE('',*,*,#446,.T.);
#446 = EDGE_CURVE('',#439,#447,#449,.T.);
#447 = VERTEX_POINT('',#448);
#448 = CARTESIAN_POINT('',(5.849999999996,-1.749999999998,4.3));
#449 = LINE('',#450,#451);
#450 = CARTESIAN_POINT('',(-1.849999999996,-1.749999999998,4.3));
#451 = VECTOR('',#452,1.);
#452 = DIRECTION('',(1.,0.,0.));
#453 = ORIENTED_EDGE('',*,*,#454,.T.);
#454 = EDGE_CURVE('',#447,#455,#457,.T.);
#455 = VERTEX_POINT('',#456);
#456 = CARTESIAN_POINT('',(5.849999999996,-1.349999999996,4.3));
#457 = LINE('',#458,#459);
#458 = CARTESIAN_POINT('',(5.849999999996,-1.749999999998,4.3));
#459 = VECTOR('',#460,1.);
#460 = DIRECTION('',(0.,1.,0.));
#461 = ORIENTED_EDGE('',*,*,#462,.T.);
#462 = EDGE_CURVE('',#455,#463,#465,.T.);
#463 = VERTEX_POINT('',#464);
#464 = CARTESIAN_POINT('',(5.900000000002,-1.349999999996,4.3));
#465 = LINE('',#466,#467);
#466 = CARTESIAN_POINT('',(5.849999999996,-1.349999999996,4.3));
#467 = VECTOR('',#468,1.);
#468 = DIRECTION('',(1.,0.,0.));
#469 = ORIENTED_EDGE('',*,*,#470,.T.);
#470 = EDGE_CURVE('',#463,#471,#473,.T.);
#471 = VERTEX_POINT('',#472);
#472 = CARTESIAN_POINT('',(5.900000000002,1.349999999996,4.3));
#473 = LINE('',#474,#475);
#474 = CARTESIAN_POINT('',(5.900000000002,-1.349999999996,4.3));
#475 = VECTOR('',#476,1.);
#476 = DIRECTION('',(0.,1.,0.));
#477 = ORIENTED_EDGE('',*,*,#478,.T.);
#478 = EDGE_CURVE('',#471,#479,#481,.T.);
#479 = VERTEX_POINT('',#480);
#480 = CARTESIAN_POINT('',(5.850000000047,1.349999999996,4.3));
#481 = LINE('',#482,#483);
#482 = CARTESIAN_POINT('',(5.900000000002,1.349999999996,4.3));
#483 = VECTOR('',#484,1.);
#484 = DIRECTION('',(-1.,0.,0.));
#485 = ORIENTED_EDGE('',*,*,#486,.T.);
#486 = EDGE_CURVE('',#479,#487,#489,.T.);
#487 = VERTEX_POINT('',#488);
#488 = CARTESIAN_POINT('',(5.850000000047,1.750000000002,4.3));
#489 = LINE('',#490,#491);
#490 = CARTESIAN_POINT('',(5.850000000047,1.349999999996,4.3));
#491 = VECTOR('',#492,1.);
#492 = DIRECTION('',(0.,1.,0.));
#493 = ORIENTED_EDGE('',*,*,#494,.T.);
#494 = EDGE_CURVE('',#487,#403,#495,.T.);
#495 = LINE('',#496,#497);
#496 = CARTESIAN_POINT('',(5.850000000047,1.750000000002,4.3));
#497 = VECTOR('',#498,1.);
#498 = DIRECTION('',(-1.,0.,0.));
#499 = ORIENTED_EDGE('',*,*,#410,.F.);
#500 = ORIENTED_EDGE('',*,*,#184,.T.);
#501 = FACE_BOUND('',#502,.F.);
#502 = EDGE_LOOP('',(#503,#513,#521,#529));
#503 = ORIENTED_EDGE('',*,*,#504,.T.);
#504 = EDGE_CURVE('',#505,#507,#509,.T.);
#505 = VERTEX_POINT('',#506);
#506 = CARTESIAN_POINT('',(0.,-1.,4.3));
#507 = VERTEX_POINT('',#508);
#508 = CARTESIAN_POINT('',(0.,1.,4.3));
#509 = LINE('',#510,#511);
#510 = CARTESIAN_POINT('',(0.,-0.499999999999,4.3));
#511 = VECTOR('',#512,1.);
#512 = DIRECTION('',(0.,1.,0.));
#513 = ORIENTED_EDGE('',*,*,#514,.T.);
#514 = EDGE_CURVE('',#507,#515,#517,.T.);
#515 = VERTEX_POINT('',#516);
#516 = CARTESIAN_POINT('',(4.,1.,4.3));
#517 = LINE('',#518,#519);
#518 = CARTESIAN_POINT('',(1.000000000002,1.,4.3));
#519 = VECTOR('',#520,1.);
#520 = DIRECTION('',(1.,0.,0.));
#521 = ORIENTED_EDGE('',*,*,#522,.T.);
#522 = EDGE_CURVE('',#515,#523,#525,.T.);
#523 = VERTEX_POINT('',#524);
#524 = CARTESIAN_POINT('',(4.,-1.,4.3));
#525 = LINE('',#526,#527);
#526 = CARTESIAN_POINT('',(4.,0.500000000001,4.3));
#527 = VECTOR('',#528,1.);
#528 = DIRECTION('',(0.,-1.,0.));
#529 = ORIENTED_EDGE('',*,*,#530,.T.);
#530 = EDGE_CURVE('',#523,#505,#531,.T.);
#531 = LINE('',#532,#533);
#532 = CARTESIAN_POINT('',(3.000000000002,-1.,4.3));
#533 = VECTOR('',#534,1.);
#534 = DIRECTION('',(-1.,0.,0.));
#535 = PLANE('',#536);
#536 = AXIS2_PLACEMENT_3D('',#537,#538,#539);
#537 = CARTESIAN_POINT('',(2.000000000003,2.88258E-12,4.3));
#538 = DIRECTION('',(0.,0.,1.));
#539 = DIRECTION('',(1.,0.,-0.));
#540 = ADVANCED_FACE('',(#541),#559,.F.);
#541 = FACE_BOUND('',#542,.F.);
#542 = EDGE_LOOP('',(#543,#551,#557,#558));
#543 = ORIENTED_EDGE('',*,*,#544,.T.);
#544 = EDGE_CURVE('',#199,#545,#547,.T.);
#545 = VERTEX_POINT('',#546);
#546 = CARTESIAN_POINT('',(-2.299999999998,-1.349999999998,3.9));
#547 = LINE('',#548,#549);
#548 = CARTESIAN_POINT('',(-2.299999999998,-1.349999999998,4.3));
#549 = VECTOR('',#550,1.);
#550 = DIRECTION('',(0.,0.,-1.));
#551 = ORIENTED_EDGE('',*,*,#552,.T.);
#552 = EDGE_CURVE('',#545,#231,#553,.T.);
#553 = LINE('',#554,#555);
#554 = CARTESIAN_POINT('',(-2.299999999998,-1.349999999998,3.9));
#555 = VECTOR('',#556,1.);
#556 = DIRECTION('',(0.,1.,0.));
#557 = ORIENTED_EDGE('',*,*,#238,.F.);
#558 = ORIENTED_EDGE('',*,*,#208,.F.);
#559 = PLANE('',#560);
#560 = AXIS2_PLACEMENT_3D('',#561,#562,#563);
#561 = CARTESIAN_POINT('',(-2.299999999998,-1.349999999998,4.3));
#562 = DIRECTION('',(1.,0.,0.));
#563 = DIRECTION('',(-0.,1.,0.));
#564 = ADVANCED_FACE('',(#565),#583,.T.);
#565 = FACE_BOUND('',#566,.T.);
#566 = EDGE_LOOP('',(#567,#575,#581,#582));
#567 = ORIENTED_EDGE('',*,*,#568,.T.);
#568 = EDGE_CURVE('',#255,#569,#571,.T.);
#569 = VERTEX_POINT('',#570);
#570 = CARTESIAN_POINT('',(-1.899999999998,-1.349999999998,3.9));
#571 = LINE('',#572,#573);
#572 = CARTESIAN_POINT('',(-1.899999999998,-1.349999999998,4.3));
#573 = VECTOR('',#574,1.);
#574 = DIRECTION('',(0.,0.,-1.));
#575 = ORIENTED_EDGE('',*,*,#576,.T.);
#576 = EDGE_CURVE('',#569,#223,#577,.T.);
#577 = LINE('',#578,#579);
#578 = CARTESIAN_POINT('',(-1.899999999998,-1.349999999998,3.9));
#579 = VECTOR('',#580,1.);
#580 = DIRECTION('',(0.,1.,0.));
#581 = ORIENTED_EDGE('',*,*,#222,.F.);
#582 = ORIENTED_EDGE('',*,*,#424,.F.);
#583 = PLANE('',#584);
#584 = AXIS2_PLACEMENT_3D('',#585,#586,#587);
#585 = CARTESIAN_POINT('',(-1.899999999998,-1.349999999998,4.3));
#586 = DIRECTION('',(1.,0.,0.));
#587 = DIRECTION('',(-0.,1.,0.));
#588 = ADVANCED_FACE('',(#589),#614,.T.);
#589 = FACE_BOUND('',#590,.T.);
#590 = EDGE_LOOP('',(#591,#599,#607,#613));
#591 = ORIENTED_EDGE('',*,*,#592,.T.);
#592 = EDGE_CURVE('',#223,#593,#595,.T.);
#593 = VERTEX_POINT('',#594);
#594 = CARTESIAN_POINT('',(-1.899999999998,2.150000000002,3.9));
#595 = LINE('',#596,#597);
#596 = CARTESIAN_POINT('',(-1.899999999998,1.350000000002,3.9));
#597 = VECTOR('',#598,1.);
#598 = DIRECTION('',(0.,1.,0.));
#599 = ORIENTED_EDGE('',*,*,#600,.T.);
#600 = EDGE_CURVE('',#593,#601,#603,.T.);
#601 = VERTEX_POINT('',#602);
#602 = CARTESIAN_POINT('',(-2.299999999998,2.150000000002,3.9));
#603 = LINE('',#604,#605);
#604 = CARTESIAN_POINT('',(-1.899999999998,2.150000000002,3.9));
#605 = VECTOR('',#606,1.);
#606 = DIRECTION('',(-1.,0.,0.));
#607 = ORIENTED_EDGE('',*,*,#608,.F.);
#608 = EDGE_CURVE('',#231,#601,#609,.T.);
#609 = LINE('',#610,#611);
#610 = CARTESIAN_POINT('',(-2.299999999998,1.350000000002,3.9));
#611 = VECTOR('',#612,1.);
#612 = DIRECTION('',(0.,1.,0.));
#613 = ORIENTED_EDGE('',*,*,#230,.F.);
#614 = PLANE('',#615);
#615 = AXIS2_PLACEMENT_3D('',#616,#617,#618);
#616 = CARTESIAN_POINT('',(-1.899999999998,1.350000000002,3.9));
#617 = DIRECTION('',(0.,0.,1.));
#618 = DIRECTION('',(-1.,0.,0.));
#619 = ADVANCED_FACE('',(#620),#631,.F.);
#620 = FACE_BOUND('',#621,.F.);
#621 = EDGE_LOOP('',(#622,#623,#624,#630));
#622 = ORIENTED_EDGE('',*,*,#254,.T.);
#623 = ORIENTED_EDGE('',*,*,#279,.T.);
#624 = ORIENTED_EDGE('',*,*,#625,.F.);
#625 = EDGE_CURVE('',#431,#280,#626,.T.);
#626 = LINE('',#627,#628);
#627 = CARTESIAN_POINT('',(-1.849999999996,-1.349999999998,4.3));
#628 = VECTOR('',#629,1.);
#629 = DIRECTION('',(0.,0.,1.));
#630 = ORIENTED_EDGE('',*,*,#430,.F.);
#631 = PLANE('',#632);
#632 = AXIS2_PLACEMENT_3D('',#633,#634,#635);
#633 = CARTESIAN_POINT('',(-1.899999999998,-1.349999999998,4.3));
#634 = DIRECTION('',(0.,1.,0.));
#635 = DIRECTION('',(1.,0.,0.));
#636 = ADVANCED_FACE('',(#637),#648,.F.);
#637 = FACE_BOUND('',#638,.F.);
#638 = EDGE_LOOP('',(#639,#640,#646,#647));
#639 = ORIENTED_EDGE('',*,*,#568,.T.);
#640 = ORIENTED_EDGE('',*,*,#641,.T.);
#641 = EDGE_CURVE('',#569,#545,#642,.T.);
#642 = LINE('',#643,#644);
#643 = CARTESIAN_POINT('',(-1.899999999998,-1.349999999998,3.9));
#644 = VECTOR('',#645,1.);
#645 = DIRECTION('',(-1.,0.,0.));
#646 = ORIENTED_EDGE('',*,*,#544,.F.);
#647 = ORIENTED_EDGE('',*,*,#262,.F.);
#648 = PLANE('',#649);
#649 = AXIS2_PLACEMENT_3D('',#650,#651,#652);
#650 = CARTESIAN_POINT('',(-1.899999999998,-1.349999999998,4.3));
#651 = DIRECTION('',(0.,1.,0.));
#652 = DIRECTION('',(-1.,0.,0.));
#653 = ADVANCED_FACE('',(#654),#665,.F.);
#654 = FACE_BOUND('',#655,.F.);
#655 = EDGE_LOOP('',(#656,#657,#658,#664));
#656 = ORIENTED_EDGE('',*,*,#625,.T.);
#657 = ORIENTED_EDGE('',*,*,#287,.T.);
#658 = ORIENTED_EDGE('',*,*,#659,.F.);
#659 = EDGE_CURVE('',#439,#288,#660,.T.);
#660 = LINE('',#661,#662);
#661 = CARTESIAN_POINT('',(-1.849999999996,-1.749999999998,4.3));
#662 = VECTOR('',#663,1.);
#663 = DIRECTION('',(0.,0.,1.));
#664 = ORIENTED_EDGE('',*,*,#438,.F.);
#665 = PLANE('',#666);
#666 = AXIS2_PLACEMENT_3D('',#667,#668,#669);
#667 = CARTESIAN_POINT('',(-1.849999999996,-1.349999999998,4.3));
#668 = DIRECTION('',(1.,0.,0.));
#669 = DIRECTION('',(0.,-1.,0.));
#670 = ADVANCED_FACE('',(#671),#696,.T.);
#671 = FACE_BOUND('',#672,.T.);
#672 = EDGE_LOOP('',(#673,#681,#689,#695));
#673 = ORIENTED_EDGE('',*,*,#674,.T.);
#674 = EDGE_CURVE('',#288,#675,#677,.T.);
#675 = VERTEX_POINT('',#676);
#676 = CARTESIAN_POINT('',(-1.849999999996,-1.789999999998,4.7));
#677 = LINE('',#678,#679);
#678 = CARTESIAN_POINT('',(-1.849999999996,-1.749999999998,4.7));
#679 = VECTOR('',#680,1.);
#680 = DIRECTION('',(0.,-1.,0.));
#681 = ORIENTED_EDGE('',*,*,#682,.T.);
#682 = EDGE_CURVE('',#675,#683,#685,.T.);
#683 = VERTEX_POINT('',#684);
#684 = CARTESIAN_POINT('',(5.849999999996,-1.789999999998,4.7));
#685 = LINE('',#686,#687);
#686 = CARTESIAN_POINT('',(-1.849999999996,-1.789999999998,4.7));
#687 = VECTOR('',#688,1.);
#688 = DIRECTION('',(1.,0.,0.));
#689 = ORIENTED_EDGE('',*,*,#690,.F.);
#690 = EDGE_CURVE('',#296,#683,#691,.T.);
#691 = LINE('',#692,#693);
#692 = CARTESIAN_POINT('',(5.849999999996,-1.749999999998,4.7));
#693 = VECTOR('',#694,1.);
#694 = DIRECTION('',(0.,-1.,0.));
#695 = ORIENTED_EDGE('',*,*,#295,.F.);
#696 = PLANE('',#697);
#697 = AXIS2_PLACEMENT_3D('',#698,#699,#700);
#698 = CARTESIAN_POINT('',(-1.849999999996,-1.749999999998,4.7));
#699 = DIRECTION('',(0.,0.,1.));
#700 = DIRECTION('',(1.,0.,-0.));
#701 = ADVANCED_FACE('',(#702),#727,.T.);
#702 = FACE_BOUND('',#703,.T.);
#703 = EDGE_LOOP('',(#704,#712,#720,#726));
#704 = ORIENTED_EDGE('',*,*,#705,.T.);
#705 = EDGE_CURVE('',#336,#706,#708,.T.);
#706 = VERTEX_POINT('',#707);
#707 = CARTESIAN_POINT('',(5.850000000047,1.790000000002,4.7));
#708 = LINE('',#709,#710);
#709 = CARTESIAN_POINT('',(5.850000000047,1.750000000002,4.7));
#710 = VECTOR('',#711,1.);
#711 = DIRECTION('',(0.,1.,0.));
#712 = ORIENTED_EDGE('',*,*,#713,.T.);
#713 = EDGE_CURVE('',#706,#714,#716,.T.);
#714 = VERTEX_POINT('',#715);
#715 = CARTESIAN_POINT('',(-1.849999999998,1.790000000002,4.7));
#716 = LINE('',#717,#718);
#717 = CARTESIAN_POINT('',(5.850000000047,1.790000000002,4.7));
#718 = VECTOR('',#719,1.);
#719 = DIRECTION('',(-1.,0.,0.));
#720 = ORIENTED_EDGE('',*,*,#721,.F.);
#721 = EDGE_CURVE('',#344,#714,#722,.T.);
#722 = LINE('',#723,#724);
#723 = CARTESIAN_POINT('',(-1.849999999998,1.750000000002,4.7));
#724 = VECTOR('',#725,1.);
#725 = DIRECTION('',(0.,1.,0.));
#726 = ORIENTED_EDGE('',*,*,#343,.F.);
#727 = PLANE('',#728);
#728 = AXIS2_PLACEMENT_3D('',#729,#730,#731);
#729 = CARTESIAN_POINT('',(5.850000000047,1.750000000002,4.7));
#730 = DIRECTION('',(0.,0.,1.));
#731 = DIRECTION('',(-1.,0.,0.));
#732 = ADVANCED_FACE('',(#733),#749,.F.);
#733 = FACE_BOUND('',#734,.F.);
#734 = EDGE_LOOP('',(#735,#741,#742,#748));
#735 = ORIENTED_EDGE('',*,*,#736,.T.);
#736 = EDGE_CURVE('',#447,#296,#737,.T.);
#737 = LINE('',#738,#739);
#738 = CARTESIAN_POINT('',(5.849999999996,-1.749999999998,4.3));
#739 = VECTOR('',#740,1.);
#740 = DIRECTION('',(0.,0.,1.));
#741 = ORIENTED_EDGE('',*,*,#303,.T.);
#742 = ORIENTED_EDGE('',*,*,#743,.F.);
#743 = EDGE_CURVE('',#455,#304,#744,.T.);
#744 = LINE('',#745,#746);
#745 = CARTESIAN_POINT('',(5.849999999996,-1.349999999996,4.3));
#746 = VECTOR('',#747,1.);
#747 = DIRECTION('',(0.,0.,1.));
#748 = ORIENTED_EDGE('',*,*,#454,.F.);
#749 = PLANE('',#750);
#750 = AXIS2_PLACEMENT_3D('',#751,#752,#753);
#751 = CARTESIAN_POINT('',(5.849999999996,-1.749999999998,4.3));
#752 = DIRECTION('',(-1.,0.,0.));
#753 = DIRECTION('',(0.,1.,0.));
#754 = ADVANCED_FACE('',(#755),#771,.F.);
#755 = FACE_BOUND('',#756,.F.);
#756 = EDGE_LOOP('',(#757,#763,#764,#770));
#757 = ORIENTED_EDGE('',*,*,#758,.T.);
#758 = EDGE_CURVE('',#479,#328,#759,.T.);
#759 = LINE('',#760,#761);
#760 = CARTESIAN_POINT('',(5.850000000047,1.349999999996,4.3));
#761 = VECTOR('',#762,1.);
#762 = DIRECTION('',(0.,0.,1.));
#763 = ORIENTED_EDGE('',*,*,#335,.T.);
#764 = ORIENTED_EDGE('',*,*,#765,.F.);
#765 = EDGE_CURVE('',#487,#336,#766,.T.);
#766 = LINE('',#767,#768);
#767 = CARTESIAN_POINT('',(5.850000000047,1.750000000002,4.3));
#768 = VECTOR('',#769,1.);
#769 = DIRECTION('',(0.,0.,1.));
#770 = ORIENTED_EDGE('',*,*,#486,.F.);
#771 = PLANE('',#772);
#772 = AXIS2_PLACEMENT_3D('',#773,#774,#775);
#773 = CARTESIAN_POINT('',(5.850000000047,1.349999999996,4.3));
#774 = DIRECTION('',(-1.,0.,0.));
#775 = DIRECTION('',(0.,1.,0.));
#776 = ADVANCED_FACE('',(#777),#788,.F.);
#777 = FACE_BOUND('',#778,.F.);
#778 = EDGE_LOOP('',(#779,#780,#781,#787));
#779 = ORIENTED_EDGE('',*,*,#743,.T.);
#780 = ORIENTED_EDGE('',*,*,#311,.T.);
#781 = ORIENTED_EDGE('',*,*,#782,.F.);
#782 = EDGE_CURVE('',#463,#312,#783,.T.);
#783 = LINE('',#784,#785);
#784 = CARTESIAN_POINT('',(5.900000000002,-1.349999999996,4.3));
#785 = VECTOR('',#786,1.);
#786 = DIRECTION('',(0.,0.,1.));
#787 = ORIENTED_EDGE('',*,*,#462,.F.);
#788 = PLANE('',#789);
#789 = AXIS2_PLACEMENT_3D('',#790,#791,#792);
#790 = CARTESIAN_POINT('',(5.849999999996,-1.349999999996,4.3));
#791 = DIRECTION('',(0.,1.,0.));
#792 = DIRECTION('',(1.,0.,0.));
#793 = ADVANCED_FACE('',(#794),#805,.F.);
#794 = FACE_BOUND('',#795,.F.);
#795 = EDGE_LOOP('',(#796,#802,#803,#804));
#796 = ORIENTED_EDGE('',*,*,#797,.T.);
#797 = EDGE_CURVE('',#471,#320,#798,.T.);
#798 = LINE('',#799,#800);
#799 = CARTESIAN_POINT('',(5.900000000002,1.349999999996,4.3));
#800 = VECTOR('',#801,1.);
#801 = DIRECTION('',(0.,0.,1.));
#802 = ORIENTED_EDGE('',*,*,#327,.T.);
#803 = ORIENTED_EDGE('',*,*,#758,.F.);
#804 = ORIENTED_EDGE('',*,*,#478,.F.);
#805 = PLANE('',#806);
#806 = AXIS2_PLACEMENT_3D('',#807,#808,#809);
#807 = CARTESIAN_POINT('',(5.900000000002,1.349999999996,4.3));
#808 = DIRECTION('',(0.,-1.,0.));
#809 = DIRECTION('',(-1.,0.,0.));
#810 = ADVANCED_FACE('',(#811),#836,.T.);
#811 = FACE_BOUND('',#812,.T.);
#812 = EDGE_LOOP('',(#813,#821,#829,#835));
#813 = ORIENTED_EDGE('',*,*,#814,.T.);
#814 = EDGE_CURVE('',#312,#815,#817,.T.);
#815 = VERTEX_POINT('',#816);
#816 = CARTESIAN_POINT('',(5.940000000002,-1.349999999996,4.7));
#817 = LINE('',#818,#819);
#818 = CARTESIAN_POINT('',(5.900000000002,-1.349999999996,4.7));
#819 = VECTOR('',#820,1.);
#820 = DIRECTION('',(1.,0.,0.));
#821 = ORIENTED_EDGE('',*,*,#822,.T.);
#822 = EDGE_CURVE('',#815,#823,#825,.T.);
#823 = VERTEX_POINT('',#824);
#824 = CARTESIAN_POINT('',(5.940000000002,1.349999999996,4.7));
#825 = LINE('',#826,#827);
#826 = CARTESIAN_POINT('',(5.940000000002,-1.349999999996,4.7));
#827 = VECTOR('',#828,1.);
#828 = DIRECTION('',(0.,1.,0.));
#829 = ORIENTED_EDGE('',*,*,#830,.F.);
#830 = EDGE_CURVE('',#320,#823,#831,.T.);
#831 = LINE('',#832,#833);
#832 = CARTESIAN_POINT('',(5.900000000002,1.349999999996,4.7));
#833 = VECTOR('',#834,1.);
#834 = DIRECTION('',(1.,0.,0.));
#835 = ORIENTED_EDGE('',*,*,#319,.F.);
#836 = PLANE('',#837);
#837 = AXIS2_PLACEMENT_3D('',#838,#839,#840);
#838 = CARTESIAN_POINT('',(5.900000000002,-1.349999999996,4.7));
#839 = DIRECTION('',(0.,0.,1.));
#840 = DIRECTION('',(0.,1.,0.));
#841 = ADVANCED_FACE('',(#842),#858,.T.);
#842 = FACE_BOUND('',#843,.T.);
#843 = EDGE_LOOP('',(#844,#845,#851,#852));
#844 = ORIENTED_EDGE('',*,*,#360,.F.);
#845 = ORIENTED_EDGE('',*,*,#846,.T.);
#846 = EDGE_CURVE('',#361,#505,#847,.T.);
#847 = LINE('',#848,#849);
#848 = CARTESIAN_POINT('',(0.,-1.,4.7));
#849 = VECTOR('',#850,1.);
#850 = DIRECTION('',(-0.,-0.,-1.));
#851 = ORIENTED_EDGE('',*,*,#504,.T.);
#852 = ORIENTED_EDGE('',*,*,#853,.F.);
#853 = EDGE_CURVE('',#363,#507,#854,.T.);
#854 = LINE('',#855,#856);
#855 = CARTESIAN_POINT('',(0.,1.,4.7));
#856 = VECTOR('',#857,1.);
#857 = DIRECTION('',(-0.,-0.,-1.));
#858 = PLANE('',#859);
#859 = AXIS2_PLACEMENT_3D('',#860,#861,#862);
#860 = CARTESIAN_POINT('',(0.,-1.,4.7));
#861 = DIRECTION('',(1.,0.,0.));
#862 = DIRECTION('',(-0.,1.,0.));
#863 = ADVANCED_FACE('',(#864),#875,.T.);
#864 = FACE_BOUND('',#865,.T.);
#865 = EDGE_LOOP('',(#866,#867,#873,#874));
#866 = ORIENTED_EDGE('',*,*,#386,.F.);
#867 = ORIENTED_EDGE('',*,*,#868,.T.);
#868 = EDGE_CURVE('',#379,#523,#869,.T.);
#869 = LINE('',#870,#871);
#870 = CARTESIAN_POINT('',(4.,-1.,4.7));
#871 = VECTOR('',#872,1.);
#872 = DIRECTION('',(-0.,-0.,-1.));
#873 = ORIENTED_EDGE('',*,*,#530,.T.);
#874 = ORIENTED_EDGE('',*,*,#846,.F.);
#875 = PLANE('',#876);
#876 = AXIS2_PLACEMENT_3D('',#877,#878,#879);
#877 = CARTESIAN_POINT('',(4.,-1.,4.7));
#878 = DIRECTION('',(0.,1.,0.));
#879 = DIRECTION('',(-1.,0.,0.));
#880 = ADVANCED_FACE('',(#881),#892,.T.);
#881 = FACE_BOUND('',#882,.T.);
#882 = EDGE_LOOP('',(#883,#884,#890,#891));
#883 = ORIENTED_EDGE('',*,*,#378,.F.);
#884 = ORIENTED_EDGE('',*,*,#885,.T.);
#885 = EDGE_CURVE('',#371,#515,#886,.T.);
#886 = LINE('',#887,#888);
#887 = CARTESIAN_POINT('',(4.,1.,4.7));
#888 = VECTOR('',#889,1.);
#889 = DIRECTION('',(-0.,-0.,-1.));
#890 = ORIENTED_EDGE('',*,*,#522,.T.);
#891 = ORIENTED_EDGE('',*,*,#868,.F.);
#892 = PLANE('',#893);
#893 = AXIS2_PLACEMENT_3D('',#894,#895,#896);
#894 = CARTESIAN_POINT('',(4.,1.,4.7));
#895 = DIRECTION('',(-1.,0.,0.));
#896 = DIRECTION('',(0.,-1.,0.));
#897 = ADVANCED_FACE('',(#898),#904,.T.);
#898 = FACE_BOUND('',#899,.T.);
#899 = EDGE_LOOP('',(#900,#901,#902,#903));
#900 = ORIENTED_EDGE('',*,*,#370,.F.);
#901 = ORIENTED_EDGE('',*,*,#853,.T.);
#902 = ORIENTED_EDGE('',*,*,#514,.T.);
#903 = ORIENTED_EDGE('',*,*,#885,.F.);
#904 = PLANE('',#905);
#905 = AXIS2_PLACEMENT_3D('',#906,#907,#908);
#906 = CARTESIAN_POINT('',(0.,1.,4.7));
#907 = DIRECTION('',(0.,-1.,0.));
#908 = DIRECTION('',(1.,0.,0.));
#909 = ADVANCED_FACE('',(#910),#937,.F.);
#910 = FACE_BOUND('',#911,.F.);
#911 = EDGE_LOOP('',(#912,#913,#914,#922,#930));
#912 = ORIENTED_EDGE('',*,*,#721,.F.);
#913 = ORIENTED_EDGE('',*,*,#402,.F.);
#914 = ORIENTED_EDGE('',*,*,#915,.T.);
#915 = EDGE_CURVE('',#403,#916,#918,.T.);
#916 = VERTEX_POINT('',#917);
#917 = CARTESIAN_POINT('',(-1.849999999998,2.150000000002,4.3));
#918 = LINE('',#919,#920);
#919 = CARTESIAN_POINT('',(-1.849999999998,1.750000000002,4.3));
#920 = VECTOR('',#921,1.);
#921 = DIRECTION('',(0.,1.,0.));
#922 = ORIENTED_EDGE('',*,*,#923,.T.);
#923 = EDGE_CURVE('',#916,#924,#926,.T.);
#924 = VERTEX_POINT('',#925);
#925 = CARTESIAN_POINT('',(-1.849999999998,2.150000000002,4.34));
#926 = LINE('',#927,#928);
#927 = CARTESIAN_POINT('',(-1.849999999998,2.150000000002,4.3));
#928 = VECTOR('',#929,1.);
#929 = DIRECTION('',(0.,0.,1.));
#930 = ORIENTED_EDGE('',*,*,#931,.F.);
#931 = EDGE_CURVE('',#714,#924,#932,.T.);
#932 = CIRCLE('',#933,0.36);
#933 = AXIS2_PLACEMENT_3D('',#934,#935,#936);
#934 = CARTESIAN_POINT('',(-1.849999999998,1.790000000002,4.34));
#935 = DIRECTION('',(-1.,0.,0.));
#936 = DIRECTION('',(0.,0.,-1.));
#937 = PLANE('',#938);
#938 = AXIS2_PLACEMENT_3D('',#939,#940,#941);
#939 = CARTESIAN_POINT('',(-1.849999999998,1.750000000002,4.3));
#940 = DIRECTION('',(1.,0.,0.));
#941 = DIRECTION('',(0.,0.,1.));
#942 = ADVANCED_FACE('',(#943,#984,#1018),#1052,.F.);
#943 = FACE_BOUND('',#944,.F.);
#944 = EDGE_LOOP('',(#945,#953,#961,#969,#977,#983));
#945 = ORIENTED_EDGE('',*,*,#946,.T.);
#946 = EDGE_CURVE('',#439,#947,#949,.T.);
#947 = VERTEX_POINT('',#948);
#948 = CARTESIAN_POINT('',(-1.849999999996,-1.749999999998,1.3));
#949 = LINE('',#950,#951);
#950 = CARTESIAN_POINT('',(-1.849999999996,-1.749999999998,4.3));
#951 = VECTOR('',#952,1.);
#952 = DIRECTION('',(-0.,-0.,-1.));
#953 = ORIENTED_EDGE('',*,*,#954,.T.);
#954 = EDGE_CURVE('',#947,#955,#957,.T.);
#955 = VERTEX_POINT('',#956);
#956 = CARTESIAN_POINT('',(-0.499999999996,-1.749999999998,1.3));
#957 = LINE('',#958,#959);
#958 = CARTESIAN_POINT('',(-1.849999999996,-1.749999999998,1.3));
#959 = VECTOR('',#960,1.);
#960 = DIRECTION('',(1.,0.,0.));
#961 = ORIENTED_EDGE('',*,*,#962,.T.);
#962 = EDGE_CURVE('',#955,#963,#965,.T.);
#963 = VERTEX_POINT('',#964);
#964 = CARTESIAN_POINT('',(4.499999999996,-1.749999999998,1.3));
#965 = LINE('',#966,#967);
#966 = CARTESIAN_POINT('',(-1.849999999996,-1.749999999998,1.3));
#967 = VECTOR('',#968,1.);
#968 = DIRECTION('',(1.,0.,0.));
#969 = ORIENTED_EDGE('',*,*,#970,.T.);
#970 = EDGE_CURVE('',#963,#971,#973,.T.);
#971 = VERTEX_POINT('',#972);
#972 = CARTESIAN_POINT('',(5.849999999996,-1.749999999998,1.3));
#973 = LINE('',#974,#975);
#974 = CARTESIAN_POINT('',(-1.849999999996,-1.749999999998,1.3));
#975 = VECTOR('',#976,1.);
#976 = DIRECTION('',(1.,0.,0.));
#977 = ORIENTED_EDGE('',*,*,#978,.F.);
#978 = EDGE_CURVE('',#447,#971,#979,.T.);
#979 = LINE('',#980,#981);
#980 = CARTESIAN_POINT('',(5.849999999996,-1.749999999998,4.3));
#981 = VECTOR('',#982,1.);
#982 = DIRECTION('',(-0.,-0.,-1.));
#983 = ORIENTED_EDGE('',*,*,#446,.F.);
#984 = FACE_BOUND('',#985,.F.);
#985 = EDGE_LOOP('',(#986,#996,#1004,#1012));
#986 = ORIENTED_EDGE('',*,*,#987,.F.);
#987 = EDGE_CURVE('',#988,#990,#992,.T.);
#988 = VERTEX_POINT('',#989);
#989 = CARTESIAN_POINT('',(1.2,-1.749999999998,3.5));
#990 = VERTEX_POINT('',#991);
#991 = CARTESIAN_POINT('',(0.6,-1.749999999998,3.5));
#992 = LINE('',#993,#994);
#993 = CARTESIAN_POINT('',(-0.624999999998,-1.749999999998,3.5));
#994 = VECTOR('',#995,1.);
#995 = DIRECTION('',(-1.,0.,0.));
#996 = ORIENTED_EDGE('',*,*,#997,.F.);
#997 = EDGE_CURVE('',#998,#988,#1000,.T.);
#998 = VERTEX_POINT('',#999);
#999 = CARTESIAN_POINT('',(1.2,-1.749999999998,2.1));
#1000 = LINE('',#1001,#1002);
#1001 = CARTESIAN_POINT('',(1.2,-1.749999999998,3.9));
#1002 = VECTOR('',#1003,1.);
#1003 = DIRECTION('',(0.,0.,1.));
#1004 = ORIENTED_EDGE('',*,*,#1005,.F.);
#1005 = EDGE_CURVE('',#1006,#998,#1008,.T.);
#1006 = VERTEX_POINT('',#1007);
#1007 = CARTESIAN_POINT('',(0.6,-1.749999999998,2.1));
#1008 = LINE('',#1009,#1010);
#1009 = CARTESIAN_POINT('',(-0.324999999998,-1.749999999998,2.1));
#1010 = VECTOR('',#1011,1.);
#1011 = DIRECTION('',(1.,0.,0.));
#1012 = ORIENTED_EDGE('',*,*,#1013,.F.);
#1013 = EDGE_CURVE('',#990,#1006,#1014,.T.);
#1014 = LINE('',#1015,#1016);
#1015 = CARTESIAN_POINT('',(0.6,-1.749999999998,3.2));
#1016 = VECTOR('',#1017,1.);
#1017 = DIRECTION('',(0.,0.,-1.));
#1018 = FACE_BOUND('',#1019,.F.);
#1019 = EDGE_LOOP('',(#1020,#1030,#1038,#1046));
#1020 = ORIENTED_EDGE('',*,*,#1021,.T.);
#1021 = EDGE_CURVE('',#1022,#1024,#1026,.T.);
#1022 = VERTEX_POINT('',#1023);
#1023 = CARTESIAN_POINT('',(2.8,-1.749999999998,2.1));
#1024 = VERTEX_POINT('',#1025);
#1025 = CARTESIAN_POINT('',(2.8,-1.749999999998,3.5));
#1026 = LINE('',#1027,#1028);
#1027 = CARTESIAN_POINT('',(2.8,-1.749999999998,3.2));
#1028 = VECTOR('',#1029,1.);
#1029 = DIRECTION('',(0.,0.,1.));
#1030 = ORIENTED_EDGE('',*,*,#1031,.T.);
#1031 = EDGE_CURVE('',#1024,#1032,#1034,.T.);
#1032 = VERTEX_POINT('',#1033);
#1033 = CARTESIAN_POINT('',(3.400000000007,-1.749999999998,3.5));
#1034 = LINE('',#1035,#1036);
#1035 = CARTESIAN_POINT('',(0.475000000002,-1.749999999998,3.5));
#1036 = VECTOR('',#1037,1.);
#1037 = DIRECTION('',(1.,0.,0.));
#1038 = ORIENTED_EDGE('',*,*,#1039,.T.);
#1039 = EDGE_CURVE('',#1032,#1040,#1042,.T.);
#1040 = VERTEX_POINT('',#1041);
#1041 = CARTESIAN_POINT('',(3.400000000007,-1.749999999998,2.1));
#1042 = LINE('',#1043,#1044);
#1043 = CARTESIAN_POINT('',(3.400000000007,-1.749999999998,3.9));
#1044 = VECTOR('',#1045,1.);
#1045 = DIRECTION('',(0.,0.,-1.));
#1046 = ORIENTED_EDGE('',*,*,#1047,.T.);
#1047 = EDGE_CURVE('',#1040,#1022,#1048,.T.);
#1048 = LINE('',#1049,#1050);
#1049 = CARTESIAN_POINT('',(0.775000000005,-1.749999999998,2.1));
#1050 = VECTOR('',#1051,1.);
#1051 = DIRECTION('',(-1.,0.,0.));
#1052 = PLANE('',#1053);
#1053 = AXIS2_PLACEMENT_3D('',#1054,#1055,#1056);
#1054 = CARTESIAN_POINT('',(-1.849999999996,-1.749999999998,4.3));
#1055 = DIRECTION('',(0.,-1.,0.));
#1056 = DIRECTION('',(1.,0.,0.));
#1057 = ADVANCED_FACE('',(#1058),#1099,.F.);
#1058 = FACE_BOUND('',#1059,.F.);
#1059 = EDGE_LOOP('',(#1060,#1068,#1076,#1084,#1092,#1098));
#1060 = ORIENTED_EDGE('',*,*,#1061,.T.);
#1061 = EDGE_CURVE('',#487,#1062,#1064,.T.);
#1062 = VERTEX_POINT('',#1063);
#1063 = CARTESIAN_POINT('',(5.850000000047,1.750000000002,1.3));
#1064 = LINE('',#1065,#1066);
#1065 = CARTESIAN_POINT('',(5.850000000047,1.750000000002,4.3));
#1066 = VECTOR('',#1067,1.);
#1067 = DIRECTION('',(-0.,-0.,-1.));
#1068 = ORIENTED_EDGE('',*,*,#1069,.T.);
#1069 = EDGE_CURVE('',#1062,#1070,#1072,.T.);
#1070 = VERTEX_POINT('',#1071);
#1071 = CARTESIAN_POINT('',(4.499999999996,1.750000000002,1.3));
#1072 = LINE('',#1073,#1074);
#1073 = CARTESIAN_POINT('',(5.850000000047,1.750000000002,1.3));
#1074 = VECTOR('',#1075,1.);
#1075 = DIRECTION('',(-1.,0.,0.));
#1076 = ORIENTED_EDGE('',*,*,#1077,.T.);
#1077 = EDGE_CURVE('',#1070,#1078,#1080,.T.);
#1078 = VERTEX_POINT('',#1079);
#1079 = CARTESIAN_POINT('',(-0.499999999996,1.750000000002,1.3));
#1080 = LINE('',#1081,#1082);
#1081 = CARTESIAN_POINT('',(5.850000000047,1.750000000002,1.3));
#1082 = VECTOR('',#1083,1.);
#1083 = DIRECTION('',(-1.,0.,0.));
#1084 = ORIENTED_EDGE('',*,*,#1085,.T.);
#1085 = EDGE_CURVE('',#1078,#1086,#1088,.T.);
#1086 = VERTEX_POINT('',#1087);
#1087 = CARTESIAN_POINT('',(-1.849999999997,1.750000000002,1.3));
#1088 = LINE('',#1089,#1090);
#1089 = CARTESIAN_POINT('',(5.850000000047,1.750000000002,1.3));
#1090 = VECTOR('',#1091,1.);
#1091 = DIRECTION('',(-1.,0.,0.));
#1092 = ORIENTED_EDGE('',*,*,#1093,.F.);
#1093 = EDGE_CURVE('',#403,#1086,#1094,.T.);
#1094 = LINE('',#1095,#1096);
#1095 = CARTESIAN_POINT('',(-1.849999999998,1.750000000002,4.3));
#1096 = VECTOR('',#1097,1.);
#1097 = DIRECTION('',(-0.,-0.,-1.));
#1098 = ORIENTED_EDGE('',*,*,#494,.F.);
#1099 = PLANE('',#1100);
#1100 = AXIS2_PLACEMENT_3D('',#1101,#1102,#1103);
#1101 = CARTESIAN_POINT('',(5.850000000047,1.750000000002,4.3));
#1102 = DIRECTION('',(0.,1.,0.));
#1103 = DIRECTION('',(-1.,0.,0.));
#1104 = ADVANCED_FACE('',(#1105),#1130,.F.);
#1105 = FACE_BOUND('',#1106,.F.);
#1106 = EDGE_LOOP('',(#1107,#1115,#1123,#1129));
#1107 = ORIENTED_EDGE('',*,*,#1108,.T.);
#1108 = EDGE_CURVE('',#463,#1109,#1111,.T.);
#1109 = VERTEX_POINT('',#1110);
#1110 = CARTESIAN_POINT('',(5.900000000002,-1.349999999996,3.9));
#1111 = LINE('',#1112,#1113);
#1112 = CARTESIAN_POINT('',(5.900000000002,-1.349999999996,4.3));
#1113 = VECTOR('',#1114,1.);
#1114 = DIRECTION('',(0.,0.,-1.));
#1115 = ORIENTED_EDGE('',*,*,#1116,.T.);
#1116 = EDGE_CURVE('',#1109,#1117,#1119,.T.);
#1117 = VERTEX_POINT('',#1118);
#1118 = CARTESIAN_POINT('',(5.900000000002,1.349999999996,3.9));
#1119 = LINE('',#1120,#1121);
#1120 = CARTESIAN_POINT('',(5.900000000002,-1.349999999996,3.9));
#1121 = VECTOR('',#1122,1.);
#1122 = DIRECTION('',(0.,1.,0.));
#1123 = ORIENTED_EDGE('',*,*,#1124,.F.);
#1124 = EDGE_CURVE('',#471,#1117,#1125,.T.);
#1125 = LINE('',#1126,#1127);
#1126 = CARTESIAN_POINT('',(5.900000000002,1.349999999996,4.3));
#1127 = VECTOR('',#1128,1.);
#1128 = DIRECTION('',(0.,0.,-1.));
#1129 = ORIENTED_EDGE('',*,*,#470,.F.);
#1130 = PLANE('',#1131);
#1131 = AXIS2_PLACEMENT_3D('',#1132,#1133,#1134);
#1132 = CARTESIAN_POINT('',(5.900000000002,-1.349999999996,4.3));
#1133 = DIRECTION('',(1.,0.,0.));
#1134 = DIRECTION('',(-0.,1.,0.));
#1135 = ADVANCED_FACE('',(#1136),#1195,.F.);
#1136 = FACE_BOUND('',#1137,.F.);
#1137 = EDGE_LOOP('',(#1138,#1139,#1147,#1155,#1164,#1172,#1181,#1189));
#1138 = ORIENTED_EDGE('',*,*,#552,.F.);
#1139 = ORIENTED_EDGE('',*,*,#1140,.T.);
#1140 = EDGE_CURVE('',#545,#1141,#1143,.T.);
#1141 = VERTEX_POINT('',#1142);
#1142 = CARTESIAN_POINT('',(-2.299999999998,-1.349999999998,0.));
#1143 = LINE('',#1144,#1145);
#1144 = CARTESIAN_POINT('',(-2.299999999998,-1.349999999998,3.9));
#1145 = VECTOR('',#1146,1.);
#1146 = DIRECTION('',(0.,0.,-1.));
#1147 = ORIENTED_EDGE('',*,*,#1148,.T.);
#1148 = EDGE_CURVE('',#1141,#1149,#1151,.T.);
#1149 = VERTEX_POINT('',#1150);
#1150 = CARTESIAN_POINT('',(-2.299999999998,-1.249999999997,0.));
#1151 = LINE('',#1152,#1153);
#1152 = CARTESIAN_POINT('',(-2.299999999998,-1.349999999998,
    -1.110223024625E-16));
#1153 = VECTOR('',#1154,1.);
#1154 = DIRECTION('',(0.,1.,0.));
#1155 = ORIENTED_EDGE('',*,*,#1156,.T.);
#1156 = EDGE_CURVE('',#1149,#1157,#1159,.T.);
#1157 = VERTEX_POINT('',#1158);
#1158 = CARTESIAN_POINT('',(-2.299999999998,-0.4,0.));
#1159 = CIRCLE('',#1160,0.424999999999);
#1160 = AXIS2_PLACEMENT_3D('',#1161,#1162,#1163);
#1161 = CARTESIAN_POINT('',(-2.299999999998,-0.824999999999,0.));
#1162 = DIRECTION('',(-1.,0.,0.));
#1163 = DIRECTION('',(0.,-1.,0.));
#1164 = ORIENTED_EDGE('',*,*,#1165,.T.);
#1165 = EDGE_CURVE('',#1157,#1166,#1168,.T.);
#1166 = VERTEX_POINT('',#1167);
#1167 = CARTESIAN_POINT('',(-2.299999999998,0.4,0.));
#1168 = LINE('',#1169,#1170);
#1169 = CARTESIAN_POINT('',(-2.299999999998,-1.349999999998,
    -1.110223024625E-16));
#1170 = VECTOR('',#1171,1.);
#1171 = DIRECTION('',(0.,1.,0.));
#1172 = ORIENTED_EDGE('',*,*,#1173,.T.);
#1173 = EDGE_CURVE('',#1166,#1174,#1176,.T.);
#1174 = VERTEX_POINT('',#1175);
#1175 = CARTESIAN_POINT('',(-2.299999999998,1.250000000002,0.));
#1176 = CIRCLE('',#1177,0.425000000001);
#1177 = AXIS2_PLACEMENT_3D('',#1178,#1179,#1180);
#1178 = CARTESIAN_POINT('',(-2.299999999998,0.825000000001,0.));
#1179 = DIRECTION('',(-1.,0.,0.));
#1180 = DIRECTION('',(0.,-1.,0.));
#1181 = ORIENTED_EDGE('',*,*,#1182,.T.);
#1182 = EDGE_CURVE('',#1174,#1183,#1185,.T.);
#1183 = VERTEX_POINT('',#1184);
#1184 = CARTESIAN_POINT('',(-2.299999999998,1.350000000002,0.));
#1185 = LINE('',#1186,#1187);
#1186 = CARTESIAN_POINT('',(-2.299999999998,-1.349999999998,
    -1.110223024625E-16));
#1187 = VECTOR('',#1188,1.);
#1188 = DIRECTION('',(0.,1.,0.));
#1189 = ORIENTED_EDGE('',*,*,#1190,.F.);
#1190 = EDGE_CURVE('',#231,#1183,#1191,.T.);
#1191 = LINE('',#1192,#1193);
#1192 = CARTESIAN_POINT('',(-2.299999999998,1.350000000002,3.9));
#1193 = VECTOR('',#1194,1.);
#1194 = DIRECTION('',(0.,0.,-1.));
#1195 = PLANE('',#1196);
#1196 = AXIS2_PLACEMENT_3D('',#1197,#1198,#1199);
#1197 = CARTESIAN_POINT('',(-2.299999999998,-1.349999999998,3.9));
#1198 = DIRECTION('',(1.,0.,0.));
#1199 = DIRECTION('',(-0.,1.,0.));
#1200 = ADVANCED_FACE('',(#1201),#1260,.T.);
#1201 = FACE_BOUND('',#1202,.T.);
#1202 = EDGE_LOOP('',(#1203,#1204,#1212,#1220,#1229,#1237,#1246,#1254));
#1203 = ORIENTED_EDGE('',*,*,#576,.F.);
#1204 = ORIENTED_EDGE('',*,*,#1205,.T.);
#1205 = EDGE_CURVE('',#569,#1206,#1208,.T.);
#1206 = VERTEX_POINT('',#1207);
#1207 = CARTESIAN_POINT('',(-1.899999999998,-1.349999999998,0.));
#1208 = LINE('',#1209,#1210);
#1209 = CARTESIAN_POINT('',(-1.899999999998,-1.349999999998,3.9));
#1210 = VECTOR('',#1211,1.);
#1211 = DIRECTION('',(0.,0.,-1.));
#1212 = ORIENTED_EDGE('',*,*,#1213,.T.);
#1213 = EDGE_CURVE('',#1206,#1214,#1216,.T.);
#1214 = VERTEX_POINT('',#1215);
#1215 = CARTESIAN_POINT('',(-1.899999999998,-1.249999999997,0.));
#1216 = LINE('',#1217,#1218);
#1217 = CARTESIAN_POINT('',(-1.899999999998,-1.349999999998,
    -1.110223024625E-16));
#1218 = VECTOR('',#1219,1.);
#1219 = DIRECTION('',(0.,1.,0.));
#1220 = ORIENTED_EDGE('',*,*,#1221,.T.);
#1221 = EDGE_CURVE('',#1214,#1222,#1224,.T.);
#1222 = VERTEX_POINT('',#1223);
#1223 = CARTESIAN_POINT('',(-1.899999999998,-0.4,0.));
#1224 = CIRCLE('',#1225,0.424999999999);
#1225 = AXIS2_PLACEMENT_3D('',#1226,#1227,#1228);
#1226 = CARTESIAN_POINT('',(-1.899999999998,-0.824999999999,0.));
#1227 = DIRECTION('',(-1.,0.,0.));
#1228 = DIRECTION('',(0.,-1.,0.));
#1229 = ORIENTED_EDGE('',*,*,#1230,.T.);
#1230 = EDGE_CURVE('',#1222,#1231,#1233,.T.);
#1231 = VERTEX_POINT('',#1232);
#1232 = CARTESIAN_POINT('',(-1.899999999998,0.4,0.));
#1233 = LINE('',#1234,#1235);
#1234 = CARTESIAN_POINT('',(-1.899999999998,-1.349999999998,
    -1.110223024625E-16));
#1235 = VECTOR('',#1236,1.);
#1236 = DIRECTION('',(0.,1.,0.));
#1237 = ORIENTED_EDGE('',*,*,#1238,.T.);
#1238 = EDGE_CURVE('',#1231,#1239,#1241,.T.);
#1239 = VERTEX_POINT('',#1240);
#1240 = CARTESIAN_POINT('',(-1.899999999998,1.250000000002,0.));
#1241 = CIRCLE('',#1242,0.425000000001);
#1242 = AXIS2_PLACEMENT_3D('',#1243,#1244,#1245);
#1243 = CARTESIAN_POINT('',(-1.899999999998,0.825000000001,0.));
#1244 = DIRECTION('',(-1.,0.,0.));
#1245 = DIRECTION('',(0.,-1.,0.));
#1246 = ORIENTED_EDGE('',*,*,#1247,.T.);
#1247 = EDGE_CURVE('',#1239,#1248,#1250,.T.);
#1248 = VERTEX_POINT('',#1249);
#1249 = CARTESIAN_POINT('',(-1.899999999998,1.350000000002,0.));
#1250 = LINE('',#1251,#1252);
#1251 = CARTESIAN_POINT('',(-1.899999999998,-1.349999999998,
    -1.110223024625E-16));
#1252 = VECTOR('',#1253,1.);
#1253 = DIRECTION('',(0.,1.,0.));
#1254 = ORIENTED_EDGE('',*,*,#1255,.F.);
#1255 = EDGE_CURVE('',#223,#1248,#1256,.T.);
#1256 = LINE('',#1257,#1258);
#1257 = CARTESIAN_POINT('',(-1.899999999998,1.350000000002,3.9));
#1258 = VECTOR('',#1259,1.);
#1259 = DIRECTION('',(0.,0.,-1.));
#1260 = PLANE('',#1261);
#1261 = AXIS2_PLACEMENT_3D('',#1262,#1263,#1264);
#1262 = CARTESIAN_POINT('',(-1.899999999998,-1.349999999998,3.9));
#1263 = DIRECTION('',(1.,0.,0.));
#1264 = DIRECTION('',(-0.,1.,0.));
#1265 = ADVANCED_FACE('',(#1266),#1284,.F.);
#1266 = FACE_BOUND('',#1267,.F.);
#1267 = EDGE_LOOP('',(#1268,#1269,#1277,#1283));
#1268 = ORIENTED_EDGE('',*,*,#592,.T.);
#1269 = ORIENTED_EDGE('',*,*,#1270,.T.);
#1270 = EDGE_CURVE('',#593,#1271,#1273,.T.);
#1271 = VERTEX_POINT('',#1272);
#1272 = CARTESIAN_POINT('',(-1.899999999998,2.150000000002,0.));
#1273 = LINE('',#1274,#1275);
#1274 = CARTESIAN_POINT('',(-1.899999999998,2.150000000002,3.9));
#1275 = VECTOR('',#1276,1.);
#1276 = DIRECTION('',(0.,0.,-1.));
#1277 = ORIENTED_EDGE('',*,*,#1278,.F.);
#1278 = EDGE_CURVE('',#1248,#1271,#1279,.T.);
#1279 = LINE('',#1280,#1281);
#1280 = CARTESIAN_POINT('',(-1.899999999998,1.350000000002,0.));
#1281 = VECTOR('',#1282,1.);
#1282 = DIRECTION('',(0.,1.,0.));
#1283 = ORIENTED_EDGE('',*,*,#1255,.F.);
#1284 = PLANE('',#1285);
#1285 = AXIS2_PLACEMENT_3D('',#1286,#1287,#1288);
#1286 = CARTESIAN_POINT('',(-1.899999999998,1.350000000002,3.9));
#1287 = DIRECTION('',(-1.,0.,0.));
#1288 = DIRECTION('',(0.,0.,-1.));
#1289 = ADVANCED_FACE('',(#1290),#1308,.T.);
#1290 = FACE_BOUND('',#1291,.T.);
#1291 = EDGE_LOOP('',(#1292,#1293,#1301,#1307));
#1292 = ORIENTED_EDGE('',*,*,#608,.T.);
#1293 = ORIENTED_EDGE('',*,*,#1294,.T.);
#1294 = EDGE_CURVE('',#601,#1295,#1297,.T.);
#1295 = VERTEX_POINT('',#1296);
#1296 = CARTESIAN_POINT('',(-2.299999999998,2.150000000002,0.));
#1297 = LINE('',#1298,#1299);
#1298 = CARTESIAN_POINT('',(-2.299999999998,2.150000000002,3.9));
#1299 = VECTOR('',#1300,1.);
#1300 = DIRECTION('',(0.,0.,-1.));
#1301 = ORIENTED_EDGE('',*,*,#1302,.F.);
#1302 = EDGE_CURVE('',#1183,#1295,#1303,.T.);
#1303 = LINE('',#1304,#1305);
#1304 = CARTESIAN_POINT('',(-2.299999999998,1.350000000002,0.));
#1305 = VECTOR('',#1306,1.);
#1306 = DIRECTION('',(0.,1.,0.));
#1307 = ORIENTED_EDGE('',*,*,#1190,.F.);
#1308 = PLANE('',#1309);
#1309 = AXIS2_PLACEMENT_3D('',#1310,#1311,#1312);
#1310 = CARTESIAN_POINT('',(-2.299999999998,1.350000000002,3.9));
#1311 = DIRECTION('',(-1.,0.,0.));
#1312 = DIRECTION('',(0.,0.,-1.));
#1313 = ADVANCED_FACE('',(#1314),#1325,.T.);
#1314 = FACE_BOUND('',#1315,.T.);
#1315 = EDGE_LOOP('',(#1316,#1317,#1323,#1324));
#1316 = ORIENTED_EDGE('',*,*,#1270,.T.);
#1317 = ORIENTED_EDGE('',*,*,#1318,.T.);
#1318 = EDGE_CURVE('',#1271,#1295,#1319,.T.);
#1319 = LINE('',#1320,#1321);
#1320 = CARTESIAN_POINT('',(-1.899999999998,2.150000000002,
    -1.110223024625E-16));
#1321 = VECTOR('',#1322,1.);
#1322 = DIRECTION('',(-1.,0.,0.));
#1323 = ORIENTED_EDGE('',*,*,#1294,.F.);
#1324 = ORIENTED_EDGE('',*,*,#600,.F.);
#1325 = PLANE('',#1326);
#1326 = AXIS2_PLACEMENT_3D('',#1327,#1328,#1329);
#1327 = CARTESIAN_POINT('',(-1.899999999998,2.150000000002,3.9));
#1328 = DIRECTION('',(0.,1.,0.));
#1329 = DIRECTION('',(-1.,0.,0.));
#1330 = ADVANCED_FACE('',(#1331),#1356,.F.);
#1331 = FACE_BOUND('',#1332,.F.);
#1332 = EDGE_LOOP('',(#1333,#1341,#1349,#1355));
#1333 = ORIENTED_EDGE('',*,*,#1334,.T.);
#1334 = EDGE_CURVE('',#569,#1335,#1337,.T.);
#1335 = VERTEX_POINT('',#1336);
#1336 = CARTESIAN_POINT('',(-1.899999999998,-2.149999999998,3.9));
#1337 = LINE('',#1338,#1339);
#1338 = CARTESIAN_POINT('',(-1.899999999998,-1.349999999998,3.9));
#1339 = VECTOR('',#1340,1.);
#1340 = DIRECTION('',(0.,-1.,0.));
#1341 = ORIENTED_EDGE('',*,*,#1342,.T.);
#1342 = EDGE_CURVE('',#1335,#1343,#1345,.T.);
#1343 = VERTEX_POINT('',#1344);
#1344 = CARTESIAN_POINT('',(-2.299999999998,-2.149999999998,3.9));
#1345 = LINE('',#1346,#1347);
#1346 = CARTESIAN_POINT('',(-1.899999999998,-2.149999999998,3.9));
#1347 = VECTOR('',#1348,1.);
#1348 = DIRECTION('',(-1.,0.,0.));
#1349 = ORIENTED_EDGE('',*,*,#1350,.F.);
#1350 = EDGE_CURVE('',#545,#1343,#1351,.T.);
#1351 = LINE('',#1352,#1353);
#1352 = CARTESIAN_POINT('',(-2.299999999998,-1.349999999998,3.9));
#1353 = VECTOR('',#1354,1.);
#1354 = DIRECTION('',(0.,-1.,0.));
#1355 = ORIENTED_EDGE('',*,*,#641,.F.);
#1356 = PLANE('',#1357);
#1357 = AXIS2_PLACEMENT_3D('',#1358,#1359,#1360);
#1358 = CARTESIAN_POINT('',(-1.899999999998,-1.349999999998,3.9));
#1359 = DIRECTION('',(-0.,-0.,-1.));
#1360 = DIRECTION('',(-1.,0.,0.));
#1361 = ADVANCED_FACE('',(#1362),#1389,.T.);
#1362 = FACE_BOUND('',#1363,.T.);
#1363 = EDGE_LOOP('',(#1364,#1365,#1366,#1374,#1382));
#1364 = ORIENTED_EDGE('',*,*,#674,.F.);
#1365 = ORIENTED_EDGE('',*,*,#659,.F.);
#1366 = ORIENTED_EDGE('',*,*,#1367,.T.);
#1367 = EDGE_CURVE('',#439,#1368,#1370,.T.);
#1368 = VERTEX_POINT('',#1369);
#1369 = CARTESIAN_POINT('',(-1.849999999996,-2.149999999998,4.3));
#1370 = LINE('',#1371,#1372);
#1371 = CARTESIAN_POINT('',(-1.849999999996,-1.749999999998,4.3));
#1372 = VECTOR('',#1373,1.);
#1373 = DIRECTION('',(0.,-1.,0.));
#1374 = ORIENTED_EDGE('',*,*,#1375,.T.);
#1375 = EDGE_CURVE('',#1368,#1376,#1378,.T.);
#1376 = VERTEX_POINT('',#1377);
#1377 = CARTESIAN_POINT('',(-1.849999999996,-2.149999999998,4.34));
#1378 = LINE('',#1379,#1380);
#1379 = CARTESIAN_POINT('',(-1.849999999996,-2.149999999998,4.3));
#1380 = VECTOR('',#1381,1.);
#1381 = DIRECTION('',(0.,0.,1.));
#1382 = ORIENTED_EDGE('',*,*,#1383,.F.);
#1383 = EDGE_CURVE('',#675,#1376,#1384,.T.);
#1384 = CIRCLE('',#1385,0.36);
#1385 = AXIS2_PLACEMENT_3D('',#1386,#1387,#1388);
#1386 = CARTESIAN_POINT('',(-1.849999999996,-1.789999999998,4.34));
#1387 = DIRECTION('',(1.,0.,-0.));
#1388 = DIRECTION('',(0.,0.,1.));
#1389 = PLANE('',#1390);
#1390 = AXIS2_PLACEMENT_3D('',#1391,#1392,#1393);
#1391 = CARTESIAN_POINT('',(-1.849999999996,-1.749999999998,4.3));
#1392 = DIRECTION('',(-1.,0.,0.));
#1393 = DIRECTION('',(0.,0.,1.));
#1394 = ADVANCED_FACE('',(#1395),#1414,.T.);
#1395 = FACE_BOUND('',#1396,.T.);
#1396 = EDGE_LOOP('',(#1397,#1398,#1406,#1413));
#1397 = ORIENTED_EDGE('',*,*,#1383,.T.);
#1398 = ORIENTED_EDGE('',*,*,#1399,.T.);
#1399 = EDGE_CURVE('',#1376,#1400,#1402,.T.);
#1400 = VERTEX_POINT('',#1401);
#1401 = CARTESIAN_POINT('',(5.849999999996,-2.149999999998,4.34));
#1402 = LINE('',#1403,#1404);
#1403 = CARTESIAN_POINT('',(-1.849999999996,-2.149999999998,4.34));
#1404 = VECTOR('',#1405,1.);
#1405 = DIRECTION('',(1.,0.,0.));
#1406 = ORIENTED_EDGE('',*,*,#1407,.F.);
#1407 = EDGE_CURVE('',#683,#1400,#1408,.T.);
#1408 = CIRCLE('',#1409,0.36);
#1409 = AXIS2_PLACEMENT_3D('',#1410,#1411,#1412);
#1410 = CARTESIAN_POINT('',(5.849999999996,-1.789999999998,4.34));
#1411 = DIRECTION('',(1.,0.,-0.));
#1412 = DIRECTION('',(0.,0.,1.));
#1413 = ORIENTED_EDGE('',*,*,#682,.F.);
#1414 = CYLINDRICAL_SURFACE('',#1415,0.36);
#1415 = AXIS2_PLACEMENT_3D('',#1416,#1417,#1418);
#1416 = CARTESIAN_POINT('',(-1.849999999996,-1.789999999998,4.34));
#1417 = DIRECTION('',(1.,0.,0.));
#1418 = DIRECTION('',(0.,0.,1.));
#1419 = ADVANCED_FACE('',(#1420),#1439,.F.);
#1420 = FACE_BOUND('',#1421,.F.);
#1421 = EDGE_LOOP('',(#1422,#1423,#1424,#1432,#1438));
#1422 = ORIENTED_EDGE('',*,*,#690,.F.);
#1423 = ORIENTED_EDGE('',*,*,#736,.F.);
#1424 = ORIENTED_EDGE('',*,*,#1425,.T.);
#1425 = EDGE_CURVE('',#447,#1426,#1428,.T.);
#1426 = VERTEX_POINT('',#1427);
#1427 = CARTESIAN_POINT('',(5.849999999996,-2.149999999998,4.3));
#1428 = LINE('',#1429,#1430);
#1429 = CARTESIAN_POINT('',(5.849999999996,-1.749999999998,4.3));
#1430 = VECTOR('',#1431,1.);
#1431 = DIRECTION('',(0.,-1.,0.));
#1432 = ORIENTED_EDGE('',*,*,#1433,.T.);
#1433 = EDGE_CURVE('',#1426,#1400,#1434,.T.);
#1434 = LINE('',#1435,#1436);
#1435 = CARTESIAN_POINT('',(5.849999999996,-2.149999999998,4.3));
#1436 = VECTOR('',#1437,1.);
#1437 = DIRECTION('',(0.,0.,1.));
#1438 = ORIENTED_EDGE('',*,*,#1407,.F.);
#1439 = PLANE('',#1440);
#1440 = AXIS2_PLACEMENT_3D('',#1441,#1442,#1443);
#1441 = CARTESIAN_POINT('',(5.849999999996,-1.749999999998,4.3));
#1442 = DIRECTION('',(-1.,0.,0.));
#1443 = DIRECTION('',(0.,0.,1.));
#1444 = ADVANCED_FACE('',(#1445),#1472,.T.);
#1445 = FACE_BOUND('',#1446,.T.);
#1446 = EDGE_LOOP('',(#1447,#1448,#1449,#1457,#1465));
#1447 = ORIENTED_EDGE('',*,*,#705,.F.);
#1448 = ORIENTED_EDGE('',*,*,#765,.F.);
#1449 = ORIENTED_EDGE('',*,*,#1450,.T.);
#1450 = EDGE_CURVE('',#487,#1451,#1453,.T.);
#1451 = VERTEX_POINT('',#1452);
#1452 = CARTESIAN_POINT('',(5.850000000047,2.150000000002,4.3));
#1453 = LINE('',#1454,#1455);
#1454 = CARTESIAN_POINT('',(5.850000000047,1.750000000002,4.3));
#1455 = VECTOR('',#1456,1.);
#1456 = DIRECTION('',(0.,1.,0.));
#1457 = ORIENTED_EDGE('',*,*,#1458,.T.);
#1458 = EDGE_CURVE('',#1451,#1459,#1461,.T.);
#1459 = VERTEX_POINT('',#1460);
#1460 = CARTESIAN_POINT('',(5.850000000047,2.150000000002,4.34));
#1461 = LINE('',#1462,#1463);
#1462 = CARTESIAN_POINT('',(5.850000000047,2.150000000002,4.3));
#1463 = VECTOR('',#1464,1.);
#1464 = DIRECTION('',(0.,0.,1.));
#1465 = ORIENTED_EDGE('',*,*,#1466,.F.);
#1466 = EDGE_CURVE('',#706,#1459,#1467,.T.);
#1467 = CIRCLE('',#1468,0.36);
#1468 = AXIS2_PLACEMENT_3D('',#1469,#1470,#1471);
#1469 = CARTESIAN_POINT('',(5.850000000047,1.790000000002,4.34));
#1470 = DIRECTION('',(-1.,0.,0.));
#1471 = DIRECTION('',(0.,0.,-1.));
#1472 = PLANE('',#1473);
#1473 = AXIS2_PLACEMENT_3D('',#1474,#1475,#1476);
#1474 = CARTESIAN_POINT('',(5.850000000047,1.750000000002,4.3));
#1475 = DIRECTION('',(1.,0.,0.));
#1476 = DIRECTION('',(0.,0.,1.));
#1477 = ADVANCED_FACE('',(#1478),#1489,.T.);
#1478 = FACE_BOUND('',#1479,.T.);
#1479 = EDGE_LOOP('',(#1480,#1481,#1487,#1488));
#1480 = ORIENTED_EDGE('',*,*,#1466,.T.);
#1481 = ORIENTED_EDGE('',*,*,#1482,.T.);
#1482 = EDGE_CURVE('',#1459,#924,#1483,.T.);
#1483 = LINE('',#1484,#1485);
#1484 = CARTESIAN_POINT('',(5.850000000047,2.150000000002,4.34));
#1485 = VECTOR('',#1486,1.);
#1486 = DIRECTION('',(-1.,0.,0.));
#1487 = ORIENTED_EDGE('',*,*,#931,.F.);
#1488 = ORIENTED_EDGE('',*,*,#713,.F.);
#1489 = CYLINDRICAL_SURFACE('',#1490,0.36);
#1490 = AXIS2_PLACEMENT_3D('',#1491,#1492,#1493);
#1491 = CARTESIAN_POINT('',(5.850000000047,1.790000000002,4.34));
#1492 = DIRECTION('',(-1.,0.,0.));
#1493 = DIRECTION('',(0.,0.,1.));
#1494 = ADVANCED_FACE('',(#1495),#1522,.T.);
#1495 = FACE_BOUND('',#1496,.T.);
#1496 = EDGE_LOOP('',(#1497,#1498,#1499,#1507,#1515));
#1497 = ORIENTED_EDGE('',*,*,#814,.F.);
#1498 = ORIENTED_EDGE('',*,*,#782,.F.);
#1499 = ORIENTED_EDGE('',*,*,#1500,.T.);
#1500 = EDGE_CURVE('',#463,#1501,#1503,.T.);
#1501 = VERTEX_POINT('',#1502);
#1502 = CARTESIAN_POINT('',(6.300000000002,-1.349999999996,4.3));
#1503 = LINE('',#1504,#1505);
#1504 = CARTESIAN_POINT('',(5.900000000002,-1.349999999996,4.3));
#1505 = VECTOR('',#1506,1.);
#1506 = DIRECTION('',(1.,0.,0.));
#1507 = ORIENTED_EDGE('',*,*,#1508,.T.);
#1508 = EDGE_CURVE('',#1501,#1509,#1511,.T.);
#1509 = VERTEX_POINT('',#1510);
#1510 = CARTESIAN_POINT('',(6.300000000002,-1.349999999996,4.34));
#1511 = LINE('',#1512,#1513);
#1512 = CARTESIAN_POINT('',(6.300000000002,-1.349999999996,4.3));
#1513 = VECTOR('',#1514,1.);
#1514 = DIRECTION('',(0.,0.,1.));
#1515 = ORIENTED_EDGE('',*,*,#1516,.F.);
#1516 = EDGE_CURVE('',#815,#1509,#1517,.T.);
#1517 = CIRCLE('',#1518,0.36);
#1518 = AXIS2_PLACEMENT_3D('',#1519,#1520,#1521);
#1519 = CARTESIAN_POINT('',(5.940000000002,-1.349999999996,4.34));
#1520 = DIRECTION('',(0.,1.,0.));
#1521 = DIRECTION('',(0.,-0.,1.));
#1522 = PLANE('',#1523);
#1523 = AXIS2_PLACEMENT_3D('',#1524,#1525,#1526);
#1524 = CARTESIAN_POINT('',(5.900000000002,-1.349999999996,4.3));
#1525 = DIRECTION('',(0.,-1.,0.));
#1526 = DIRECTION('',(0.,0.,1.));
#1527 = ADVANCED_FACE('',(#1528),#1555,.F.);
#1528 = FACE_BOUND('',#1529,.F.);
#1529 = EDGE_LOOP('',(#1530,#1531,#1532,#1540,#1548));
#1530 = ORIENTED_EDGE('',*,*,#830,.F.);
#1531 = ORIENTED_EDGE('',*,*,#797,.F.);
#1532 = ORIENTED_EDGE('',*,*,#1533,.T.);
#1533 = EDGE_CURVE('',#471,#1534,#1536,.T.);
#1534 = VERTEX_POINT('',#1535);
#1535 = CARTESIAN_POINT('',(6.300000000002,1.349999999996,4.3));
#1536 = LINE('',#1537,#1538);
#1537 = CARTESIAN_POINT('',(5.900000000002,1.349999999996,4.3));
#1538 = VECTOR('',#1539,1.);
#1539 = DIRECTION('',(1.,0.,0.));
#1540 = ORIENTED_EDGE('',*,*,#1541,.T.);
#1541 = EDGE_CURVE('',#1534,#1542,#1544,.T.);
#1542 = VERTEX_POINT('',#1543);
#1543 = CARTESIAN_POINT('',(6.300000000002,1.349999999996,4.34));
#1544 = LINE('',#1545,#1546);
#1545 = CARTESIAN_POINT('',(6.300000000002,1.349999999996,4.3));
#1546 = VECTOR('',#1547,1.);
#1547 = DIRECTION('',(0.,0.,1.));
#1548 = ORIENTED_EDGE('',*,*,#1549,.F.);
#1549 = EDGE_CURVE('',#823,#1542,#1550,.T.);
#1550 = CIRCLE('',#1551,0.36);
#1551 = AXIS2_PLACEMENT_3D('',#1552,#1553,#1554);
#1552 = CARTESIAN_POINT('',(5.940000000002,1.349999999996,4.34));
#1553 = DIRECTION('',(0.,1.,0.));
#1554 = DIRECTION('',(0.,-0.,1.));
#1555 = PLANE('',#1556);
#1556 = AXIS2_PLACEMENT_3D('',#1557,#1558,#1559);
#1557 = CARTESIAN_POINT('',(5.900000000002,1.349999999996,4.3));
#1558 = DIRECTION('',(0.,-1.,0.));
#1559 = DIRECTION('',(0.,0.,1.));
#1560 = ADVANCED_FACE('',(#1561),#1572,.T.);
#1561 = FACE_BOUND('',#1562,.T.);
#1562 = EDGE_LOOP('',(#1563,#1564,#1570,#1571));
#1563 = ORIENTED_EDGE('',*,*,#1516,.T.);
#1564 = ORIENTED_EDGE('',*,*,#1565,.T.);
#1565 = EDGE_CURVE('',#1509,#1542,#1566,.T.);
#1566 = LINE('',#1567,#1568);
#1567 = CARTESIAN_POINT('',(6.300000000002,-1.349999999996,4.34));
#1568 = VECTOR('',#1569,1.);
#1569 = DIRECTION('',(0.,1.,0.));
#1570 = ORIENTED_EDGE('',*,*,#1549,.F.);
#1571 = ORIENTED_EDGE('',*,*,#822,.F.);
#1572 = CYLINDRICAL_SURFACE('',#1573,0.36);
#1573 = AXIS2_PLACEMENT_3D('',#1574,#1575,#1576);
#1574 = CARTESIAN_POINT('',(5.940000000002,-1.349999999996,4.34));
#1575 = DIRECTION('',(0.,1.,0.));
#1576 = DIRECTION('',(0.,-0.,1.));
#1577 = ADVANCED_FACE('',(#1578),#1589,.F.);
#1578 = FACE_BOUND('',#1579,.F.);
#1579 = EDGE_LOOP('',(#1580,#1581,#1582,#1583));
#1580 = ORIENTED_EDGE('',*,*,#1458,.T.);
#1581 = ORIENTED_EDGE('',*,*,#1482,.T.);
#1582 = ORIENTED_EDGE('',*,*,#923,.F.);
#1583 = ORIENTED_EDGE('',*,*,#1584,.F.);
#1584 = EDGE_CURVE('',#1451,#916,#1585,.T.);
#1585 = LINE('',#1586,#1587);
#1586 = CARTESIAN_POINT('',(5.850000000047,2.150000000002,4.3));
#1587 = VECTOR('',#1588,1.);
#1588 = DIRECTION('',(-1.,0.,0.));
#1589 = PLANE('',#1590);
#1590 = AXIS2_PLACEMENT_3D('',#1591,#1592,#1593);
#1591 = CARTESIAN_POINT('',(5.850000000047,2.150000000002,4.3));
#1592 = DIRECTION('',(0.,-1.,0.));
#1593 = DIRECTION('',(-1.,0.,0.));
#1594 = ADVANCED_FACE('',(#1595),#1613,.F.);
#1595 = FACE_BOUND('',#1596,.F.);
#1596 = EDGE_LOOP('',(#1597,#1598,#1606,#1612));
#1597 = ORIENTED_EDGE('',*,*,#1093,.T.);
#1598 = ORIENTED_EDGE('',*,*,#1599,.T.);
#1599 = EDGE_CURVE('',#1086,#1600,#1602,.T.);
#1600 = VERTEX_POINT('',#1601);
#1601 = CARTESIAN_POINT('',(-1.849999999997,2.150000000002,1.3));
#1602 = LINE('',#1603,#1604);
#1603 = CARTESIAN_POINT('',(-1.849999999998,1.750000000002,1.3));
#1604 = VECTOR('',#1605,1.);
#1605 = DIRECTION('',(0.,1.,0.));
#1606 = ORIENTED_EDGE('',*,*,#1607,.F.);
#1607 = EDGE_CURVE('',#916,#1600,#1608,.T.);
#1608 = LINE('',#1609,#1610);
#1609 = CARTESIAN_POINT('',(-1.849999999998,2.150000000002,4.3));
#1610 = VECTOR('',#1611,1.);
#1611 = DIRECTION('',(-0.,-0.,-1.));
#1612 = ORIENTED_EDGE('',*,*,#915,.F.);
#1613 = PLANE('',#1614);
#1614 = AXIS2_PLACEMENT_3D('',#1615,#1616,#1617);
#1615 = CARTESIAN_POINT('',(-1.849999999998,1.750000000002,4.3));
#1616 = DIRECTION('',(1.,0.,0.));
#1617 = DIRECTION('',(-0.,1.,0.));
#1618 = ADVANCED_FACE('',(#1619),#1637,.T.);
#1619 = FACE_BOUND('',#1620,.T.);
#1620 = EDGE_LOOP('',(#1621,#1622,#1630,#1636));
#1621 = ORIENTED_EDGE('',*,*,#946,.T.);
#1622 = ORIENTED_EDGE('',*,*,#1623,.T.);
#1623 = EDGE_CURVE('',#947,#1624,#1626,.T.);
#1624 = VERTEX_POINT('',#1625);
#1625 = CARTESIAN_POINT('',(-1.849999999996,-2.149999999998,1.3));
#1626 = LINE('',#1627,#1628);
#1627 = CARTESIAN_POINT('',(-1.849999999996,-1.749999999998,1.3));
#1628 = VECTOR('',#1629,1.);
#1629 = DIRECTION('',(0.,-1.,0.));
#1630 = ORIENTED_EDGE('',*,*,#1631,.F.);
#1631 = EDGE_CURVE('',#1368,#1624,#1632,.T.);
#1632 = LINE('',#1633,#1634);
#1633 = CARTESIAN_POINT('',(-1.849999999996,-2.149999999998,4.3));
#1634 = VECTOR('',#1635,1.);
#1635 = DIRECTION('',(-0.,-0.,-1.));
#1636 = ORIENTED_EDGE('',*,*,#1367,.F.);
#1637 = PLANE('',#1638);
#1638 = AXIS2_PLACEMENT_3D('',#1639,#1640,#1641);
#1639 = CARTESIAN_POINT('',(-1.849999999996,-1.749999999998,4.3));
#1640 = DIRECTION('',(-1.,0.,0.));
#1641 = DIRECTION('',(0.,-1.,0.));
#1642 = ADVANCED_FACE('',(#1643),#1668,.F.);
#1643 = FACE_BOUND('',#1644,.F.);
#1644 = EDGE_LOOP('',(#1645,#1653,#1661,#1667));
#1645 = ORIENTED_EDGE('',*,*,#1646,.T.);
#1646 = EDGE_CURVE('',#947,#1647,#1649,.T.);
#1647 = VERTEX_POINT('',#1648);
#1648 = CARTESIAN_POINT('',(-1.849999999996,-1.749999999998,0.7));
#1649 = LINE('',#1650,#1651);
#1650 = CARTESIAN_POINT('',(-1.849999999996,-1.749999999998,1.3));
#1651 = VECTOR('',#1652,1.);
#1652 = DIRECTION('',(0.,0.,-1.));
#1653 = ORIENTED_EDGE('',*,*,#1654,.T.);
#1654 = EDGE_CURVE('',#1647,#1655,#1657,.T.);
#1655 = VERTEX_POINT('',#1656);
#1656 = CARTESIAN_POINT('',(-0.499999999996,-1.749999999998,0.7));
#1657 = LINE('',#1658,#1659);
#1658 = CARTESIAN_POINT('',(-1.849999999996,-1.749999999998,0.7));
#1659 = VECTOR('',#1660,1.);
#1660 = DIRECTION('',(1.,0.,0.));
#1661 = ORIENTED_EDGE('',*,*,#1662,.F.);
#1662 = EDGE_CURVE('',#955,#1655,#1663,.T.);
#1663 = LINE('',#1664,#1665);
#1664 = CARTESIAN_POINT('',(-0.499999999996,-1.749999999998,1.3));
#1665 = VECTOR('',#1666,1.);
#1666 = DIRECTION('',(0.,0.,-1.));
#1667 = ORIENTED_EDGE('',*,*,#954,.F.);
#1668 = PLANE('',#1669);
#1669 = AXIS2_PLACEMENT_3D('',#1670,#1671,#1672);
#1670 = CARTESIAN_POINT('',(-1.849999999996,-1.749999999998,1.3));
#1671 = DIRECTION('',(0.,-1.,0.));
#1672 = DIRECTION('',(1.,0.,0.));
#1673 = ADVANCED_FACE('',(#1674),#1692,.F.);
#1674 = FACE_BOUND('',#1675,.F.);
#1675 = EDGE_LOOP('',(#1676,#1677,#1685,#1691));
#1676 = ORIENTED_EDGE('',*,*,#978,.T.);
#1677 = ORIENTED_EDGE('',*,*,#1678,.T.);
#1678 = EDGE_CURVE('',#971,#1679,#1681,.T.);
#1679 = VERTEX_POINT('',#1680);
#1680 = CARTESIAN_POINT('',(5.849999999996,-2.149999999998,1.3));
#1681 = LINE('',#1682,#1683);
#1682 = CARTESIAN_POINT('',(5.849999999996,-1.749999999998,1.3));
#1683 = VECTOR('',#1684,1.);
#1684 = DIRECTION('',(0.,-1.,0.));
#1685 = ORIENTED_EDGE('',*,*,#1686,.F.);
#1686 = EDGE_CURVE('',#1426,#1679,#1687,.T.);
#1687 = LINE('',#1688,#1689);
#1688 = CARTESIAN_POINT('',(5.849999999996,-2.149999999998,4.3));
#1689 = VECTOR('',#1690,1.);
#1690 = DIRECTION('',(-0.,-0.,-1.));
#1691 = ORIENTED_EDGE('',*,*,#1425,.F.);
#1692 = PLANE('',#1693);
#1693 = AXIS2_PLACEMENT_3D('',#1694,#1695,#1696);
#1694 = CARTESIAN_POINT('',(5.849999999996,-1.749999999998,4.3));
#1695 = DIRECTION('',(-1.,0.,0.));
#1696 = DIRECTION('',(0.,-1.,0.));
#1697 = ADVANCED_FACE('',(#1698),#1723,.F.);
#1698 = FACE_BOUND('',#1699,.F.);
#1699 = EDGE_LOOP('',(#1700,#1701,#1709,#1717));
#1700 = ORIENTED_EDGE('',*,*,#962,.F.);
#1701 = ORIENTED_EDGE('',*,*,#1702,.T.);
#1702 = EDGE_CURVE('',#955,#1703,#1705,.T.);
#1703 = VERTEX_POINT('',#1704);
#1704 = CARTESIAN_POINT('',(-0.499999999996,-2.149999999998,1.3));
#1705 = LINE('',#1706,#1707);
#1706 = CARTESIAN_POINT('',(-0.499999999996,-1.749999999998,1.3));
#1707 = VECTOR('',#1708,1.);
#1708 = DIRECTION('',(0.,-1.,0.));
#1709 = ORIENTED_EDGE('',*,*,#1710,.T.);
#1710 = EDGE_CURVE('',#1703,#1711,#1713,.T.);
#1711 = VERTEX_POINT('',#1712);
#1712 = CARTESIAN_POINT('',(4.499999999996,-2.149999999998,1.3));
#1713 = LINE('',#1714,#1715);
#1714 = CARTESIAN_POINT('',(-1.849999999996,-2.149999999998,1.3));
#1715 = VECTOR('',#1716,1.);
#1716 = DIRECTION('',(1.,0.,0.));
#1717 = ORIENTED_EDGE('',*,*,#1718,.T.);
#1718 = EDGE_CURVE('',#1711,#963,#1719,.T.);
#1719 = LINE('',#1720,#1721);
#1720 = CARTESIAN_POINT('',(4.499999999996,-2.149999999998,1.3));
#1721 = VECTOR('',#1722,1.);
#1722 = DIRECTION('',(0.,1.,0.));
#1723 = PLANE('',#1724);
#1724 = AXIS2_PLACEMENT_3D('',#1725,#1726,#1727);
#1725 = CARTESIAN_POINT('',(-1.849999999996,-1.749999999998,1.3));
#1726 = DIRECTION('',(0.,0.,1.));
#1727 = DIRECTION('',(1.,0.,-0.));
#1728 = ADVANCED_FACE('',(#1729),#1754,.F.);
#1729 = FACE_BOUND('',#1730,.F.);
#1730 = EDGE_LOOP('',(#1731,#1739,#1747,#1753));
#1731 = ORIENTED_EDGE('',*,*,#1732,.T.);
#1732 = EDGE_CURVE('',#963,#1733,#1735,.T.);
#1733 = VERTEX_POINT('',#1734);
#1734 = CARTESIAN_POINT('',(4.499999999996,-1.749999999998,0.7));
#1735 = LINE('',#1736,#1737);
#1736 = CARTESIAN_POINT('',(4.499999999996,-1.749999999998,1.3));
#1737 = VECTOR('',#1738,1.);
#1738 = DIRECTION('',(0.,0.,-1.));
#1739 = ORIENTED_EDGE('',*,*,#1740,.T.);
#1740 = EDGE_CURVE('',#1733,#1741,#1743,.T.);
#1741 = VERTEX_POINT('',#1742);
#1742 = CARTESIAN_POINT('',(5.849999999996,-1.749999999998,0.7));
#1743 = LINE('',#1744,#1745);
#1744 = CARTESIAN_POINT('',(4.499999999996,-1.749999999998,0.7));
#1745 = VECTOR('',#1746,1.);
#1746 = DIRECTION('',(1.,0.,0.));
#1747 = ORIENTED_EDGE('',*,*,#1748,.F.);
#1748 = EDGE_CURVE('',#971,#1741,#1749,.T.);
#1749 = LINE('',#1750,#1751);
#1750 = CARTESIAN_POINT('',(5.849999999996,-1.749999999998,1.3));
#1751 = VECTOR('',#1752,1.);
#1752 = DIRECTION('',(0.,0.,-1.));
#1753 = ORIENTED_EDGE('',*,*,#970,.F.);
#1754 = PLANE('',#1755);
#1755 = AXIS2_PLACEMENT_3D('',#1756,#1757,#1758);
#1756 = CARTESIAN_POINT('',(4.499999999996,-1.749999999998,1.3));
#1757 = DIRECTION('',(0.,-1.,0.));
#1758 = DIRECTION('',(1.,0.,0.));
#1759 = ADVANCED_FACE('',(#1760),#1785,.T.);
#1760 = FACE_BOUND('',#1761,.T.);
#1761 = EDGE_LOOP('',(#1762,#1772,#1778,#1779));
#1762 = ORIENTED_EDGE('',*,*,#1763,.F.);
#1763 = EDGE_CURVE('',#1764,#1766,#1768,.T.);
#1764 = VERTEX_POINT('',#1765);
#1765 = CARTESIAN_POINT('',(0.6,-2.149999999998,3.5));
#1766 = VERTEX_POINT('',#1767);
#1767 = CARTESIAN_POINT('',(1.2,-2.149999999998,3.5));
#1768 = LINE('',#1769,#1770);
#1769 = CARTESIAN_POINT('',(0.6,-2.149999999998,3.5));
#1770 = VECTOR('',#1771,1.);
#1771 = DIRECTION('',(1.,0.,0.));
#1772 = ORIENTED_EDGE('',*,*,#1773,.T.);
#1773 = EDGE_CURVE('',#1764,#990,#1774,.T.);
#1774 = LINE('',#1775,#1776);
#1775 = CARTESIAN_POINT('',(0.6,-2.149999999998,3.5));
#1776 = VECTOR('',#1777,1.);
#1777 = DIRECTION('',(0.,1.,-2.22044604925E-16));
#1778 = ORIENTED_EDGE('',*,*,#987,.F.);
#1779 = ORIENTED_EDGE('',*,*,#1780,.F.);
#1780 = EDGE_CURVE('',#1766,#988,#1781,.T.);
#1781 = LINE('',#1782,#1783);
#1782 = CARTESIAN_POINT('',(1.2,-2.149999999998,3.5));
#1783 = VECTOR('',#1784,1.);
#1784 = DIRECTION('',(0.,1.,-2.22044604925E-16));
#1785 = PLANE('',#1786);
#1786 = AXIS2_PLACEMENT_3D('',#1787,#1788,#1789);
#1787 = CARTESIAN_POINT('',(0.6,-2.149999999998,3.5));
#1788 = DIRECTION('',(0.,-2.22044604925E-16,-1.));
#1789 = DIRECTION('',(1.,0.,0.));
#1790 = ADVANCED_FACE('',(#1791),#1809,.T.);
#1791 = FACE_BOUND('',#1792,.T.);
#1792 = EDGE_LOOP('',(#1793,#1801,#1807,#1808));
#1793 = ORIENTED_EDGE('',*,*,#1794,.F.);
#1794 = EDGE_CURVE('',#1795,#1764,#1797,.T.);
#1795 = VERTEX_POINT('',#1796);
#1796 = CARTESIAN_POINT('',(0.6,-2.149999999998,2.1));
#1797 = LINE('',#1798,#1799);
#1798 = CARTESIAN_POINT('',(0.6,-2.149999999998,2.1));
#1799 = VECTOR('',#1800,1.);
#1800 = DIRECTION('',(0.,2.22044604925E-16,1.));
#1801 = ORIENTED_EDGE('',*,*,#1802,.T.);
#1802 = EDGE_CURVE('',#1795,#1006,#1803,.T.);
#1803 = LINE('',#1804,#1805);
#1804 = CARTESIAN_POINT('',(0.6,-2.149999999998,2.1));
#1805 = VECTOR('',#1806,1.);
#1806 = DIRECTION('',(0.,1.,-2.22044604925E-16));
#1807 = ORIENTED_EDGE('',*,*,#1013,.F.);
#1808 = ORIENTED_EDGE('',*,*,#1773,.F.);
#1809 = PLANE('',#1810);
#1810 = AXIS2_PLACEMENT_3D('',#1811,#1812,#1813);
#1811 = CARTESIAN_POINT('',(0.6,-2.149999999998,2.1));
#1812 = DIRECTION('',(1.,0.,0.));
#1813 = DIRECTION('',(-0.,2.22044604925E-16,1.));
#1814 = ADVANCED_FACE('',(#1815),#1833,.T.);
#1815 = FACE_BOUND('',#1816,.T.);
#1816 = EDGE_LOOP('',(#1817,#1825,#1831,#1832));
#1817 = ORIENTED_EDGE('',*,*,#1818,.F.);
#1818 = EDGE_CURVE('',#1819,#1795,#1821,.T.);
#1819 = VERTEX_POINT('',#1820);
#1820 = CARTESIAN_POINT('',(1.2,-2.149999999998,2.1));
#1821 = LINE('',#1822,#1823);
#1822 = CARTESIAN_POINT('',(1.2,-2.149999999998,2.1));
#1823 = VECTOR('',#1824,1.);
#1824 = DIRECTION('',(-1.,0.,0.));
#1825 = ORIENTED_EDGE('',*,*,#1826,.T.);
#1826 = EDGE_CURVE('',#1819,#998,#1827,.T.);
#1827 = LINE('',#1828,#1829);
#1828 = CARTESIAN_POINT('',(1.2,-2.149999999998,2.1));
#1829 = VECTOR('',#1830,1.);
#1830 = DIRECTION('',(0.,1.,-2.22044604925E-16));
#1831 = ORIENTED_EDGE('',*,*,#1005,.F.);
#1832 = ORIENTED_EDGE('',*,*,#1802,.F.);
#1833 = PLANE('',#1834);
#1834 = AXIS2_PLACEMENT_3D('',#1835,#1836,#1837);
#1835 = CARTESIAN_POINT('',(1.2,-2.149999999998,2.1));
#1836 = DIRECTION('',(0.,2.22044604925E-16,1.));
#1837 = DIRECTION('',(-1.,0.,0.));
#1838 = ADVANCED_FACE('',(#1839),#1850,.T.);
#1839 = FACE_BOUND('',#1840,.T.);
#1840 = EDGE_LOOP('',(#1841,#1847,#1848,#1849));
#1841 = ORIENTED_EDGE('',*,*,#1842,.F.);
#1842 = EDGE_CURVE('',#1766,#1819,#1843,.T.);
#1843 = LINE('',#1844,#1845);
#1844 = CARTESIAN_POINT('',(1.2,-2.149999999998,3.5));
#1845 = VECTOR('',#1846,1.);
#1846 = DIRECTION('',(0.,-2.22044604925E-16,-1.));
#1847 = ORIENTED_EDGE('',*,*,#1780,.T.);
#1848 = ORIENTED_EDGE('',*,*,#997,.F.);
#1849 = ORIENTED_EDGE('',*,*,#1826,.F.);
#1850 = PLANE('',#1851);
#1851 = AXIS2_PLACEMENT_3D('',#1852,#1853,#1854);
#1852 = CARTESIAN_POINT('',(1.2,-2.149999999998,3.5));
#1853 = DIRECTION('',(-1.,0.,0.));
#1854 = DIRECTION('',(-0.,-2.22044604925E-16,-1.));
#1855 = ADVANCED_FACE('',(#1856),#1881,.T.);
#1856 = FACE_BOUND('',#1857,.T.);
#1857 = EDGE_LOOP('',(#1858,#1868,#1874,#1875));
#1858 = ORIENTED_EDGE('',*,*,#1859,.F.);
#1859 = EDGE_CURVE('',#1860,#1862,#1864,.T.);
#1860 = VERTEX_POINT('',#1861);
#1861 = CARTESIAN_POINT('',(2.8,-2.149999999998,2.1));
#1862 = VERTEX_POINT('',#1863);
#1863 = CARTESIAN_POINT('',(2.8,-2.149999999998,3.5));
#1864 = LINE('',#1865,#1866);
#1865 = CARTESIAN_POINT('',(2.8,-2.149999999998,2.1));
#1866 = VECTOR('',#1867,1.);
#1867 = DIRECTION('',(0.,2.22044604925E-16,1.));
#1868 = ORIENTED_EDGE('',*,*,#1869,.T.);
#1869 = EDGE_CURVE('',#1860,#1022,#1870,.T.);
#1870 = LINE('',#1871,#1872);
#1871 = CARTESIAN_POINT('',(2.8,-2.149999999998,2.1));
#1872 = VECTOR('',#1873,1.);
#1873 = DIRECTION('',(0.,1.,-2.22044604925E-16));
#1874 = ORIENTED_EDGE('',*,*,#1021,.T.);
#1875 = ORIENTED_EDGE('',*,*,#1876,.F.);
#1876 = EDGE_CURVE('',#1862,#1024,#1877,.T.);
#1877 = LINE('',#1878,#1879);
#1878 = CARTESIAN_POINT('',(2.8,-2.149999999998,3.5));
#1879 = VECTOR('',#1880,1.);
#1880 = DIRECTION('',(0.,1.,-2.22044604925E-16));
#1881 = PLANE('',#1882);
#1882 = AXIS2_PLACEMENT_3D('',#1883,#1884,#1885);
#1883 = CARTESIAN_POINT('',(2.8,-2.149999999998,2.1));
#1884 = DIRECTION('',(1.,0.,0.));
#1885 = DIRECTION('',(-0.,2.22044604925E-16,1.));
#1886 = ADVANCED_FACE('',(#1887),#1905,.T.);
#1887 = FACE_BOUND('',#1888,.T.);
#1888 = EDGE_LOOP('',(#1889,#1897,#1903,#1904));
#1889 = ORIENTED_EDGE('',*,*,#1890,.F.);
#1890 = EDGE_CURVE('',#1891,#1860,#1893,.T.);
#1891 = VERTEX_POINT('',#1892);
#1892 = CARTESIAN_POINT('',(3.400000000007,-2.149999999998,2.1));
#1893 = LINE('',#1894,#1895);
#1894 = CARTESIAN_POINT('',(3.400000000007,-2.149999999998,2.1));
#1895 = VECTOR('',#1896,1.);
#1896 = DIRECTION('',(-1.,0.,0.));
#1897 = ORIENTED_EDGE('',*,*,#1898,.T.);
#1898 = EDGE_CURVE('',#1891,#1040,#1899,.T.);
#1899 = LINE('',#1900,#1901);
#1900 = CARTESIAN_POINT('',(3.400000000007,-2.149999999998,2.1));
#1901 = VECTOR('',#1902,1.);
#1902 = DIRECTION('',(0.,1.,-2.22044604925E-16));
#1903 = ORIENTED_EDGE('',*,*,#1047,.T.);
#1904 = ORIENTED_EDGE('',*,*,#1869,.F.);
#1905 = PLANE('',#1906);
#1906 = AXIS2_PLACEMENT_3D('',#1907,#1908,#1909);
#1907 = CARTESIAN_POINT('',(3.400000000007,-2.149999999998,2.1));
#1908 = DIRECTION('',(0.,2.22044604925E-16,1.));
#1909 = DIRECTION('',(-1.,0.,0.));
#1910 = ADVANCED_FACE('',(#1911),#1929,.T.);
#1911 = FACE_BOUND('',#1912,.T.);
#1912 = EDGE_LOOP('',(#1913,#1921,#1922,#1923));
#1913 = ORIENTED_EDGE('',*,*,#1914,.F.);
#1914 = EDGE_CURVE('',#1862,#1915,#1917,.T.);
#1915 = VERTEX_POINT('',#1916);
#1916 = CARTESIAN_POINT('',(3.400000000007,-2.149999999998,3.5));
#1917 = LINE('',#1918,#1919);
#1918 = CARTESIAN_POINT('',(2.8,-2.149999999998,3.5));
#1919 = VECTOR('',#1920,1.);
#1920 = DIRECTION('',(1.,0.,0.));
#1921 = ORIENTED_EDGE('',*,*,#1876,.T.);
#1922 = ORIENTED_EDGE('',*,*,#1031,.T.);
#1923 = ORIENTED_EDGE('',*,*,#1924,.F.);
#1924 = EDGE_CURVE('',#1915,#1032,#1925,.T.);
#1925 = LINE('',#1926,#1927);
#1926 = CARTESIAN_POINT('',(3.400000000007,-2.149999999998,3.5));
#1927 = VECTOR('',#1928,1.);
#1928 = DIRECTION('',(0.,1.,-2.22044604925E-16));
#1929 = PLANE('',#1930);
#1930 = AXIS2_PLACEMENT_3D('',#1931,#1932,#1933);
#1931 = CARTESIAN_POINT('',(2.8,-2.149999999998,3.5));
#1932 = DIRECTION('',(0.,-2.22044604925E-16,-1.));
#1933 = DIRECTION('',(1.,0.,0.));
#1934 = ADVANCED_FACE('',(#1935),#1946,.T.);
#1935 = FACE_BOUND('',#1936,.T.);
#1936 = EDGE_LOOP('',(#1937,#1943,#1944,#1945));
#1937 = ORIENTED_EDGE('',*,*,#1938,.F.);
#1938 = EDGE_CURVE('',#1915,#1891,#1939,.T.);
#1939 = LINE('',#1940,#1941);
#1940 = CARTESIAN_POINT('',(3.400000000007,-2.149999999998,3.5));
#1941 = VECTOR('',#1942,1.);
#1942 = DIRECTION('',(0.,-2.22044604925E-16,-1.));
#1943 = ORIENTED_EDGE('',*,*,#1924,.T.);
#1944 = ORIENTED_EDGE('',*,*,#1039,.T.);
#1945 = ORIENTED_EDGE('',*,*,#1898,.F.);
#1946 = PLANE('',#1947);
#1947 = AXIS2_PLACEMENT_3D('',#1948,#1949,#1950);
#1948 = CARTESIAN_POINT('',(3.400000000007,-2.149999999998,3.5));
#1949 = DIRECTION('',(-1.,0.,0.));
#1950 = DIRECTION('',(-0.,-2.22044604925E-16,-1.));
#1951 = ADVANCED_FACE('',(#1952),#1970,.T.);
#1952 = FACE_BOUND('',#1953,.T.);
#1953 = EDGE_LOOP('',(#1954,#1955,#1963,#1969));
#1954 = ORIENTED_EDGE('',*,*,#1061,.T.);
#1955 = ORIENTED_EDGE('',*,*,#1956,.T.);
#1956 = EDGE_CURVE('',#1062,#1957,#1959,.T.);
#1957 = VERTEX_POINT('',#1958);
#1958 = CARTESIAN_POINT('',(5.850000000047,2.150000000002,1.3));
#1959 = LINE('',#1960,#1961);
#1960 = CARTESIAN_POINT('',(5.850000000047,1.750000000002,1.3));
#1961 = VECTOR('',#1962,1.);
#1962 = DIRECTION('',(0.,1.,0.));
#1963 = ORIENTED_EDGE('',*,*,#1964,.F.);
#1964 = EDGE_CURVE('',#1451,#1957,#1965,.T.);
#1965 = LINE('',#1966,#1967);
#1966 = CARTESIAN_POINT('',(5.850000000047,2.150000000002,4.3));
#1967 = VECTOR('',#1968,1.);
#1968 = DIRECTION('',(-0.,-0.,-1.));
#1969 = ORIENTED_EDGE('',*,*,#1450,.F.);
#1970 = PLANE('',#1971);
#1971 = AXIS2_PLACEMENT_3D('',#1972,#1973,#1974);
#1972 = CARTESIAN_POINT('',(5.850000000047,1.750000000002,4.3));
#1973 = DIRECTION('',(1.,0.,0.));
#1974 = DIRECTION('',(-0.,1.,0.));
#1975 = ADVANCED_FACE('',(#1976),#2001,.F.);
#1976 = FACE_BOUND('',#1977,.F.);
#1977 = EDGE_LOOP('',(#1978,#1986,#1994,#2000));
#1978 = ORIENTED_EDGE('',*,*,#1979,.T.);
#1979 = EDGE_CURVE('',#1062,#1980,#1982,.T.);
#1980 = VERTEX_POINT('',#1981);
#1981 = CARTESIAN_POINT('',(5.850000000047,1.750000000002,0.7));
#1982 = LINE('',#1983,#1984);
#1983 = CARTESIAN_POINT('',(5.850000000047,1.750000000002,1.3));
#1984 = VECTOR('',#1985,1.);
#1985 = DIRECTION('',(0.,0.,-1.));
#1986 = ORIENTED_EDGE('',*,*,#1987,.T.);
#1987 = EDGE_CURVE('',#1980,#1988,#1990,.T.);
#1988 = VERTEX_POINT('',#1989);
#1989 = CARTESIAN_POINT('',(4.499999999996,1.750000000002,0.7));
#1990 = LINE('',#1991,#1992);
#1991 = CARTESIAN_POINT('',(5.850000000047,1.750000000002,0.7));
#1992 = VECTOR('',#1993,1.);
#1993 = DIRECTION('',(-1.,0.,0.));
#1994 = ORIENTED_EDGE('',*,*,#1995,.F.);
#1995 = EDGE_CURVE('',#1070,#1988,#1996,.T.);
#1996 = LINE('',#1997,#1998);
#1997 = CARTESIAN_POINT('',(4.499999999996,1.750000000002,1.3));
#1998 = VECTOR('',#1999,1.);
#1999 = DIRECTION('',(0.,0.,-1.));
#2000 = ORIENTED_EDGE('',*,*,#1069,.F.);
#2001 = PLANE('',#2002);
#2002 = AXIS2_PLACEMENT_3D('',#2003,#2004,#2005);
#2003 = CARTESIAN_POINT('',(5.850000000047,1.750000000002,1.3));
#2004 = DIRECTION('',(0.,1.,0.));
#2005 = DIRECTION('',(-1.,0.,0.));
#2006 = ADVANCED_FACE('',(#2007),#2032,.F.);
#2007 = FACE_BOUND('',#2008,.F.);
#2008 = EDGE_LOOP('',(#2009,#2010,#2018,#2026));
#2009 = ORIENTED_EDGE('',*,*,#1077,.F.);
#2010 = ORIENTED_EDGE('',*,*,#2011,.T.);
#2011 = EDGE_CURVE('',#1070,#2012,#2014,.T.);
#2012 = VERTEX_POINT('',#2013);
#2013 = CARTESIAN_POINT('',(4.499999999996,2.150000000002,1.3));
#2014 = LINE('',#2015,#2016);
#2015 = CARTESIAN_POINT('',(4.499999999996,1.750000000002,1.3));
#2016 = VECTOR('',#2017,1.);
#2017 = DIRECTION('',(0.,1.,0.));
#2018 = ORIENTED_EDGE('',*,*,#2019,.T.);
#2019 = EDGE_CURVE('',#2012,#2020,#2022,.T.);
#2020 = VERTEX_POINT('',#2021);
#2021 = CARTESIAN_POINT('',(-0.499999999996,2.150000000002,1.3));
#2022 = LINE('',#2023,#2024);
#2023 = CARTESIAN_POINT('',(5.850000000047,2.150000000002,1.3));
#2024 = VECTOR('',#2025,1.);
#2025 = DIRECTION('',(-1.,0.,0.));
#2026 = ORIENTED_EDGE('',*,*,#2027,.T.);
#2027 = EDGE_CURVE('',#2020,#1078,#2028,.T.);
#2028 = LINE('',#2029,#2030);
#2029 = CARTESIAN_POINT('',(-0.499999999996,2.150000000002,1.3));
#2030 = VECTOR('',#2031,1.);
#2031 = DIRECTION('',(0.,-1.,0.));
#2032 = PLANE('',#2033);
#2033 = AXIS2_PLACEMENT_3D('',#2034,#2035,#2036);
#2034 = CARTESIAN_POINT('',(5.850000000047,1.750000000002,1.3));
#2035 = DIRECTION('',(0.,0.,1.));
#2036 = DIRECTION('',(-1.,0.,0.));
#2037 = ADVANCED_FACE('',(#2038),#2063,.F.);
#2038 = FACE_BOUND('',#2039,.F.);
#2039 = EDGE_LOOP('',(#2040,#2048,#2056,#2062));
#2040 = ORIENTED_EDGE('',*,*,#2041,.T.);
#2041 = EDGE_CURVE('',#1078,#2042,#2044,.T.);
#2042 = VERTEX_POINT('',#2043);
#2043 = CARTESIAN_POINT('',(-0.499999999996,1.750000000002,0.7));
#2044 = LINE('',#2045,#2046);
#2045 = CARTESIAN_POINT('',(-0.499999999996,1.750000000002,1.3));
#2046 = VECTOR('',#2047,1.);
#2047 = DIRECTION('',(0.,0.,-1.));
#2048 = ORIENTED_EDGE('',*,*,#2049,.T.);
#2049 = EDGE_CURVE('',#2042,#2050,#2052,.T.);
#2050 = VERTEX_POINT('',#2051);
#2051 = CARTESIAN_POINT('',(-1.849999999996,1.750000000002,0.7));
#2052 = LINE('',#2053,#2054);
#2053 = CARTESIAN_POINT('',(-0.499999999996,1.750000000002,0.7));
#2054 = VECTOR('',#2055,1.);
#2055 = DIRECTION('',(-1.,0.,0.));
#2056 = ORIENTED_EDGE('',*,*,#2057,.F.);
#2057 = EDGE_CURVE('',#1086,#2050,#2058,.T.);
#2058 = LINE('',#2059,#2060);
#2059 = CARTESIAN_POINT('',(-1.849999999996,1.750000000002,1.3));
#2060 = VECTOR('',#2061,1.);
#2061 = DIRECTION('',(0.,0.,-1.));
#2062 = ORIENTED_EDGE('',*,*,#1085,.F.);
#2063 = PLANE('',#2064);
#2064 = AXIS2_PLACEMENT_3D('',#2065,#2066,#2067);
#2065 = CARTESIAN_POINT('',(-0.499999999996,1.750000000002,1.3));
#2066 = DIRECTION('',(0.,1.,0.));
#2067 = DIRECTION('',(-1.,0.,0.));
#2068 = ADVANCED_FACE('',(#2069),#2087,.T.);
#2069 = FACE_BOUND('',#2070,.T.);
#2070 = EDGE_LOOP('',(#2071,#2072,#2080,#2086));
#2071 = ORIENTED_EDGE('',*,*,#1108,.T.);
#2072 = ORIENTED_EDGE('',*,*,#2073,.T.);
#2073 = EDGE_CURVE('',#1109,#2074,#2076,.T.);
#2074 = VERTEX_POINT('',#2075);
#2075 = CARTESIAN_POINT('',(6.300000000002,-1.349999999996,3.9));
#2076 = LINE('',#2077,#2078);
#2077 = CARTESIAN_POINT('',(5.900000000002,-1.349999999996,3.9));
#2078 = VECTOR('',#2079,1.);
#2079 = DIRECTION('',(1.,0.,0.));
#2080 = ORIENTED_EDGE('',*,*,#2081,.F.);
#2081 = EDGE_CURVE('',#1501,#2074,#2082,.T.);
#2082 = LINE('',#2083,#2084);
#2083 = CARTESIAN_POINT('',(6.300000000002,-1.349999999996,4.3));
#2084 = VECTOR('',#2085,1.);
#2085 = DIRECTION('',(0.,0.,-1.));
#2086 = ORIENTED_EDGE('',*,*,#1500,.F.);
#2087 = PLANE('',#2088);
#2088 = AXIS2_PLACEMENT_3D('',#2089,#2090,#2091);
#2089 = CARTESIAN_POINT('',(5.900000000002,-1.349999999996,4.3));
#2090 = DIRECTION('',(0.,-1.,0.));
#2091 = DIRECTION('',(1.,0.,0.));
#2092 = ADVANCED_FACE('',(#2093),#2111,.F.);
#2093 = FACE_BOUND('',#2094,.F.);
#2094 = EDGE_LOOP('',(#2095,#2096,#2104,#2110));
#2095 = ORIENTED_EDGE('',*,*,#1124,.T.);
#2096 = ORIENTED_EDGE('',*,*,#2097,.T.);
#2097 = EDGE_CURVE('',#1117,#2098,#2100,.T.);
#2098 = VERTEX_POINT('',#2099);
#2099 = CARTESIAN_POINT('',(6.300000000002,1.349999999996,3.9));
#2100 = LINE('',#2101,#2102);
#2101 = CARTESIAN_POINT('',(5.900000000002,1.349999999996,3.9));
#2102 = VECTOR('',#2103,1.);
#2103 = DIRECTION('',(1.,0.,0.));
#2104 = ORIENTED_EDGE('',*,*,#2105,.F.);
#2105 = EDGE_CURVE('',#1534,#2098,#2106,.T.);
#2106 = LINE('',#2107,#2108);
#2107 = CARTESIAN_POINT('',(6.300000000002,1.349999999996,4.3));
#2108 = VECTOR('',#2109,1.);
#2109 = DIRECTION('',(0.,0.,-1.));
#2110 = ORIENTED_EDGE('',*,*,#1533,.F.);
#2111 = PLANE('',#2112);
#2112 = AXIS2_PLACEMENT_3D('',#2113,#2114,#2115);
#2113 = CARTESIAN_POINT('',(5.900000000002,1.349999999996,4.3));
#2114 = DIRECTION('',(0.,-1.,0.));
#2115 = DIRECTION('',(1.,0.,0.));
#2116 = ADVANCED_FACE('',(#2117),#2176,.F.);
#2117 = FACE_BOUND('',#2118,.F.);
#2118 = EDGE_LOOP('',(#2119,#2120,#2128,#2136,#2145,#2153,#2162,#2170));
#2119 = ORIENTED_EDGE('',*,*,#1116,.F.);
#2120 = ORIENTED_EDGE('',*,*,#2121,.T.);
#2121 = EDGE_CURVE('',#1109,#2122,#2124,.T.);
#2122 = VERTEX_POINT('',#2123);
#2123 = CARTESIAN_POINT('',(5.900000000002,-1.349999999996,0.));
#2124 = LINE('',#2125,#2126);
#2125 = CARTESIAN_POINT('',(5.900000000002,-1.349999999996,3.9));
#2126 = VECTOR('',#2127,1.);
#2127 = DIRECTION('',(0.,0.,-1.));
#2128 = ORIENTED_EDGE('',*,*,#2129,.T.);
#2129 = EDGE_CURVE('',#2122,#2130,#2132,.T.);
#2130 = VERTEX_POINT('',#2131);
#2131 = CARTESIAN_POINT('',(5.900000000002,-1.249999999997,0.));
#2132 = LINE('',#2133,#2134);
#2133 = CARTESIAN_POINT('',(5.900000000002,-1.349999999996,
    -1.110223024625E-16));
#2134 = VECTOR('',#2135,1.);
#2135 = DIRECTION('',(0.,1.,0.));
#2136 = ORIENTED_EDGE('',*,*,#2137,.T.);
#2137 = EDGE_CURVE('',#2130,#2138,#2140,.T.);
#2138 = VERTEX_POINT('',#2139);
#2139 = CARTESIAN_POINT('',(5.900000000002,-0.4,0.));
#2140 = CIRCLE('',#2141,0.424999999999);
#2141 = AXIS2_PLACEMENT_3D('',#2142,#2143,#2144);
#2142 = CARTESIAN_POINT('',(5.900000000002,-0.824999999999,0.));
#2143 = DIRECTION('',(-1.,0.,0.));
#2144 = DIRECTION('',(0.,-1.,0.));
#2145 = ORIENTED_EDGE('',*,*,#2146,.T.);
#2146 = EDGE_CURVE('',#2138,#2147,#2149,.T.);
#2147 = VERTEX_POINT('',#2148);
#2148 = CARTESIAN_POINT('',(5.900000000002,0.4,0.));
#2149 = LINE('',#2150,#2151);
#2150 = CARTESIAN_POINT('',(5.900000000002,-1.349999999996,
    -1.110223024625E-16));
#2151 = VECTOR('',#2152,1.);
#2152 = DIRECTION('',(0.,1.,0.));
#2153 = ORIENTED_EDGE('',*,*,#2154,.T.);
#2154 = EDGE_CURVE('',#2147,#2155,#2157,.T.);
#2155 = VERTEX_POINT('',#2156);
#2156 = CARTESIAN_POINT('',(5.900000000002,1.250000000002,0.));
#2157 = CIRCLE('',#2158,0.425000000001);
#2158 = AXIS2_PLACEMENT_3D('',#2159,#2160,#2161);
#2159 = CARTESIAN_POINT('',(5.900000000002,0.825000000001,0.));
#2160 = DIRECTION('',(-1.,0.,0.));
#2161 = DIRECTION('',(0.,-1.,0.));
#2162 = ORIENTED_EDGE('',*,*,#2163,.T.);
#2163 = EDGE_CURVE('',#2155,#2164,#2166,.T.);
#2164 = VERTEX_POINT('',#2165);
#2165 = CARTESIAN_POINT('',(5.900000000002,1.349999999996,0.));
#2166 = LINE('',#2167,#2168);
#2167 = CARTESIAN_POINT('',(5.900000000002,-1.349999999996,
    -1.110223024625E-16));
#2168 = VECTOR('',#2169,1.);
#2169 = DIRECTION('',(0.,1.,0.));
#2170 = ORIENTED_EDGE('',*,*,#2171,.F.);
#2171 = EDGE_CURVE('',#1117,#2164,#2172,.T.);
#2172 = LINE('',#2173,#2174);
#2173 = CARTESIAN_POINT('',(5.900000000002,1.349999999996,3.9));
#2174 = VECTOR('',#2175,1.);
#2175 = DIRECTION('',(0.,0.,-1.));
#2176 = PLANE('',#2177);
#2177 = AXIS2_PLACEMENT_3D('',#2178,#2179,#2180);
#2178 = CARTESIAN_POINT('',(5.900000000002,-1.349999999996,3.9));
#2179 = DIRECTION('',(1.,0.,0.));
#2180 = DIRECTION('',(-0.,1.,0.));
#2181 = ADVANCED_FACE('',(#2182),#2198,.T.);
#2182 = FACE_BOUND('',#2183,.T.);
#2183 = EDGE_LOOP('',(#2184,#2190,#2191,#2197));
#2184 = ORIENTED_EDGE('',*,*,#2185,.F.);
#2185 = EDGE_CURVE('',#1248,#1183,#2186,.T.);
#2186 = LINE('',#2187,#2188);
#2187 = CARTESIAN_POINT('',(-1.899999999998,1.350000000002,
    -1.110223024625E-16));
#2188 = VECTOR('',#2189,1.);
#2189 = DIRECTION('',(-1.,0.,0.));
#2190 = ORIENTED_EDGE('',*,*,#1247,.F.);
#2191 = ORIENTED_EDGE('',*,*,#2192,.F.);
#2192 = EDGE_CURVE('',#1174,#1239,#2193,.T.);
#2193 = LINE('',#2194,#2195);
#2194 = CARTESIAN_POINT('',(-2.299999999998,1.250000000002,0.));
#2195 = VECTOR('',#2196,1.);
#2196 = DIRECTION('',(1.,0.,0.));
#2197 = ORIENTED_EDGE('',*,*,#1182,.T.);
#2198 = PLANE('',#2199);
#2199 = AXIS2_PLACEMENT_3D('',#2200,#2201,#2202);
#2200 = CARTESIAN_POINT('',(-2.299999999998,1.350000000002,0.));
#2201 = DIRECTION('',(0.,0.,-1.));
#2202 = DIRECTION('',(0.,-1.,0.));
#2203 = ADVANCED_FACE('',(#2204),#2215,.F.);
#2204 = FACE_BOUND('',#2205,.F.);
#2205 = EDGE_LOOP('',(#2206,#2207,#2213,#2214));
#2206 = ORIENTED_EDGE('',*,*,#1173,.F.);
#2207 = ORIENTED_EDGE('',*,*,#2208,.T.);
#2208 = EDGE_CURVE('',#1166,#1231,#2209,.T.);
#2209 = LINE('',#2210,#2211);
#2210 = CARTESIAN_POINT('',(-2.299999999998,0.4,0.));
#2211 = VECTOR('',#2212,1.);
#2212 = DIRECTION('',(1.,0.,0.));
#2213 = ORIENTED_EDGE('',*,*,#1238,.T.);
#2214 = ORIENTED_EDGE('',*,*,#2192,.F.);
#2215 = CYLINDRICAL_SURFACE('',#2216,0.425000000001);
#2216 = AXIS2_PLACEMENT_3D('',#2217,#2218,#2219);
#2217 = CARTESIAN_POINT('',(-2.299999999998,0.825000000001,0.));
#2218 = DIRECTION('',(-1.,0.,0.));
#2219 = DIRECTION('',(0.,-1.,0.));
#2220 = ADVANCED_FACE('',(#2221),#2262,.F.);
#2221 = FACE_BOUND('',#2222,.F.);
#2222 = EDGE_LOOP('',(#2223,#2233,#2241,#2249,#2255,#2256));
#2223 = ORIENTED_EDGE('',*,*,#2224,.F.);
#2224 = EDGE_CURVE('',#2225,#2227,#2229,.T.);
#2225 = VERTEX_POINT('',#2226);
#2226 = CARTESIAN_POINT('',(-2.299999999998,-0.2,-2.8));
#2227 = VERTEX_POINT('',#2228);
#2228 = CARTESIAN_POINT('',(-2.299999999998,-0.6,-1.5));
#2229 = LINE('',#2230,#2231);
#2230 = CARTESIAN_POINT('',(-2.299999999998,-0.2,-2.8));
#2231 = VECTOR('',#2232,1.);
#2232 = DIRECTION('',(0.,-0.294085848838,0.955779008722));
#2233 = ORIENTED_EDGE('',*,*,#2234,.F.);
#2234 = EDGE_CURVE('',#2235,#2225,#2237,.T.);
#2235 = VERTEX_POINT('',#2236);
#2236 = CARTESIAN_POINT('',(-2.299999999998,0.2,-2.8));
#2237 = LINE('',#2238,#2239);
#2238 = CARTESIAN_POINT('',(-2.299999999998,0.2,-2.8));
#2239 = VECTOR('',#2240,1.);
#2240 = DIRECTION('',(0.,-1.,0.));
#2241 = ORIENTED_EDGE('',*,*,#2242,.F.);
#2242 = EDGE_CURVE('',#2243,#2235,#2245,.T.);
#2243 = VERTEX_POINT('',#2244);
#2244 = CARTESIAN_POINT('',(-2.299999999998,0.6,-1.5));
#2245 = LINE('',#2246,#2247);
#2246 = CARTESIAN_POINT('',(-2.299999999998,0.6,-1.5));
#2247 = VECTOR('',#2248,1.);
#2248 = DIRECTION('',(0.,-0.294085848838,-0.955779008722));
#2249 = ORIENTED_EDGE('',*,*,#2250,.F.);
#2250 = EDGE_CURVE('',#1166,#2243,#2251,.T.);
#2251 = LINE('',#2252,#2253);
#2252 = CARTESIAN_POINT('',(-2.299999999998,0.4,0.));
#2253 = VECTOR('',#2254,1.);
#2254 = DIRECTION('',(-0.,0.132163720091,-0.991227900683));
#2255 = ORIENTED_EDGE('',*,*,#1165,.F.);
#2256 = ORIENTED_EDGE('',*,*,#2257,.F.);
#2257 = EDGE_CURVE('',#2227,#1157,#2258,.T.);
#2258 = LINE('',#2259,#2260);
#2259 = CARTESIAN_POINT('',(-2.299999999998,-0.6,-1.5));
#2260 = VECTOR('',#2261,1.);
#2261 = DIRECTION('',(0.,0.132163720091,0.991227900683));
#2262 = PLANE('',#2263);
#2263 = AXIS2_PLACEMENT_3D('',#2264,#2265,#2266);
#2264 = CARTESIAN_POINT('',(-2.299999999998,-1.349999999998,0.));
#2265 = DIRECTION('',(1.,0.,0.));
#2266 = DIRECTION('',(-0.,1.,0.));
#2267 = ADVANCED_FACE('',(#2268),#2284,.F.);
#2268 = FACE_BOUND('',#2269,.F.);
#2269 = EDGE_LOOP('',(#2270,#2271,#2277,#2278));
#2270 = ORIENTED_EDGE('',*,*,#1156,.F.);
#2271 = ORIENTED_EDGE('',*,*,#2272,.T.);
#2272 = EDGE_CURVE('',#1149,#1214,#2273,.T.);
#2273 = LINE('',#2274,#2275);
#2274 = CARTESIAN_POINT('',(-2.299999999998,-1.249999999997,0.));
#2275 = VECTOR('',#2276,1.);
#2276 = DIRECTION('',(1.,0.,0.));
#2277 = ORIENTED_EDGE('',*,*,#1221,.T.);
#2278 = ORIENTED_EDGE('',*,*,#2279,.F.);
#2279 = EDGE_CURVE('',#1157,#1222,#2280,.T.);
#2280 = LINE('',#2281,#2282);
#2281 = CARTESIAN_POINT('',(-2.299999999998,-0.4,0.));
#2282 = VECTOR('',#2283,1.);
#2283 = DIRECTION('',(1.,0.,0.));
#2284 = CYLINDRICAL_SURFACE('',#2285,0.424999999999);
#2285 = AXIS2_PLACEMENT_3D('',#2286,#2287,#2288);
#2286 = CARTESIAN_POINT('',(-2.299999999998,-0.824999999999,0.));
#2287 = DIRECTION('',(-1.,0.,0.));
#2288 = DIRECTION('',(0.,-1.,0.));
#2289 = ADVANCED_FACE('',(#2290),#2301,.T.);
#2290 = FACE_BOUND('',#2291,.T.);
#2291 = EDGE_LOOP('',(#2292,#2293,#2294,#2295));
#2292 = ORIENTED_EDGE('',*,*,#1148,.T.);
#2293 = ORIENTED_EDGE('',*,*,#2272,.T.);
#2294 = ORIENTED_EDGE('',*,*,#1213,.F.);
#2295 = ORIENTED_EDGE('',*,*,#2296,.T.);
#2296 = EDGE_CURVE('',#1206,#1141,#2297,.T.);
#2297 = LINE('',#2298,#2299);
#2298 = CARTESIAN_POINT('',(-1.899999999998,-1.349999999998,
    -1.110223024625E-16));
#2299 = VECTOR('',#2300,1.);
#2300 = DIRECTION('',(-1.,0.,0.));
#2301 = PLANE('',#2302);
#2302 = AXIS2_PLACEMENT_3D('',#2303,#2304,#2305);
#2303 = CARTESIAN_POINT('',(-2.299999999998,-1.249999999997,0.));
#2304 = DIRECTION('',(0.,0.,-1.));
#2305 = DIRECTION('',(0.,-1.,0.));
#2306 = ADVANCED_FACE('',(#2307),#2325,.F.);
#2307 = FACE_BOUND('',#2308,.F.);
#2308 = EDGE_LOOP('',(#2309,#2310,#2318,#2324));
#2309 = ORIENTED_EDGE('',*,*,#1350,.T.);
#2310 = ORIENTED_EDGE('',*,*,#2311,.T.);
#2311 = EDGE_CURVE('',#1343,#2312,#2314,.T.);
#2312 = VERTEX_POINT('',#2313);
#2313 = CARTESIAN_POINT('',(-2.299999999998,-2.149999999998,0.));
#2314 = LINE('',#2315,#2316);
#2315 = CARTESIAN_POINT('',(-2.299999999998,-2.149999999998,3.9));
#2316 = VECTOR('',#2317,1.);
#2317 = DIRECTION('',(0.,0.,-1.));
#2318 = ORIENTED_EDGE('',*,*,#2319,.F.);
#2319 = EDGE_CURVE('',#1141,#2312,#2320,.T.);
#2320 = LINE('',#2321,#2322);
#2321 = CARTESIAN_POINT('',(-2.299999999998,-1.349999999998,0.));
#2322 = VECTOR('',#2323,1.);
#2323 = DIRECTION('',(0.,-1.,0.));
#2324 = ORIENTED_EDGE('',*,*,#1140,.F.);
#2325 = PLANE('',#2326);
#2326 = AXIS2_PLACEMENT_3D('',#2327,#2328,#2329);
#2327 = CARTESIAN_POINT('',(-2.299999999998,-1.349999999998,3.9));
#2328 = DIRECTION('',(1.,0.,0.));
#2329 = DIRECTION('',(0.,0.,-1.));
#2330 = ADVANCED_FACE('',(#2331),#2372,.T.);
#2331 = FACE_BOUND('',#2332,.T.);
#2332 = EDGE_LOOP('',(#2333,#2343,#2351,#2359,#2365,#2366));
#2333 = ORIENTED_EDGE('',*,*,#2334,.T.);
#2334 = EDGE_CURVE('',#2335,#2337,#2339,.T.);
#2335 = VERTEX_POINT('',#2336);
#2336 = CARTESIAN_POINT('',(-1.899999999998,-0.6,-1.5));
#2337 = VERTEX_POINT('',#2338);
#2338 = CARTESIAN_POINT('',(-1.899999999998,-0.2,-2.8));
#2339 = LINE('',#2340,#2341);
#2340 = CARTESIAN_POINT('',(-1.899999999998,-0.643243243243,
    -1.35945945946));
#2341 = VECTOR('',#2342,1.);
#2342 = DIRECTION('',(0.,0.294085848838,-0.955779008722));
#2343 = ORIENTED_EDGE('',*,*,#2344,.T.);
#2344 = EDGE_CURVE('',#2337,#2345,#2347,.T.);
#2345 = VERTEX_POINT('',#2346);
#2346 = CARTESIAN_POINT('',(-1.899999999998,0.2,-2.8));
#2347 = LINE('',#2348,#2349);
#2348 = CARTESIAN_POINT('',(-1.899999999998,-1.349999999998,-2.8));
#2349 = VECTOR('',#2350,1.);
#2350 = DIRECTION('',(0.,1.,0.));
#2351 = ORIENTED_EDGE('',*,*,#2352,.T.);
#2352 = EDGE_CURVE('',#2345,#2353,#2355,.T.);
#2353 = VERTEX_POINT('',#2354);
#2354 = CARTESIAN_POINT('',(-1.899999999998,0.6,-1.5));
#2355 = LINE('',#2356,#2357);
#2356 = CARTESIAN_POINT('',(-1.899999999998,0.726486486487,
    -1.088918918919));
#2357 = VECTOR('',#2358,1.);
#2358 = DIRECTION('',(0.,0.294085848838,0.955779008722));
#2359 = ORIENTED_EDGE('',*,*,#2360,.T.);
#2360 = EDGE_CURVE('',#2353,#1231,#2361,.T.);
#2361 = LINE('',#2362,#2363);
#2362 = CARTESIAN_POINT('',(-1.899999999998,0.384716157205,
    0.114628820961));
#2363 = VECTOR('',#2364,1.);
#2364 = DIRECTION('',(0.,-0.132163720091,0.991227900683));
#2365 = ORIENTED_EDGE('',*,*,#1230,.F.);
#2366 = ORIENTED_EDGE('',*,*,#2367,.T.);
#2367 = EDGE_CURVE('',#1222,#2335,#2368,.T.);
#2368 = LINE('',#2369,#2370);
#2369 = CARTESIAN_POINT('',(-1.899999999998,-0.508296943231,
    -0.812227074236));
#2370 = VECTOR('',#2371,1.);
#2371 = DIRECTION('',(0.,-0.132163720091,-0.991227900683));
#2372 = PLANE('',#2373);
#2373 = AXIS2_PLACEMENT_3D('',#2374,#2375,#2376);
#2374 = CARTESIAN_POINT('',(-1.899999999998,-1.349999999998,0.));
#2375 = DIRECTION('',(1.,0.,0.));
#2376 = DIRECTION('',(-0.,1.,0.));
#2377 = ADVANCED_FACE('',(#2378),#2396,.T.);
#2378 = FACE_BOUND('',#2379,.T.);
#2379 = EDGE_LOOP('',(#2380,#2381,#2389,#2395));
#2380 = ORIENTED_EDGE('',*,*,#1334,.T.);
#2381 = ORIENTED_EDGE('',*,*,#2382,.T.);
#2382 = EDGE_CURVE('',#1335,#2383,#2385,.T.);
#2383 = VERTEX_POINT('',#2384);
#2384 = CARTESIAN_POINT('',(-1.899999999998,-2.149999999998,0.));
#2385 = LINE('',#2386,#2387);
#2386 = CARTESIAN_POINT('',(-1.899999999998,-2.149999999998,3.9));
#2387 = VECTOR('',#2388,1.);
#2388 = DIRECTION('',(0.,0.,-1.));
#2389 = ORIENTED_EDGE('',*,*,#2390,.F.);
#2390 = EDGE_CURVE('',#1206,#2383,#2391,.T.);
#2391 = LINE('',#2392,#2393);
#2392 = CARTESIAN_POINT('',(-1.899999999998,-1.349999999998,0.));
#2393 = VECTOR('',#2394,1.);
#2394 = DIRECTION('',(0.,-1.,0.));
#2395 = ORIENTED_EDGE('',*,*,#1205,.F.);
#2396 = PLANE('',#2397);
#2397 = AXIS2_PLACEMENT_3D('',#2398,#2399,#2400);
#2398 = CARTESIAN_POINT('',(-1.899999999998,-1.349999999998,3.9));
#2399 = DIRECTION('',(1.,0.,0.));
#2400 = DIRECTION('',(0.,0.,-1.));
#2401 = ADVANCED_FACE('',(#2402),#2408,.F.);
#2402 = FACE_BOUND('',#2403,.F.);
#2403 = EDGE_LOOP('',(#2404,#2405,#2406,#2407));
#2404 = ORIENTED_EDGE('',*,*,#1278,.T.);
#2405 = ORIENTED_EDGE('',*,*,#1318,.T.);
#2406 = ORIENTED_EDGE('',*,*,#1302,.F.);
#2407 = ORIENTED_EDGE('',*,*,#2185,.F.);
#2408 = PLANE('',#2409);
#2409 = AXIS2_PLACEMENT_3D('',#2410,#2411,#2412);
#2410 = CARTESIAN_POINT('',(-1.899999999998,1.350000000002,0.));
#2411 = DIRECTION('',(0.,0.,1.));
#2412 = DIRECTION('',(-1.,0.,0.));
#2413 = ADVANCED_FACE('',(#2414),#2425,.F.);
#2414 = FACE_BOUND('',#2415,.F.);
#2415 = EDGE_LOOP('',(#2416,#2417,#2423,#2424));
#2416 = ORIENTED_EDGE('',*,*,#2382,.T.);
#2417 = ORIENTED_EDGE('',*,*,#2418,.T.);
#2418 = EDGE_CURVE('',#2383,#2312,#2419,.T.);
#2419 = LINE('',#2420,#2421);
#2420 = CARTESIAN_POINT('',(-1.899999999998,-2.149999999998,
    -1.110223024625E-16));
#2421 = VECTOR('',#2422,1.);
#2422 = DIRECTION('',(-1.,0.,0.));
#2423 = ORIENTED_EDGE('',*,*,#2311,.F.);
#2424 = ORIENTED_EDGE('',*,*,#1342,.F.);
#2425 = PLANE('',#2426);
#2426 = AXIS2_PLACEMENT_3D('',#2427,#2428,#2429);
#2427 = CARTESIAN_POINT('',(-1.899999999998,-2.149999999998,3.9));
#2428 = DIRECTION('',(0.,1.,0.));
#2429 = DIRECTION('',(-1.,0.,0.));
#2430 = ADVANCED_FACE('',(#2431),#2442,.F.);
#2431 = FACE_BOUND('',#2432,.F.);
#2432 = EDGE_LOOP('',(#2433,#2434,#2435,#2436));
#2433 = ORIENTED_EDGE('',*,*,#1375,.T.);
#2434 = ORIENTED_EDGE('',*,*,#1399,.T.);
#2435 = ORIENTED_EDGE('',*,*,#1433,.F.);
#2436 = ORIENTED_EDGE('',*,*,#2437,.F.);
#2437 = EDGE_CURVE('',#1368,#1426,#2438,.T.);
#2438 = LINE('',#2439,#2440);
#2439 = CARTESIAN_POINT('',(-1.849999999996,-2.149999999998,4.3));
#2440 = VECTOR('',#2441,1.);
#2441 = DIRECTION('',(1.,0.,0.));
#2442 = PLANE('',#2443);
#2443 = AXIS2_PLACEMENT_3D('',#2444,#2445,#2446);
#2444 = CARTESIAN_POINT('',(-1.849999999996,-2.149999999998,4.3));
#2445 = DIRECTION('',(0.,1.,0.));
#2446 = DIRECTION('',(1.,0.,0.));
#2447 = ADVANCED_FACE('',(#2448),#2459,.F.);
#2448 = FACE_BOUND('',#2449,.F.);
#2449 = EDGE_LOOP('',(#2450,#2451,#2452,#2453));
#2450 = ORIENTED_EDGE('',*,*,#1508,.T.);
#2451 = ORIENTED_EDGE('',*,*,#1565,.T.);
#2452 = ORIENTED_EDGE('',*,*,#1541,.F.);
#2453 = ORIENTED_EDGE('',*,*,#2454,.F.);
#2454 = EDGE_CURVE('',#1501,#1534,#2455,.T.);
#2455 = LINE('',#2456,#2457);
#2456 = CARTESIAN_POINT('',(6.300000000002,-1.349999999996,4.3));
#2457 = VECTOR('',#2458,1.);
#2458 = DIRECTION('',(0.,1.,0.));
#2459 = PLANE('',#2460);
#2460 = AXIS2_PLACEMENT_3D('',#2461,#2462,#2463);
#2461 = CARTESIAN_POINT('',(6.300000000002,-1.349999999996,4.3));
#2462 = DIRECTION('',(-1.,0.,0.));
#2463 = DIRECTION('',(0.,1.,0.));
#2464 = ADVANCED_FACE('',(#2465),#2483,.T.);
#2465 = FACE_BOUND('',#2466,.T.);
#2466 = EDGE_LOOP('',(#2467,#2468,#2474,#2475,#2481,#2482));
#2467 = ORIENTED_EDGE('',*,*,#1964,.T.);
#2468 = ORIENTED_EDGE('',*,*,#2469,.T.);
#2469 = EDGE_CURVE('',#1957,#2012,#2470,.T.);
#2470 = LINE('',#2471,#2472);
#2471 = CARTESIAN_POINT('',(5.850000000047,2.150000000002,1.3));
#2472 = VECTOR('',#2473,1.);
#2473 = DIRECTION('',(-1.,0.,0.));
#2474 = ORIENTED_EDGE('',*,*,#2019,.T.);
#2475 = ORIENTED_EDGE('',*,*,#2476,.T.);
#2476 = EDGE_CURVE('',#2020,#1600,#2477,.T.);
#2477 = LINE('',#2478,#2479);
#2478 = CARTESIAN_POINT('',(5.850000000047,2.150000000002,1.3));
#2479 = VECTOR('',#2480,1.);
#2480 = DIRECTION('',(-1.,0.,0.));
#2481 = ORIENTED_EDGE('',*,*,#1607,.F.);
#2482 = ORIENTED_EDGE('',*,*,#1584,.F.);
#2483 = PLANE('',#2484);
#2484 = AXIS2_PLACEMENT_3D('',#2485,#2486,#2487);
#2485 = CARTESIAN_POINT('',(5.850000000047,2.150000000002,4.3));
#2486 = DIRECTION('',(0.,1.,0.));
#2487 = DIRECTION('',(-1.,0.,0.));
#2488 = ADVANCED_FACE('',(#2489),#2507,.F.);
#2489 = FACE_BOUND('',#2490,.F.);
#2490 = EDGE_LOOP('',(#2491,#2492,#2500,#2506));
#2491 = ORIENTED_EDGE('',*,*,#2057,.T.);
#2492 = ORIENTED_EDGE('',*,*,#2493,.T.);
#2493 = EDGE_CURVE('',#2050,#2494,#2496,.T.);
#2494 = VERTEX_POINT('',#2495);
#2495 = CARTESIAN_POINT('',(-1.849999999996,2.150000000002,0.7));
#2496 = LINE('',#2497,#2498);
#2497 = CARTESIAN_POINT('',(-1.849999999996,1.750000000002,0.7));
#2498 = VECTOR('',#2499,1.);
#2499 = DIRECTION('',(0.,1.,0.));
#2500 = ORIENTED_EDGE('',*,*,#2501,.F.);
#2501 = EDGE_CURVE('',#1600,#2494,#2502,.T.);
#2502 = LINE('',#2503,#2504);
#2503 = CARTESIAN_POINT('',(-1.849999999996,2.150000000002,1.3));
#2504 = VECTOR('',#2505,1.);
#2505 = DIRECTION('',(0.,0.,-1.));
#2506 = ORIENTED_EDGE('',*,*,#1599,.F.);
#2507 = PLANE('',#2508);
#2508 = AXIS2_PLACEMENT_3D('',#2509,#2510,#2511);
#2509 = CARTESIAN_POINT('',(-1.849999999996,1.750000000002,1.3));
#2510 = DIRECTION('',(1.,0.,0.));
#2511 = DIRECTION('',(-0.,1.,0.));
#2512 = ADVANCED_FACE('',(#2513,#2531,#2537),#2543,.T.);
#2513 = FACE_BOUND('',#2514,.T.);
#2514 = EDGE_LOOP('',(#2515,#2516,#2522,#2523,#2529,#2530));
#2515 = ORIENTED_EDGE('',*,*,#1631,.T.);
#2516 = ORIENTED_EDGE('',*,*,#2517,.T.);
#2517 = EDGE_CURVE('',#1624,#1703,#2518,.T.);
#2518 = LINE('',#2519,#2520);
#2519 = CARTESIAN_POINT('',(-1.849999999996,-2.149999999998,1.3));
#2520 = VECTOR('',#2521,1.);
#2521 = DIRECTION('',(1.,0.,0.));
#2522 = ORIENTED_EDGE('',*,*,#1710,.T.);
#2523 = ORIENTED_EDGE('',*,*,#2524,.T.);
#2524 = EDGE_CURVE('',#1711,#1679,#2525,.T.);
#2525 = LINE('',#2526,#2527);
#2526 = CARTESIAN_POINT('',(-1.849999999996,-2.149999999998,1.3));
#2527 = VECTOR('',#2528,1.);
#2528 = DIRECTION('',(1.,0.,0.));
#2529 = ORIENTED_EDGE('',*,*,#1686,.F.);
#2530 = ORIENTED_EDGE('',*,*,#2437,.F.);
#2531 = FACE_BOUND('',#2532,.T.);
#2532 = EDGE_LOOP('',(#2533,#2534,#2535,#2536));
#2533 = ORIENTED_EDGE('',*,*,#1794,.T.);
#2534 = ORIENTED_EDGE('',*,*,#1763,.T.);
#2535 = ORIENTED_EDGE('',*,*,#1842,.T.);
#2536 = ORIENTED_EDGE('',*,*,#1818,.T.);
#2537 = FACE_BOUND('',#2538,.T.);
#2538 = EDGE_LOOP('',(#2539,#2540,#2541,#2542));
#2539 = ORIENTED_EDGE('',*,*,#1859,.T.);
#2540 = ORIENTED_EDGE('',*,*,#1914,.T.);
#2541 = ORIENTED_EDGE('',*,*,#1938,.T.);
#2542 = ORIENTED_EDGE('',*,*,#1890,.T.);
#2543 = PLANE('',#2544);
#2544 = AXIS2_PLACEMENT_3D('',#2545,#2546,#2547);
#2545 = CARTESIAN_POINT('',(-1.849999999996,-2.149999999998,4.3));
#2546 = DIRECTION('',(0.,-1.,0.));
#2547 = DIRECTION('',(1.,0.,0.));
#2548 = ADVANCED_FACE('',(#2549),#2567,.F.);
#2549 = FACE_BOUND('',#2550,.F.);
#2550 = EDGE_LOOP('',(#2551,#2559,#2565,#2566));
#2551 = ORIENTED_EDGE('',*,*,#2552,.T.);
#2552 = EDGE_CURVE('',#1624,#2553,#2555,.T.);
#2553 = VERTEX_POINT('',#2554);
#2554 = CARTESIAN_POINT('',(-1.849999999996,-2.149999999998,0.7));
#2555 = LINE('',#2556,#2557);
#2556 = CARTESIAN_POINT('',(-1.849999999996,-2.149999999998,1.3));
#2557 = VECTOR('',#2558,1.);
#2558 = DIRECTION('',(0.,0.,-1.));
#2559 = ORIENTED_EDGE('',*,*,#2560,.T.);
#2560 = EDGE_CURVE('',#2553,#1647,#2561,.T.);
#2561 = LINE('',#2562,#2563);
#2562 = CARTESIAN_POINT('',(-1.849999999996,-2.149999999998,0.7));
#2563 = VECTOR('',#2564,1.);
#2564 = DIRECTION('',(0.,1.,0.));
#2565 = ORIENTED_EDGE('',*,*,#1646,.F.);
#2566 = ORIENTED_EDGE('',*,*,#1623,.T.);
#2567 = PLANE('',#2568);
#2568 = AXIS2_PLACEMENT_3D('',#2569,#2570,#2571);
#2569 = CARTESIAN_POINT('',(-1.849999999996,-2.149999999998,1.3));
#2570 = DIRECTION('',(1.,0.,0.));
#2571 = DIRECTION('',(-0.,1.,0.));
#2572 = ADVANCED_FACE('',(#2573),#2591,.F.);
#2573 = FACE_BOUND('',#2574,.F.);
#2574 = EDGE_LOOP('',(#2575,#2576,#2584,#2590));
#2575 = ORIENTED_EDGE('',*,*,#1662,.T.);
#2576 = ORIENTED_EDGE('',*,*,#2577,.T.);
#2577 = EDGE_CURVE('',#1655,#2578,#2580,.T.);
#2578 = VERTEX_POINT('',#2579);
#2579 = CARTESIAN_POINT('',(-0.499999999996,-2.149999999998,0.7));
#2580 = LINE('',#2581,#2582);
#2581 = CARTESIAN_POINT('',(-0.499999999996,-1.749999999998,0.7));
#2582 = VECTOR('',#2583,1.);
#2583 = DIRECTION('',(0.,-1.,0.));
#2584 = ORIENTED_EDGE('',*,*,#2585,.F.);
#2585 = EDGE_CURVE('',#1703,#2578,#2586,.T.);
#2586 = LINE('',#2587,#2588);
#2587 = CARTESIAN_POINT('',(-0.499999999996,-2.149999999998,1.3));
#2588 = VECTOR('',#2589,1.);
#2589 = DIRECTION('',(0.,0.,-1.));
#2590 = ORIENTED_EDGE('',*,*,#1702,.F.);
#2591 = PLANE('',#2592);
#2592 = AXIS2_PLACEMENT_3D('',#2593,#2594,#2595);
#2593 = CARTESIAN_POINT('',(-0.499999999996,-1.749999999998,1.3));
#2594 = DIRECTION('',(-1.,-0.,-0.));
#2595 = DIRECTION('',(0.,-1.,0.));
#2596 = ADVANCED_FACE('',(#2597),#2622,.F.);
#2597 = FACE_BOUND('',#2598,.F.);
#2598 = EDGE_LOOP('',(#2599,#2607,#2615,#2621));
#2599 = ORIENTED_EDGE('',*,*,#2600,.T.);
#2600 = EDGE_CURVE('',#1647,#2601,#2603,.T.);
#2601 = VERTEX_POINT('',#2602);
#2602 = CARTESIAN_POINT('',(-1.849999999996,-0.749999999998,0.7));
#2603 = LINE('',#2604,#2605);
#2604 = CARTESIAN_POINT('',(-1.849999999996,-1.749999999998,0.7));
#2605 = VECTOR('',#2606,1.);
#2606 = DIRECTION('',(0.,1.,0.));
#2607 = ORIENTED_EDGE('',*,*,#2608,.T.);
#2608 = EDGE_CURVE('',#2601,#2609,#2611,.T.);
#2609 = VERTEX_POINT('',#2610);
#2610 = CARTESIAN_POINT('',(-0.499999999996,-0.749999999998,0.7));
#2611 = LINE('',#2612,#2613);
#2612 = CARTESIAN_POINT('',(-1.849999999996,-0.749999999998,0.7));
#2613 = VECTOR('',#2614,1.);
#2614 = DIRECTION('',(1.,0.,0.));
#2615 = ORIENTED_EDGE('',*,*,#2616,.F.);
#2616 = EDGE_CURVE('',#1655,#2609,#2617,.T.);
#2617 = LINE('',#2618,#2619);
#2618 = CARTESIAN_POINT('',(-0.499999999996,-1.749999999998,0.7));
#2619 = VECTOR('',#2620,1.);
#2620 = DIRECTION('',(0.,1.,0.));
#2621 = ORIENTED_EDGE('',*,*,#1654,.F.);
#2622 = PLANE('',#2623);
#2623 = AXIS2_PLACEMENT_3D('',#2624,#2625,#2626);
#2624 = CARTESIAN_POINT('',(-1.849999999996,-1.749999999998,0.7));
#2625 = DIRECTION('',(0.,0.,-1.));
#2626 = DIRECTION('',(1.,0.,0.));
#2627 = ADVANCED_FACE('',(#2628),#2646,.F.);
#2628 = FACE_BOUND('',#2629,.F.);
#2629 = EDGE_LOOP('',(#2630,#2631,#2639,#2645));
#2630 = ORIENTED_EDGE('',*,*,#1748,.T.);
#2631 = ORIENTED_EDGE('',*,*,#2632,.T.);
#2632 = EDGE_CURVE('',#1741,#2633,#2635,.T.);
#2633 = VERTEX_POINT('',#2634);
#2634 = CARTESIAN_POINT('',(5.849999999996,-2.149999999998,0.7));
#2635 = LINE('',#2636,#2637);
#2636 = CARTESIAN_POINT('',(5.849999999996,-1.749999999998,0.7));
#2637 = VECTOR('',#2638,1.);
#2638 = DIRECTION('',(0.,-1.,0.));
#2639 = ORIENTED_EDGE('',*,*,#2640,.F.);
#2640 = EDGE_CURVE('',#1679,#2633,#2641,.T.);
#2641 = LINE('',#2642,#2643);
#2642 = CARTESIAN_POINT('',(5.849999999996,-2.149999999998,1.3));
#2643 = VECTOR('',#2644,1.);
#2644 = DIRECTION('',(0.,0.,-1.));
#2645 = ORIENTED_EDGE('',*,*,#1678,.F.);
#2646 = PLANE('',#2647);
#2647 = AXIS2_PLACEMENT_3D('',#2648,#2649,#2650);
#2648 = CARTESIAN_POINT('',(5.849999999996,-1.749999999998,1.3));
#2649 = DIRECTION('',(-1.,-0.,-0.));
#2650 = DIRECTION('',(0.,-1.,0.));
#2651 = ADVANCED_FACE('',(#2652),#2670,.F.);
#2652 = FACE_BOUND('',#2653,.F.);
#2653 = EDGE_LOOP('',(#2654,#2662,#2668,#2669));
#2654 = ORIENTED_EDGE('',*,*,#2655,.T.);
#2655 = EDGE_CURVE('',#1711,#2656,#2658,.T.);
#2656 = VERTEX_POINT('',#2657);
#2657 = CARTESIAN_POINT('',(4.499999999996,-2.149999999998,0.7));
#2658 = LINE('',#2659,#2660);
#2659 = CARTESIAN_POINT('',(4.499999999996,-2.149999999998,1.3));
#2660 = VECTOR('',#2661,1.);
#2661 = DIRECTION('',(0.,0.,-1.));
#2662 = ORIENTED_EDGE('',*,*,#2663,.T.);
#2663 = EDGE_CURVE('',#2656,#1733,#2664,.T.);
#2664 = LINE('',#2665,#2666);
#2665 = CARTESIAN_POINT('',(4.499999999996,-2.149999999998,0.7));
#2666 = VECTOR('',#2667,1.);
#2667 = DIRECTION('',(0.,1.,0.));
#2668 = ORIENTED_EDGE('',*,*,#1732,.F.);
#2669 = ORIENTED_EDGE('',*,*,#1718,.F.);
#2670 = PLANE('',#2671);
#2671 = AXIS2_PLACEMENT_3D('',#2672,#2673,#2674);
#2672 = CARTESIAN_POINT('',(4.499999999996,-2.149999999998,1.3));
#2673 = DIRECTION('',(1.,0.,0.));
#2674 = DIRECTION('',(-0.,1.,0.));
#2675 = ADVANCED_FACE('',(#2676),#2701,.F.);
#2676 = FACE_BOUND('',#2677,.F.);
#2677 = EDGE_LOOP('',(#2678,#2686,#2694,#2700));
#2678 = ORIENTED_EDGE('',*,*,#2679,.T.);
#2679 = EDGE_CURVE('',#1733,#2680,#2682,.T.);
#2680 = VERTEX_POINT('',#2681);
#2681 = CARTESIAN_POINT('',(4.499999999996,-0.749999999998,0.7));
#2682 = LINE('',#2683,#2684);
#2683 = CARTESIAN_POINT('',(4.499999999996,-1.749999999998,0.7));
#2684 = VECTOR('',#2685,1.);
#2685 = DIRECTION('',(0.,1.,0.));
#2686 = ORIENTED_EDGE('',*,*,#2687,.T.);
#2687 = EDGE_CURVE('',#2680,#2688,#2690,.T.);
#2688 = VERTEX_POINT('',#2689);
#2689 = CARTESIAN_POINT('',(5.849999999996,-0.749999999998,0.7));
#2690 = LINE('',#2691,#2692);
#2691 = CARTESIAN_POINT('',(4.499999999996,-0.749999999998,0.7));
#2692 = VECTOR('',#2693,1.);
#2693 = DIRECTION('',(1.,0.,0.));
#2694 = ORIENTED_EDGE('',*,*,#2695,.F.);
#2695 = EDGE_CURVE('',#1741,#2688,#2696,.T.);
#2696 = LINE('',#2697,#2698);
#2697 = CARTESIAN_POINT('',(5.849999999996,-1.749999999998,0.7));
#2698 = VECTOR('',#2699,1.);
#2699 = DIRECTION('',(0.,1.,0.));
#2700 = ORIENTED_EDGE('',*,*,#1740,.F.);
#2701 = PLANE('',#2702);
#2702 = AXIS2_PLACEMENT_3D('',#2703,#2704,#2705);
#2703 = CARTESIAN_POINT('',(4.499999999996,-1.749999999998,0.7));
#2704 = DIRECTION('',(0.,0.,-1.));
#2705 = DIRECTION('',(1.,0.,0.));
#2706 = ADVANCED_FACE('',(#2707),#2725,.F.);
#2707 = FACE_BOUND('',#2708,.F.);
#2708 = EDGE_LOOP('',(#2709,#2717,#2723,#2724));
#2709 = ORIENTED_EDGE('',*,*,#2710,.T.);
#2710 = EDGE_CURVE('',#1957,#2711,#2713,.T.);
#2711 = VERTEX_POINT('',#2712);
#2712 = CARTESIAN_POINT('',(5.850000000047,2.150000000002,0.7));
#2713 = LINE('',#2714,#2715);
#2714 = CARTESIAN_POINT('',(5.850000000047,2.150000000002,1.3));
#2715 = VECTOR('',#2716,1.);
#2716 = DIRECTION('',(0.,0.,-1.));
#2717 = ORIENTED_EDGE('',*,*,#2718,.T.);
#2718 = EDGE_CURVE('',#2711,#1980,#2719,.T.);
#2719 = LINE('',#2720,#2721);
#2720 = CARTESIAN_POINT('',(5.850000000047,2.150000000002,0.7));
#2721 = VECTOR('',#2722,1.);
#2722 = DIRECTION('',(0.,-1.,0.));
#2723 = ORIENTED_EDGE('',*,*,#1979,.F.);
#2724 = ORIENTED_EDGE('',*,*,#1956,.T.);
#2725 = PLANE('',#2726);
#2726 = AXIS2_PLACEMENT_3D('',#2727,#2728,#2729);
#2727 = CARTESIAN_POINT('',(5.850000000047,2.150000000002,1.3));
#2728 = DIRECTION('',(-1.,-0.,-0.));
#2729 = DIRECTION('',(0.,-1.,0.));
#2730 = ADVANCED_FACE('',(#2731),#2749,.F.);
#2731 = FACE_BOUND('',#2732,.F.);
#2732 = EDGE_LOOP('',(#2733,#2734,#2742,#2748));
#2733 = ORIENTED_EDGE('',*,*,#1995,.T.);
#2734 = ORIENTED_EDGE('',*,*,#2735,.T.);
#2735 = EDGE_CURVE('',#1988,#2736,#2738,.T.);
#2736 = VERTEX_POINT('',#2737);
#2737 = CARTESIAN_POINT('',(4.499999999996,2.150000000002,0.7));
#2738 = LINE('',#2739,#2740);
#2739 = CARTESIAN_POINT('',(4.499999999996,1.750000000002,0.7));
#2740 = VECTOR('',#2741,1.);
#2741 = DIRECTION('',(0.,1.,0.));
#2742 = ORIENTED_EDGE('',*,*,#2743,.F.);
#2743 = EDGE_CURVE('',#2012,#2736,#2744,.T.);
#2744 = LINE('',#2745,#2746);
#2745 = CARTESIAN_POINT('',(4.499999999996,2.150000000002,1.3));
#2746 = VECTOR('',#2747,1.);
#2747 = DIRECTION('',(0.,0.,-1.));
#2748 = ORIENTED_EDGE('',*,*,#2011,.F.);
#2749 = PLANE('',#2750);
#2750 = AXIS2_PLACEMENT_3D('',#2751,#2752,#2753);
#2751 = CARTESIAN_POINT('',(4.499999999996,1.750000000002,1.3));
#2752 = DIRECTION('',(1.,0.,0.));
#2753 = DIRECTION('',(-0.,1.,0.));
#2754 = ADVANCED_FACE('',(#2755),#2780,.F.);
#2755 = FACE_BOUND('',#2756,.F.);
#2756 = EDGE_LOOP('',(#2757,#2765,#2773,#2779));
#2757 = ORIENTED_EDGE('',*,*,#2758,.T.);
#2758 = EDGE_CURVE('',#1980,#2759,#2761,.T.);
#2759 = VERTEX_POINT('',#2760);
#2760 = CARTESIAN_POINT('',(5.850000000047,0.750000000002,0.7));
#2761 = LINE('',#2762,#2763);
#2762 = CARTESIAN_POINT('',(5.850000000047,1.750000000002,0.7));
#2763 = VECTOR('',#2764,1.);
#2764 = DIRECTION('',(0.,-1.,0.));
#2765 = ORIENTED_EDGE('',*,*,#2766,.T.);
#2766 = EDGE_CURVE('',#2759,#2767,#2769,.T.);
#2767 = VERTEX_POINT('',#2768);
#2768 = CARTESIAN_POINT('',(4.499999999996,0.750000000002,0.7));
#2769 = LINE('',#2770,#2771);
#2770 = CARTESIAN_POINT('',(5.850000000047,0.750000000002,0.7));
#2771 = VECTOR('',#2772,1.);
#2772 = DIRECTION('',(-1.,0.,0.));
#2773 = ORIENTED_EDGE('',*,*,#2774,.F.);
#2774 = EDGE_CURVE('',#1988,#2767,#2775,.T.);
#2775 = LINE('',#2776,#2777);
#2776 = CARTESIAN_POINT('',(4.499999999996,1.750000000002,0.7));
#2777 = VECTOR('',#2778,1.);
#2778 = DIRECTION('',(0.,-1.,0.));
#2779 = ORIENTED_EDGE('',*,*,#1987,.F.);
#2780 = PLANE('',#2781);
#2781 = AXIS2_PLACEMENT_3D('',#2782,#2783,#2784);
#2782 = CARTESIAN_POINT('',(5.850000000047,1.750000000002,0.7));
#2783 = DIRECTION('',(-0.,-0.,-1.));
#2784 = DIRECTION('',(-1.,0.,0.));
#2785 = ADVANCED_FACE('',(#2786),#2804,.F.);
#2786 = FACE_BOUND('',#2787,.F.);
#2787 = EDGE_LOOP('',(#2788,#2796,#2802,#2803));
#2788 = ORIENTED_EDGE('',*,*,#2789,.T.);
#2789 = EDGE_CURVE('',#2020,#2790,#2792,.T.);
#2790 = VERTEX_POINT('',#2791);
#2791 = CARTESIAN_POINT('',(-0.499999999996,2.150000000002,0.7));
#2792 = LINE('',#2793,#2794);
#2793 = CARTESIAN_POINT('',(-0.499999999996,2.150000000002,1.3));
#2794 = VECTOR('',#2795,1.);
#2795 = DIRECTION('',(0.,0.,-1.));
#2796 = ORIENTED_EDGE('',*,*,#2797,.T.);
#2797 = EDGE_CURVE('',#2790,#2042,#2798,.T.);
#2798 = LINE('',#2799,#2800);
#2799 = CARTESIAN_POINT('',(-0.499999999996,2.150000000002,0.7));
#2800 = VECTOR('',#2801,1.);
#2801 = DIRECTION('',(0.,-1.,0.));
#2802 = ORIENTED_EDGE('',*,*,#2041,.F.);
#2803 = ORIENTED_EDGE('',*,*,#2027,.F.);
#2804 = PLANE('',#2805);
#2805 = AXIS2_PLACEMENT_3D('',#2806,#2807,#2808);
#2806 = CARTESIAN_POINT('',(-0.499999999996,2.150000000002,1.3));
#2807 = DIRECTION('',(-1.,-0.,-0.));
#2808 = DIRECTION('',(0.,-1.,0.));
#2809 = ADVANCED_FACE('',(#2810),#2835,.F.);
#2810 = FACE_BOUND('',#2811,.F.);
#2811 = EDGE_LOOP('',(#2812,#2820,#2828,#2834));
#2812 = ORIENTED_EDGE('',*,*,#2813,.T.);
#2813 = EDGE_CURVE('',#2042,#2814,#2816,.T.);
#2814 = VERTEX_POINT('',#2815);
#2815 = CARTESIAN_POINT('',(-0.499999999996,0.750000000002,0.7));
#2816 = LINE('',#2817,#2818);
#2817 = CARTESIAN_POINT('',(-0.499999999996,1.750000000002,0.7));
#2818 = VECTOR('',#2819,1.);
#2819 = DIRECTION('',(0.,-1.,0.));
#2820 = ORIENTED_EDGE('',*,*,#2821,.T.);
#2821 = EDGE_CURVE('',#2814,#2822,#2824,.T.);
#2822 = VERTEX_POINT('',#2823);
#2823 = CARTESIAN_POINT('',(-1.849999999996,0.750000000002,0.7));
#2824 = LINE('',#2825,#2826);
#2825 = CARTESIAN_POINT('',(-0.499999999996,0.750000000002,0.7));
#2826 = VECTOR('',#2827,1.);
#2827 = DIRECTION('',(-1.,0.,0.));
#2828 = ORIENTED_EDGE('',*,*,#2829,.F.);
#2829 = EDGE_CURVE('',#2050,#2822,#2830,.T.);
#2830 = LINE('',#2831,#2832);
#2831 = CARTESIAN_POINT('',(-1.849999999996,1.750000000002,0.7));
#2832 = VECTOR('',#2833,1.);
#2833 = DIRECTION('',(0.,-1.,0.));
#2834 = ORIENTED_EDGE('',*,*,#2049,.F.);
#2835 = PLANE('',#2836);
#2836 = AXIS2_PLACEMENT_3D('',#2837,#2838,#2839);
#2837 = CARTESIAN_POINT('',(-0.499999999996,1.750000000002,0.7));
#2838 = DIRECTION('',(-0.,-0.,-1.));
#2839 = DIRECTION('',(-1.,0.,0.));
#2840 = ADVANCED_FACE('',(#2841),#2852,.T.);
#2841 = FACE_BOUND('',#2842,.T.);
#2842 = EDGE_LOOP('',(#2843,#2844,#2850,#2851));
#2843 = ORIENTED_EDGE('',*,*,#2081,.T.);
#2844 = ORIENTED_EDGE('',*,*,#2845,.T.);
#2845 = EDGE_CURVE('',#2074,#2098,#2846,.T.);
#2846 = LINE('',#2847,#2848);
#2847 = CARTESIAN_POINT('',(6.300000000002,-1.349999999996,3.9));
#2848 = VECTOR('',#2849,1.);
#2849 = DIRECTION('',(0.,1.,0.));
#2850 = ORIENTED_EDGE('',*,*,#2105,.F.);
#2851 = ORIENTED_EDGE('',*,*,#2454,.F.);
#2852 = PLANE('',#2853);
#2853 = AXIS2_PLACEMENT_3D('',#2854,#2855,#2856);
#2854 = CARTESIAN_POINT('',(6.300000000002,-1.349999999996,4.3));
#2855 = DIRECTION('',(1.,0.,0.));
#2856 = DIRECTION('',(-0.,1.,0.));
#2857 = ADVANCED_FACE('',(#2858),#2883,.T.);
#2858 = FACE_BOUND('',#2859,.T.);
#2859 = EDGE_LOOP('',(#2860,#2868,#2876,#2882));
#2860 = ORIENTED_EDGE('',*,*,#2861,.T.);
#2861 = EDGE_CURVE('',#1109,#2862,#2864,.T.);
#2862 = VERTEX_POINT('',#2863);
#2863 = CARTESIAN_POINT('',(5.900000000002,-2.149999999996,3.9));
#2864 = LINE('',#2865,#2866);
#2865 = CARTESIAN_POINT('',(5.900000000002,-1.349999999996,3.9));
#2866 = VECTOR('',#2867,1.);
#2867 = DIRECTION('',(0.,-1.,0.));
#2868 = ORIENTED_EDGE('',*,*,#2869,.T.);
#2869 = EDGE_CURVE('',#2862,#2870,#2872,.T.);
#2870 = VERTEX_POINT('',#2871);
#2871 = CARTESIAN_POINT('',(6.300000000002,-2.149999999996,3.9));
#2872 = LINE('',#2873,#2874);
#2873 = CARTESIAN_POINT('',(5.900000000002,-2.149999999996,3.9));
#2874 = VECTOR('',#2875,1.);
#2875 = DIRECTION('',(1.,0.,0.));
#2876 = ORIENTED_EDGE('',*,*,#2877,.F.);
#2877 = EDGE_CURVE('',#2074,#2870,#2878,.T.);
#2878 = LINE('',#2879,#2880);
#2879 = CARTESIAN_POINT('',(6.300000000002,-1.349999999996,3.9));
#2880 = VECTOR('',#2881,1.);
#2881 = DIRECTION('',(0.,-1.,0.));
#2882 = ORIENTED_EDGE('',*,*,#2073,.F.);
#2883 = PLANE('',#2884);
#2884 = AXIS2_PLACEMENT_3D('',#2885,#2886,#2887);
#2885 = CARTESIAN_POINT('',(5.900000000002,-1.349999999996,3.9));
#2886 = DIRECTION('',(0.,0.,1.));
#2887 = DIRECTION('',(1.,0.,-0.));
#2888 = ADVANCED_FACE('',(#2889),#2914,.F.);
#2889 = FACE_BOUND('',#2890,.F.);
#2890 = EDGE_LOOP('',(#2891,#2899,#2907,#2913));
#2891 = ORIENTED_EDGE('',*,*,#2892,.T.);
#2892 = EDGE_CURVE('',#1117,#2893,#2895,.T.);
#2893 = VERTEX_POINT('',#2894);
#2894 = CARTESIAN_POINT('',(5.900000000002,2.149999999996,3.9));
#2895 = LINE('',#2896,#2897);
#2896 = CARTESIAN_POINT('',(5.900000000002,1.349999999996,3.9));
#2897 = VECTOR('',#2898,1.);
#2898 = DIRECTION('',(0.,1.,0.));
#2899 = ORIENTED_EDGE('',*,*,#2900,.T.);
#2900 = EDGE_CURVE('',#2893,#2901,#2903,.T.);
#2901 = VERTEX_POINT('',#2902);
#2902 = CARTESIAN_POINT('',(6.300000000002,2.149999999996,3.9));
#2903 = LINE('',#2904,#2905);
#2904 = CARTESIAN_POINT('',(5.900000000002,2.149999999996,3.9));
#2905 = VECTOR('',#2906,1.);
#2906 = DIRECTION('',(1.,0.,0.));
#2907 = ORIENTED_EDGE('',*,*,#2908,.F.);
#2908 = EDGE_CURVE('',#2098,#2901,#2909,.T.);
#2909 = LINE('',#2910,#2911);
#2910 = CARTESIAN_POINT('',(6.300000000002,1.349999999996,3.9));
#2911 = VECTOR('',#2912,1.);
#2912 = DIRECTION('',(0.,1.,0.));
#2913 = ORIENTED_EDGE('',*,*,#2097,.F.);
#2914 = PLANE('',#2915);
#2915 = AXIS2_PLACEMENT_3D('',#2916,#2917,#2918);
#2916 = CARTESIAN_POINT('',(5.900000000002,1.349999999996,3.9));
#2917 = DIRECTION('',(0.,0.,-1.));
#2918 = DIRECTION('',(1.,0.,0.));
#2919 = ADVANCED_FACE('',(#2920),#2938,.T.);
#2920 = FACE_BOUND('',#2921,.T.);
#2921 = EDGE_LOOP('',(#2922,#2923,#2931,#2937));
#2922 = ORIENTED_EDGE('',*,*,#2892,.T.);
#2923 = ORIENTED_EDGE('',*,*,#2924,.T.);
#2924 = EDGE_CURVE('',#2893,#2925,#2927,.T.);
#2925 = VERTEX_POINT('',#2926);
#2926 = CARTESIAN_POINT('',(5.900000000002,2.149999999996,0.));
#2927 = LINE('',#2928,#2929);
#2928 = CARTESIAN_POINT('',(5.900000000002,2.149999999996,3.9));
#2929 = VECTOR('',#2930,1.);
#2930 = DIRECTION('',(0.,0.,-1.));
#2931 = ORIENTED_EDGE('',*,*,#2932,.F.);
#2932 = EDGE_CURVE('',#2164,#2925,#2933,.T.);
#2933 = LINE('',#2934,#2935);
#2934 = CARTESIAN_POINT('',(5.900000000002,1.349999999996,0.));
#2935 = VECTOR('',#2936,1.);
#2936 = DIRECTION('',(0.,1.,0.));
#2937 = ORIENTED_EDGE('',*,*,#2171,.F.);
#2938 = PLANE('',#2939);
#2939 = AXIS2_PLACEMENT_3D('',#2940,#2941,#2942);
#2940 = CARTESIAN_POINT('',(5.900000000002,1.349999999996,3.9));
#2941 = DIRECTION('',(-1.,0.,0.));
#2942 = DIRECTION('',(0.,0.,-1.));
#2943 = ADVANCED_FACE('',(#2944),#2969,.T.);
#2944 = FACE_BOUND('',#2945,.T.);
#2945 = EDGE_LOOP('',(#2946,#2947,#2955,#2963));
#2946 = ORIENTED_EDGE('',*,*,#2163,.T.);
#2947 = ORIENTED_EDGE('',*,*,#2948,.T.);
#2948 = EDGE_CURVE('',#2164,#2949,#2951,.T.);
#2949 = VERTEX_POINT('',#2950);
#2950 = CARTESIAN_POINT('',(6.300000000002,1.349999999996,0.));
#2951 = LINE('',#2952,#2953);
#2952 = CARTESIAN_POINT('',(5.900000000002,1.349999999996,
    -1.110223024625E-16));
#2953 = VECTOR('',#2954,1.);
#2954 = DIRECTION('',(1.,0.,0.));
#2955 = ORIENTED_EDGE('',*,*,#2956,.F.);
#2956 = EDGE_CURVE('',#2957,#2949,#2959,.T.);
#2957 = VERTEX_POINT('',#2958);
#2958 = CARTESIAN_POINT('',(6.300000000002,1.250000000002,0.));
#2959 = LINE('',#2960,#2961);
#2960 = CARTESIAN_POINT('',(6.300000000002,-1.349999999996,
    -1.110223024625E-16));
#2961 = VECTOR('',#2962,1.);
#2962 = DIRECTION('',(0.,1.,0.));
#2963 = ORIENTED_EDGE('',*,*,#2964,.F.);
#2964 = EDGE_CURVE('',#2155,#2957,#2965,.T.);
#2965 = LINE('',#2966,#2967);
#2966 = CARTESIAN_POINT('',(-2.299999999998,1.250000000002,0.));
#2967 = VECTOR('',#2968,1.);
#2968 = DIRECTION('',(1.,0.,0.));
#2969 = PLANE('',#2970);
#2970 = AXIS2_PLACEMENT_3D('',#2971,#2972,#2973);
#2971 = CARTESIAN_POINT('',(-2.299999999998,1.350000000002,0.));
#2972 = DIRECTION('',(0.,0.,-1.));
#2973 = DIRECTION('',(0.,-1.,0.));
#2974 = ADVANCED_FACE('',(#2975),#2994,.F.);
#2975 = FACE_BOUND('',#2976,.F.);
#2976 = EDGE_LOOP('',(#2977,#2978,#2986,#2993));
#2977 = ORIENTED_EDGE('',*,*,#2154,.F.);
#2978 = ORIENTED_EDGE('',*,*,#2979,.T.);
#2979 = EDGE_CURVE('',#2147,#2980,#2982,.T.);
#2980 = VERTEX_POINT('',#2981);
#2981 = CARTESIAN_POINT('',(6.300000000002,0.4,0.));
#2982 = LINE('',#2983,#2984);
#2983 = CARTESIAN_POINT('',(-2.299999999998,0.4,0.));
#2984 = VECTOR('',#2985,1.);
#2985 = DIRECTION('',(1.,0.,0.));
#2986 = ORIENTED_EDGE('',*,*,#2987,.T.);
#2987 = EDGE_CURVE('',#2980,#2957,#2988,.T.);
#2988 = CIRCLE('',#2989,0.425000000001);
#2989 = AXIS2_PLACEMENT_3D('',#2990,#2991,#2992);
#2990 = CARTESIAN_POINT('',(6.300000000002,0.825000000001,0.));
#2991 = DIRECTION('',(-1.,0.,0.));
#2992 = DIRECTION('',(0.,-1.,0.));
#2993 = ORIENTED_EDGE('',*,*,#2964,.F.);
#2994 = CYLINDRICAL_SURFACE('',#2995,0.425000000001);
#2995 = AXIS2_PLACEMENT_3D('',#2996,#2997,#2998);
#2996 = CARTESIAN_POINT('',(-2.299999999998,0.825000000001,0.));
#2997 = DIRECTION('',(-1.,0.,0.));
#2998 = DIRECTION('',(0.,-1.,0.));
#2999 = ADVANCED_FACE('',(#3000),#3041,.F.);
#3000 = FACE_BOUND('',#3001,.F.);
#3001 = EDGE_LOOP('',(#3002,#3012,#3020,#3028,#3034,#3035));
#3002 = ORIENTED_EDGE('',*,*,#3003,.T.);
#3003 = EDGE_CURVE('',#3004,#3006,#3008,.T.);
#3004 = VERTEX_POINT('',#3005);
#3005 = CARTESIAN_POINT('',(5.900000000002,-0.6,-1.5));
#3006 = VERTEX_POINT('',#3007);
#3007 = CARTESIAN_POINT('',(5.900000000002,-0.2,-2.8));
#3008 = LINE('',#3009,#3010);
#3009 = CARTESIAN_POINT('',(5.900000000002,-0.643243243243,
    -1.35945945946));
#3010 = VECTOR('',#3011,1.);
#3011 = DIRECTION('',(0.,0.294085848838,-0.955779008722));
#3012 = ORIENTED_EDGE('',*,*,#3013,.T.);
#3013 = EDGE_CURVE('',#3006,#3014,#3016,.T.);
#3014 = VERTEX_POINT('',#3015);
#3015 = CARTESIAN_POINT('',(5.900000000002,0.2,-2.8));
#3016 = LINE('',#3017,#3018);
#3017 = CARTESIAN_POINT('',(5.900000000002,-1.349999999996,-2.8));
#3018 = VECTOR('',#3019,1.);
#3019 = DIRECTION('',(0.,1.,0.));
#3020 = ORIENTED_EDGE('',*,*,#3021,.T.);
#3021 = EDGE_CURVE('',#3014,#3022,#3024,.T.);
#3022 = VERTEX_POINT('',#3023);
#3023 = CARTESIAN_POINT('',(5.900000000002,0.6,-1.5));
#3024 = LINE('',#3025,#3026);
#3025 = CARTESIAN_POINT('',(5.900000000002,0.726486486487,
    -1.088918918918));
#3026 = VECTOR('',#3027,1.);
#3027 = DIRECTION('',(0.,0.294085848838,0.955779008722));
#3028 = ORIENTED_EDGE('',*,*,#3029,.T.);
#3029 = EDGE_CURVE('',#3022,#2147,#3030,.T.);
#3030 = LINE('',#3031,#3032);
#3031 = CARTESIAN_POINT('',(5.900000000002,0.384716157205,0.11462882096)
  );
#3032 = VECTOR('',#3033,1.);
#3033 = DIRECTION('',(0.,-0.132163720091,0.991227900683));
#3034 = ORIENTED_EDGE('',*,*,#2146,.F.);
#3035 = ORIENTED_EDGE('',*,*,#3036,.T.);
#3036 = EDGE_CURVE('',#2138,#3004,#3037,.T.);
#3037 = LINE('',#3038,#3039);
#3038 = CARTESIAN_POINT('',(5.900000000002,-0.508296943231,
    -0.812227074236));
#3039 = VECTOR('',#3040,1.);
#3040 = DIRECTION('',(0.,-0.132163720091,-0.991227900683));
#3041 = PLANE('',#3042);
#3042 = AXIS2_PLACEMENT_3D('',#3043,#3044,#3045);
#3043 = CARTESIAN_POINT('',(5.900000000002,-1.349999999996,0.));
#3044 = DIRECTION('',(1.,0.,0.));
#3045 = DIRECTION('',(-0.,1.,0.));
#3046 = ADVANCED_FACE('',(#3047),#3073,.F.);
#3047 = FACE_BOUND('',#3048,.F.);
#3048 = EDGE_LOOP('',(#3049,#3050,#3058,#3067));
#3049 = ORIENTED_EDGE('',*,*,#2137,.F.);
#3050 = ORIENTED_EDGE('',*,*,#3051,.T.);
#3051 = EDGE_CURVE('',#2130,#3052,#3054,.T.);
#3052 = VERTEX_POINT('',#3053);
#3053 = CARTESIAN_POINT('',(6.300000000002,-1.249999999997,0.));
#3054 = LINE('',#3055,#3056);
#3055 = CARTESIAN_POINT('',(-2.299999999998,-1.249999999997,0.));
#3056 = VECTOR('',#3057,1.);
#3057 = DIRECTION('',(1.,0.,0.));
#3058 = ORIENTED_EDGE('',*,*,#3059,.T.);
#3059 = EDGE_CURVE('',#3052,#3060,#3062,.T.);
#3060 = VERTEX_POINT('',#3061);
#3061 = CARTESIAN_POINT('',(6.300000000002,-0.4,0.));
#3062 = CIRCLE('',#3063,0.424999999999);
#3063 = AXIS2_PLACEMENT_3D('',#3064,#3065,#3066);
#3064 = CARTESIAN_POINT('',(6.300000000002,-0.824999999999,0.));
#3065 = DIRECTION('',(-1.,0.,0.));
#3066 = DIRECTION('',(0.,-1.,0.));
#3067 = ORIENTED_EDGE('',*,*,#3068,.F.);
#3068 = EDGE_CURVE('',#2138,#3060,#3069,.T.);
#3069 = LINE('',#3070,#3071);
#3070 = CARTESIAN_POINT('',(-2.299999999998,-0.4,0.));
#3071 = VECTOR('',#3072,1.);
#3072 = DIRECTION('',(1.,0.,0.));
#3073 = CYLINDRICAL_SURFACE('',#3074,0.424999999999);
#3074 = AXIS2_PLACEMENT_3D('',#3075,#3076,#3077);
#3075 = CARTESIAN_POINT('',(-2.299999999998,-0.824999999999,0.));
#3076 = DIRECTION('',(-1.,0.,0.));
#3077 = DIRECTION('',(0.,-1.,0.));
#3078 = ADVANCED_FACE('',(#3079),#3097,.T.);
#3079 = FACE_BOUND('',#3080,.T.);
#3080 = EDGE_LOOP('',(#3081,#3082,#3083,#3091));
#3081 = ORIENTED_EDGE('',*,*,#2129,.T.);
#3082 = ORIENTED_EDGE('',*,*,#3051,.T.);
#3083 = ORIENTED_EDGE('',*,*,#3084,.F.);
#3084 = EDGE_CURVE('',#3085,#3052,#3087,.T.);
#3085 = VERTEX_POINT('',#3086);
#3086 = CARTESIAN_POINT('',(6.300000000002,-1.349999999996,0.));
#3087 = LINE('',#3088,#3089);
#3088 = CARTESIAN_POINT('',(6.300000000002,-1.349999999996,
    -1.110223024625E-16));
#3089 = VECTOR('',#3090,1.);
#3090 = DIRECTION('',(0.,1.,0.));
#3091 = ORIENTED_EDGE('',*,*,#3092,.F.);
#3092 = EDGE_CURVE('',#2122,#3085,#3093,.T.);
#3093 = LINE('',#3094,#3095);
#3094 = CARTESIAN_POINT('',(5.900000000002,-1.349999999996,
    -1.110223024625E-16));
#3095 = VECTOR('',#3096,1.);
#3096 = DIRECTION('',(1.,0.,0.));
#3097 = PLANE('',#3098);
#3098 = AXIS2_PLACEMENT_3D('',#3099,#3100,#3101);
#3099 = CARTESIAN_POINT('',(-2.299999999998,-1.249999999997,0.));
#3100 = DIRECTION('',(0.,0.,-1.));
#3101 = DIRECTION('',(0.,-1.,0.));
#3102 = ADVANCED_FACE('',(#3103),#3121,.F.);
#3103 = FACE_BOUND('',#3104,.F.);
#3104 = EDGE_LOOP('',(#3105,#3106,#3114,#3120));
#3105 = ORIENTED_EDGE('',*,*,#2861,.T.);
#3106 = ORIENTED_EDGE('',*,*,#3107,.T.);
#3107 = EDGE_CURVE('',#2862,#3108,#3110,.T.);
#3108 = VERTEX_POINT('',#3109);
#3109 = CARTESIAN_POINT('',(5.900000000002,-2.149999999996,0.));
#3110 = LINE('',#3111,#3112);
#3111 = CARTESIAN_POINT('',(5.900000000002,-2.149999999996,3.9));
#3112 = VECTOR('',#3113,1.);
#3113 = DIRECTION('',(0.,0.,-1.));
#3114 = ORIENTED_EDGE('',*,*,#3115,.F.);
#3115 = EDGE_CURVE('',#2122,#3108,#3116,.T.);
#3116 = LINE('',#3117,#3118);
#3117 = CARTESIAN_POINT('',(5.900000000002,-1.349999999996,0.));
#3118 = VECTOR('',#3119,1.);
#3119 = DIRECTION('',(0.,-1.,0.));
#3120 = ORIENTED_EDGE('',*,*,#2121,.F.);
#3121 = PLANE('',#3122);
#3122 = AXIS2_PLACEMENT_3D('',#3123,#3124,#3125);
#3123 = CARTESIAN_POINT('',(5.900000000002,-1.349999999996,3.9));
#3124 = DIRECTION('',(1.,0.,0.));
#3125 = DIRECTION('',(0.,0.,-1.));
#3126 = ADVANCED_FACE('',(#3127),#3138,.T.);
#3127 = FACE_BOUND('',#3128,.T.);
#3128 = EDGE_LOOP('',(#3129,#3130,#3131,#3132));
#3129 = ORIENTED_EDGE('',*,*,#2250,.F.);
#3130 = ORIENTED_EDGE('',*,*,#2208,.T.);
#3131 = ORIENTED_EDGE('',*,*,#2360,.F.);
#3132 = ORIENTED_EDGE('',*,*,#3133,.F.);
#3133 = EDGE_CURVE('',#2243,#2353,#3134,.T.);
#3134 = LINE('',#3135,#3136);
#3135 = CARTESIAN_POINT('',(-2.299999999998,0.6,-1.5));
#3136 = VECTOR('',#3137,1.);
#3137 = DIRECTION('',(1.,0.,0.));
#3138 = PLANE('',#3139);
#3139 = AXIS2_PLACEMENT_3D('',#3140,#3141,#3142);
#3140 = CARTESIAN_POINT('',(-2.299999999998,0.4,0.));
#3141 = DIRECTION('',(0.,0.991227900683,0.132163720091));
#3142 = DIRECTION('',(0.,0.132163720091,-0.991227900683));
#3143 = ADVANCED_FACE('',(#3144),#3160,.T.);
#3144 = FACE_BOUND('',#3145,.T.);
#3145 = EDGE_LOOP('',(#3146,#3147,#3153,#3154));
#3146 = ORIENTED_EDGE('',*,*,#2224,.F.);
#3147 = ORIENTED_EDGE('',*,*,#3148,.T.);
#3148 = EDGE_CURVE('',#2225,#2337,#3149,.T.);
#3149 = LINE('',#3150,#3151);
#3150 = CARTESIAN_POINT('',(-2.299999999998,-0.2,-2.8));
#3151 = VECTOR('',#3152,1.);
#3152 = DIRECTION('',(1.,0.,0.));
#3153 = ORIENTED_EDGE('',*,*,#2334,.F.);
#3154 = ORIENTED_EDGE('',*,*,#3155,.F.);
#3155 = EDGE_CURVE('',#2227,#2335,#3156,.T.);
#3156 = LINE('',#3157,#3158);
#3157 = CARTESIAN_POINT('',(-2.299999999998,-0.6,-1.5));
#3158 = VECTOR('',#3159,1.);
#3159 = DIRECTION('',(1.,0.,0.));
#3160 = PLANE('',#3161);
#3161 = AXIS2_PLACEMENT_3D('',#3162,#3163,#3164);
#3162 = CARTESIAN_POINT('',(-2.299999999998,-0.2,-2.8));
#3163 = DIRECTION('',(0.,-0.955779008722,-0.294085848838));
#3164 = DIRECTION('',(0.,-0.294085848838,0.955779008722));
#3165 = ADVANCED_FACE('',(#3166),#3172,.T.);
#3166 = FACE_BOUND('',#3167,.T.);
#3167 = EDGE_LOOP('',(#3168,#3169,#3170,#3171));
#3168 = ORIENTED_EDGE('',*,*,#2257,.F.);
#3169 = ORIENTED_EDGE('',*,*,#3155,.T.);
#3170 = ORIENTED_EDGE('',*,*,#2367,.F.);
#3171 = ORIENTED_EDGE('',*,*,#2279,.F.);
#3172 = PLANE('',#3173);
#3173 = AXIS2_PLACEMENT_3D('',#3174,#3175,#3176);
#3174 = CARTESIAN_POINT('',(-2.299999999998,-0.6,-1.5));
#3175 = DIRECTION('',(0.,-0.991227900683,0.132163720091));
#3176 = DIRECTION('',(0.,0.132163720091,0.991227900683));
#3177 = ADVANCED_FACE('',(#3178),#3189,.T.);
#3178 = FACE_BOUND('',#3179,.T.);
#3179 = EDGE_LOOP('',(#3180,#3181,#3182,#3183));
#3180 = ORIENTED_EDGE('',*,*,#2242,.F.);
#3181 = ORIENTED_EDGE('',*,*,#3133,.T.);
#3182 = ORIENTED_EDGE('',*,*,#2352,.F.);
#3183 = ORIENTED_EDGE('',*,*,#3184,.F.);
#3184 = EDGE_CURVE('',#2235,#2345,#3185,.T.);
#3185 = LINE('',#3186,#3187);
#3186 = CARTESIAN_POINT('',(-2.299999999998,0.2,-2.8));
#3187 = VECTOR('',#3188,1.);
#3188 = DIRECTION('',(1.,0.,0.));
#3189 = PLANE('',#3190);
#3190 = AXIS2_PLACEMENT_3D('',#3191,#3192,#3193);
#3191 = CARTESIAN_POINT('',(-2.299999999998,0.6,-1.5));
#3192 = DIRECTION('',(0.,0.955779008722,-0.294085848838));
#3193 = DIRECTION('',(0.,-0.294085848838,-0.955779008722));
#3194 = ADVANCED_FACE('',(#3195),#3201,.T.);
#3195 = FACE_BOUND('',#3196,.T.);
#3196 = EDGE_LOOP('',(#3197,#3198,#3199,#3200));
#3197 = ORIENTED_EDGE('',*,*,#2344,.F.);
#3198 = ORIENTED_EDGE('',*,*,#3148,.F.);
#3199 = ORIENTED_EDGE('',*,*,#2234,.F.);
#3200 = ORIENTED_EDGE('',*,*,#3184,.T.);
#3201 = PLANE('',#3202);
#3202 = AXIS2_PLACEMENT_3D('',#3203,#3204,#3205);
#3203 = CARTESIAN_POINT('',(-1.899999999998,-1.349999999998,-2.8));
#3204 = DIRECTION('',(0.,0.,-1.));
#3205 = DIRECTION('',(0.,1.,0.));
#3206 = ADVANCED_FACE('',(#3207),#3213,.T.);
#3207 = FACE_BOUND('',#3208,.T.);
#3208 = EDGE_LOOP('',(#3209,#3210,#3211,#3212));
#3209 = ORIENTED_EDGE('',*,*,#2390,.T.);
#3210 = ORIENTED_EDGE('',*,*,#2418,.T.);
#3211 = ORIENTED_EDGE('',*,*,#2319,.F.);
#3212 = ORIENTED_EDGE('',*,*,#2296,.F.);
#3213 = PLANE('',#3214);
#3214 = AXIS2_PLACEMENT_3D('',#3215,#3216,#3217);
#3215 = CARTESIAN_POINT('',(-1.899999999998,-1.349999999998,0.));
#3216 = DIRECTION('',(-0.,-0.,-1.));
#3217 = DIRECTION('',(-1.,0.,0.));
#3218 = ADVANCED_FACE('',(#3219),#3230,.F.);
#3219 = FACE_BOUND('',#3220,.F.);
#3220 = EDGE_LOOP('',(#3221,#3222,#3228,#3229));
#3221 = ORIENTED_EDGE('',*,*,#2743,.T.);
#3222 = ORIENTED_EDGE('',*,*,#3223,.T.);
#3223 = EDGE_CURVE('',#2736,#2711,#3224,.T.);
#3224 = LINE('',#3225,#3226);
#3225 = CARTESIAN_POINT('',(4.499999999996,2.150000000002,0.7));
#3226 = VECTOR('',#3227,1.);
#3227 = DIRECTION('',(1.,0.,0.));
#3228 = ORIENTED_EDGE('',*,*,#2710,.F.);
#3229 = ORIENTED_EDGE('',*,*,#2469,.T.);
#3230 = PLANE('',#3231);
#3231 = AXIS2_PLACEMENT_3D('',#3232,#3233,#3234);
#3232 = CARTESIAN_POINT('',(4.499999999996,2.150000000002,1.3));
#3233 = DIRECTION('',(0.,-1.,0.));
#3234 = DIRECTION('',(1.,0.,0.));
#3235 = ADVANCED_FACE('',(#3236),#3247,.F.);
#3236 = FACE_BOUND('',#3237,.F.);
#3237 = EDGE_LOOP('',(#3238,#3239,#3245,#3246));
#3238 = ORIENTED_EDGE('',*,*,#2501,.T.);
#3239 = ORIENTED_EDGE('',*,*,#3240,.T.);
#3240 = EDGE_CURVE('',#2494,#2790,#3241,.T.);
#3241 = LINE('',#3242,#3243);
#3242 = CARTESIAN_POINT('',(-1.849999999996,2.150000000002,0.7));
#3243 = VECTOR('',#3244,1.);
#3244 = DIRECTION('',(1.,0.,0.));
#3245 = ORIENTED_EDGE('',*,*,#2789,.F.);
#3246 = ORIENTED_EDGE('',*,*,#2476,.T.);
#3247 = PLANE('',#3248);
#3248 = AXIS2_PLACEMENT_3D('',#3249,#3250,#3251);
#3249 = CARTESIAN_POINT('',(-1.849999999996,2.150000000002,1.3));
#3250 = DIRECTION('',(0.,-1.,0.));
#3251 = DIRECTION('',(1.,0.,0.));
#3252 = ADVANCED_FACE('',(#3253),#3287,.F.);
#3253 = FACE_BOUND('',#3254,.F.);
#3254 = EDGE_LOOP('',(#3255,#3263,#3264,#3272,#3280));
#3255 = ORIENTED_EDGE('',*,*,#3256,.F.);
#3256 = EDGE_CURVE('',#2494,#3257,#3259,.T.);
#3257 = VERTEX_POINT('',#3258);
#3258 = CARTESIAN_POINT('',(-1.849999999996,2.150000000002,0.66));
#3259 = LINE('',#3260,#3261);
#3260 = CARTESIAN_POINT('',(-1.849999999996,2.150000000002,0.7));
#3261 = VECTOR('',#3262,1.);
#3262 = DIRECTION('',(-0.,-0.,-1.));
#3263 = ORIENTED_EDGE('',*,*,#2493,.F.);
#3264 = ORIENTED_EDGE('',*,*,#3265,.T.);
#3265 = EDGE_CURVE('',#2050,#3266,#3268,.T.);
#3266 = VERTEX_POINT('',#3267);
#3267 = CARTESIAN_POINT('',(-1.849999999996,1.750000000002,0.3));
#3268 = LINE('',#3269,#3270);
#3269 = CARTESIAN_POINT('',(-1.849999999996,1.750000000002,0.7));
#3270 = VECTOR('',#3271,1.);
#3271 = DIRECTION('',(-0.,-0.,-1.));
#3272 = ORIENTED_EDGE('',*,*,#3273,.T.);
#3273 = EDGE_CURVE('',#3266,#3274,#3276,.T.);
#3274 = VERTEX_POINT('',#3275);
#3275 = CARTESIAN_POINT('',(-1.849999999996,1.790000000002,0.3));
#3276 = LINE('',#3277,#3278);
#3277 = CARTESIAN_POINT('',(-1.849999999996,1.750000000002,0.3));
#3278 = VECTOR('',#3279,1.);
#3279 = DIRECTION('',(0.,1.,0.));
#3280 = ORIENTED_EDGE('',*,*,#3281,.F.);
#3281 = EDGE_CURVE('',#3257,#3274,#3282,.T.);
#3282 = CIRCLE('',#3283,0.36);
#3283 = AXIS2_PLACEMENT_3D('',#3284,#3285,#3286);
#3284 = CARTESIAN_POINT('',(-1.849999999996,1.790000000002,0.66));
#3285 = DIRECTION('',(-1.,0.,0.));
#3286 = DIRECTION('',(0.,0.,1.));
#3287 = PLANE('',#3288);
#3288 = AXIS2_PLACEMENT_3D('',#3289,#3290,#3291);
#3289 = CARTESIAN_POINT('',(-1.849999999996,1.750000000002,0.7));
#3290 = DIRECTION('',(1.,0.,0.));
#3291 = DIRECTION('',(-0.,1.,0.));
#3292 = ADVANCED_FACE('',(#3293),#3304,.F.);
#3293 = FACE_BOUND('',#3294,.F.);
#3294 = EDGE_LOOP('',(#3295,#3296,#3302,#3303));
#3295 = ORIENTED_EDGE('',*,*,#2585,.T.);
#3296 = ORIENTED_EDGE('',*,*,#3297,.T.);
#3297 = EDGE_CURVE('',#2578,#2553,#3298,.T.);
#3298 = LINE('',#3299,#3300);
#3299 = CARTESIAN_POINT('',(-0.499999999996,-2.149999999998,0.7));
#3300 = VECTOR('',#3301,1.);
#3301 = DIRECTION('',(-1.,0.,0.));
#3302 = ORIENTED_EDGE('',*,*,#2552,.F.);
#3303 = ORIENTED_EDGE('',*,*,#2517,.T.);
#3304 = PLANE('',#3305);
#3305 = AXIS2_PLACEMENT_3D('',#3306,#3307,#3308);
#3306 = CARTESIAN_POINT('',(-0.499999999996,-2.149999999998,1.3));
#3307 = DIRECTION('',(0.,1.,0.));
#3308 = DIRECTION('',(-1.,0.,0.));
#3309 = ADVANCED_FACE('',(#3310),#3321,.F.);
#3310 = FACE_BOUND('',#3311,.F.);
#3311 = EDGE_LOOP('',(#3312,#3313,#3319,#3320));
#3312 = ORIENTED_EDGE('',*,*,#2640,.T.);
#3313 = ORIENTED_EDGE('',*,*,#3314,.T.);
#3314 = EDGE_CURVE('',#2633,#2656,#3315,.T.);
#3315 = LINE('',#3316,#3317);
#3316 = CARTESIAN_POINT('',(5.849999999996,-2.149999999998,0.7));
#3317 = VECTOR('',#3318,1.);
#3318 = DIRECTION('',(-1.,0.,0.));
#3319 = ORIENTED_EDGE('',*,*,#2655,.F.);
#3320 = ORIENTED_EDGE('',*,*,#2524,.T.);
#3321 = PLANE('',#3322);
#3322 = AXIS2_PLACEMENT_3D('',#3323,#3324,#3325);
#3323 = CARTESIAN_POINT('',(5.849999999996,-2.149999999998,1.3));
#3324 = DIRECTION('',(0.,1.,0.));
#3325 = DIRECTION('',(-1.,0.,0.));
#3326 = ADVANCED_FACE('',(#3327),#3361,.F.);
#3327 = FACE_BOUND('',#3328,.F.);
#3328 = EDGE_LOOP('',(#3329,#3337,#3346,#3354,#3360));
#3329 = ORIENTED_EDGE('',*,*,#3330,.T.);
#3330 = EDGE_CURVE('',#2553,#3331,#3333,.T.);
#3331 = VERTEX_POINT('',#3332);
#3332 = CARTESIAN_POINT('',(-1.849999999996,-2.149999999998,0.66));
#3333 = LINE('',#3334,#3335);
#3334 = CARTESIAN_POINT('',(-1.849999999996,-2.149999999998,0.7));
#3335 = VECTOR('',#3336,1.);
#3336 = DIRECTION('',(-0.,-0.,-1.));
#3337 = ORIENTED_EDGE('',*,*,#3338,.T.);
#3338 = EDGE_CURVE('',#3331,#3339,#3341,.T.);
#3339 = VERTEX_POINT('',#3340);
#3340 = CARTESIAN_POINT('',(-1.849999999996,-1.789999999998,0.3));
#3341 = CIRCLE('',#3342,0.36);
#3342 = AXIS2_PLACEMENT_3D('',#3343,#3344,#3345);
#3343 = CARTESIAN_POINT('',(-1.849999999996,-1.789999999998,0.66));
#3344 = DIRECTION('',(1.,-0.,0.));
#3345 = DIRECTION('',(0.,0.,-1.));
#3346 = ORIENTED_EDGE('',*,*,#3347,.T.);
#3347 = EDGE_CURVE('',#3339,#3348,#3350,.T.);
#3348 = VERTEX_POINT('',#3349);
#3349 = CARTESIAN_POINT('',(-1.849999999996,-1.749999999998,0.3));
#3350 = LINE('',#3351,#3352);
#3351 = CARTESIAN_POINT('',(-1.849999999996,-2.149999999998,0.3));
#3352 = VECTOR('',#3353,1.);
#3353 = DIRECTION('',(0.,1.,0.));
#3354 = ORIENTED_EDGE('',*,*,#3355,.F.);
#3355 = EDGE_CURVE('',#1647,#3348,#3356,.T.);
#3356 = LINE('',#3357,#3358);
#3357 = CARTESIAN_POINT('',(-1.849999999996,-1.749999999998,0.7));
#3358 = VECTOR('',#3359,1.);
#3359 = DIRECTION('',(-0.,-0.,-1.));
#3360 = ORIENTED_EDGE('',*,*,#2560,.F.);
#3361 = PLANE('',#3362);
#3362 = AXIS2_PLACEMENT_3D('',#3363,#3364,#3365);
#3363 = CARTESIAN_POINT('',(-1.849999999996,-2.149999999998,0.7));
#3364 = DIRECTION('',(1.,0.,0.));
#3365 = DIRECTION('',(-0.,1.,0.));
#3366 = ADVANCED_FACE('',(#3367),#3401,.F.);
#3367 = FACE_BOUND('',#3368,.F.);
#3368 = EDGE_LOOP('',(#3369,#3377,#3378,#3386,#3394));
#3369 = ORIENTED_EDGE('',*,*,#3370,.F.);
#3370 = EDGE_CURVE('',#2578,#3371,#3373,.T.);
#3371 = VERTEX_POINT('',#3372);
#3372 = CARTESIAN_POINT('',(-0.499999999996,-2.149999999998,0.66));
#3373 = LINE('',#3374,#3375);
#3374 = CARTESIAN_POINT('',(-0.499999999996,-2.149999999998,0.7));
#3375 = VECTOR('',#3376,1.);
#3376 = DIRECTION('',(-0.,-0.,-1.));
#3377 = ORIENTED_EDGE('',*,*,#2577,.F.);
#3378 = ORIENTED_EDGE('',*,*,#3379,.T.);
#3379 = EDGE_CURVE('',#1655,#3380,#3382,.T.);
#3380 = VERTEX_POINT('',#3381);
#3381 = CARTESIAN_POINT('',(-0.499999999996,-1.749999999998,0.3));
#3382 = LINE('',#3383,#3384);
#3383 = CARTESIAN_POINT('',(-0.499999999996,-1.749999999998,0.7));
#3384 = VECTOR('',#3385,1.);
#3385 = DIRECTION('',(-0.,-0.,-1.));
#3386 = ORIENTED_EDGE('',*,*,#3387,.T.);
#3387 = EDGE_CURVE('',#3380,#3388,#3390,.T.);
#3388 = VERTEX_POINT('',#3389);
#3389 = CARTESIAN_POINT('',(-0.499999999996,-1.789999999998,0.3));
#3390 = LINE('',#3391,#3392);
#3391 = CARTESIAN_POINT('',(-0.499999999996,-1.749999999998,0.3));
#3392 = VECTOR('',#3393,1.);
#3393 = DIRECTION('',(0.,-1.,0.));
#3394 = ORIENTED_EDGE('',*,*,#3395,.F.);
#3395 = EDGE_CURVE('',#3371,#3388,#3396,.T.);
#3396 = CIRCLE('',#3397,0.36);
#3397 = AXIS2_PLACEMENT_3D('',#3398,#3399,#3400);
#3398 = CARTESIAN_POINT('',(-0.499999999996,-1.789999999998,0.66));
#3399 = DIRECTION('',(1.,-0.,0.));
#3400 = DIRECTION('',(0.,0.,-1.));
#3401 = PLANE('',#3402);
#3402 = AXIS2_PLACEMENT_3D('',#3403,#3404,#3405);
#3403 = CARTESIAN_POINT('',(-0.499999999996,-1.749999999998,0.7));
#3404 = DIRECTION('',(-1.,0.,0.));
#3405 = DIRECTION('',(0.,-1.,0.));
#3406 = ADVANCED_FACE('',(#3407),#3425,.T.);
#3407 = FACE_BOUND('',#3408,.T.);
#3408 = EDGE_LOOP('',(#3409,#3410,#3418,#3424));
#3409 = ORIENTED_EDGE('',*,*,#2600,.T.);
#3410 = ORIENTED_EDGE('',*,*,#3411,.T.);
#3411 = EDGE_CURVE('',#2601,#3412,#3414,.T.);
#3412 = VERTEX_POINT('',#3413);
#3413 = CARTESIAN_POINT('',(-1.849999999996,-0.749999999998,0.3));
#3414 = LINE('',#3415,#3416);
#3415 = CARTESIAN_POINT('',(-1.849999999996,-0.749999999998,0.7));
#3416 = VECTOR('',#3417,1.);
#3417 = DIRECTION('',(-0.,-0.,-1.));
#3418 = ORIENTED_EDGE('',*,*,#3419,.F.);
#3419 = EDGE_CURVE('',#3348,#3412,#3420,.T.);
#3420 = LINE('',#3421,#3422);
#3421 = CARTESIAN_POINT('',(-1.849999999996,-1.749999999998,0.3));
#3422 = VECTOR('',#3423,1.);
#3423 = DIRECTION('',(0.,1.,0.));
#3424 = ORIENTED_EDGE('',*,*,#3355,.F.);
#3425 = PLANE('',#3426);
#3426 = AXIS2_PLACEMENT_3D('',#3427,#3428,#3429);
#3427 = CARTESIAN_POINT('',(-1.849999999996,-1.749999999998,0.7));
#3428 = DIRECTION('',(-1.,0.,0.));
#3429 = DIRECTION('',(0.,0.,-1.));
#3430 = ADVANCED_FACE('',(#3431),#3449,.F.);
#3431 = FACE_BOUND('',#3432,.F.);
#3432 = EDGE_LOOP('',(#3433,#3434,#3442,#3448));
#3433 = ORIENTED_EDGE('',*,*,#2616,.T.);
#3434 = ORIENTED_EDGE('',*,*,#3435,.T.);
#3435 = EDGE_CURVE('',#2609,#3436,#3438,.T.);
#3436 = VERTEX_POINT('',#3437);
#3437 = CARTESIAN_POINT('',(-0.499999999996,-0.749999999998,0.3));
#3438 = LINE('',#3439,#3440);
#3439 = CARTESIAN_POINT('',(-0.499999999996,-0.749999999998,0.7));
#3440 = VECTOR('',#3441,1.);
#3441 = DIRECTION('',(-0.,-0.,-1.));
#3442 = ORIENTED_EDGE('',*,*,#3443,.F.);
#3443 = EDGE_CURVE('',#3380,#3436,#3444,.T.);
#3444 = LINE('',#3445,#3446);
#3445 = CARTESIAN_POINT('',(-0.499999999996,-1.749999999998,0.3));
#3446 = VECTOR('',#3447,1.);
#3447 = DIRECTION('',(0.,1.,0.));
#3448 = ORIENTED_EDGE('',*,*,#3379,.F.);
#3449 = PLANE('',#3450);
#3450 = AXIS2_PLACEMENT_3D('',#3451,#3452,#3453);
#3451 = CARTESIAN_POINT('',(-0.499999999996,-1.749999999998,0.7));
#3452 = DIRECTION('',(-1.,0.,0.));
#3453 = DIRECTION('',(0.,0.,-1.));
#3454 = ADVANCED_FACE('',(#3455),#3466,.F.);
#3455 = FACE_BOUND('',#3456,.F.);
#3456 = EDGE_LOOP('',(#3457,#3458,#3464,#3465));
#3457 = ORIENTED_EDGE('',*,*,#3411,.T.);
#3458 = ORIENTED_EDGE('',*,*,#3459,.T.);
#3459 = EDGE_CURVE('',#3412,#3436,#3460,.T.);
#3460 = LINE('',#3461,#3462);
#3461 = CARTESIAN_POINT('',(-1.849999999996,-0.749999999998,0.3));
#3462 = VECTOR('',#3463,1.);
#3463 = DIRECTION('',(1.,0.,0.));
#3464 = ORIENTED_EDGE('',*,*,#3435,.F.);
#3465 = ORIENTED_EDGE('',*,*,#2608,.F.);
#3466 = PLANE('',#3467);
#3467 = AXIS2_PLACEMENT_3D('',#3468,#3469,#3470);
#3468 = CARTESIAN_POINT('',(-1.849999999996,-0.749999999998,0.7));
#3469 = DIRECTION('',(0.,-1.,0.));
#3470 = DIRECTION('',(1.,0.,0.));
#3471 = ADVANCED_FACE('',(#3472),#3506,.F.);
#3472 = FACE_BOUND('',#3473,.F.);
#3473 = EDGE_LOOP('',(#3474,#3482,#3483,#3491,#3499));
#3474 = ORIENTED_EDGE('',*,*,#3475,.F.);
#3475 = EDGE_CURVE('',#2633,#3476,#3478,.T.);
#3476 = VERTEX_POINT('',#3477);
#3477 = CARTESIAN_POINT('',(5.849999999996,-2.149999999998,0.66));
#3478 = LINE('',#3479,#3480);
#3479 = CARTESIAN_POINT('',(5.849999999996,-2.149999999998,0.7));
#3480 = VECTOR('',#3481,1.);
#3481 = DIRECTION('',(-0.,-0.,-1.));
#3482 = ORIENTED_EDGE('',*,*,#2632,.F.);
#3483 = ORIENTED_EDGE('',*,*,#3484,.T.);
#3484 = EDGE_CURVE('',#1741,#3485,#3487,.T.);
#3485 = VERTEX_POINT('',#3486);
#3486 = CARTESIAN_POINT('',(5.849999999996,-1.749999999998,0.3));
#3487 = LINE('',#3488,#3489);
#3488 = CARTESIAN_POINT('',(5.849999999996,-1.749999999998,0.7));
#3489 = VECTOR('',#3490,1.);
#3490 = DIRECTION('',(-0.,-0.,-1.));
#3491 = ORIENTED_EDGE('',*,*,#3492,.T.);
#3492 = EDGE_CURVE('',#3485,#3493,#3495,.T.);
#3493 = VERTEX_POINT('',#3494);
#3494 = CARTESIAN_POINT('',(5.849999999996,-1.789999999998,0.3));
#3495 = LINE('',#3496,#3497);
#3496 = CARTESIAN_POINT('',(5.849999999996,-1.749999999998,0.3));
#3497 = VECTOR('',#3498,1.);
#3498 = DIRECTION('',(0.,-1.,0.));
#3499 = ORIENTED_EDGE('',*,*,#3500,.F.);
#3500 = EDGE_CURVE('',#3476,#3493,#3501,.T.);
#3501 = CIRCLE('',#3502,0.36);
#3502 = AXIS2_PLACEMENT_3D('',#3503,#3504,#3505);
#3503 = CARTESIAN_POINT('',(5.849999999996,-1.789999999998,0.66));
#3504 = DIRECTION('',(1.,-0.,0.));
#3505 = DIRECTION('',(0.,0.,-1.));
#3506 = PLANE('',#3507);
#3507 = AXIS2_PLACEMENT_3D('',#3508,#3509,#3510);
#3508 = CARTESIAN_POINT('',(5.849999999996,-1.749999999998,0.7));
#3509 = DIRECTION('',(-1.,0.,0.));
#3510 = DIRECTION('',(0.,-1.,0.));
#3511 = ADVANCED_FACE('',(#3512),#3546,.F.);
#3512 = FACE_BOUND('',#3513,.F.);
#3513 = EDGE_LOOP('',(#3514,#3522,#3531,#3539,#3545));
#3514 = ORIENTED_EDGE('',*,*,#3515,.T.);
#3515 = EDGE_CURVE('',#2656,#3516,#3518,.T.);
#3516 = VERTEX_POINT('',#3517);
#3517 = CARTESIAN_POINT('',(4.499999999996,-2.149999999998,0.66));
#3518 = LINE('',#3519,#3520);
#3519 = CARTESIAN_POINT('',(4.499999999996,-2.149999999998,0.7));
#3520 = VECTOR('',#3521,1.);
#3521 = DIRECTION('',(-0.,-0.,-1.));
#3522 = ORIENTED_EDGE('',*,*,#3523,.T.);
#3523 = EDGE_CURVE('',#3516,#3524,#3526,.T.);
#3524 = VERTEX_POINT('',#3525);
#3525 = CARTESIAN_POINT('',(4.499999999996,-1.789999999998,0.3));
#3526 = CIRCLE('',#3527,0.36);
#3527 = AXIS2_PLACEMENT_3D('',#3528,#3529,#3530);
#3528 = CARTESIAN_POINT('',(4.499999999996,-1.789999999998,0.66));
#3529 = DIRECTION('',(1.,-0.,0.));
#3530 = DIRECTION('',(0.,0.,-1.));
#3531 = ORIENTED_EDGE('',*,*,#3532,.T.);
#3532 = EDGE_CURVE('',#3524,#3533,#3535,.T.);
#3533 = VERTEX_POINT('',#3534);
#3534 = CARTESIAN_POINT('',(4.499999999996,-1.749999999998,0.3));
#3535 = LINE('',#3536,#3537);
#3536 = CARTESIAN_POINT('',(4.499999999996,-2.149999999998,0.3));
#3537 = VECTOR('',#3538,1.);
#3538 = DIRECTION('',(0.,1.,0.));
#3539 = ORIENTED_EDGE('',*,*,#3540,.F.);
#3540 = EDGE_CURVE('',#1733,#3533,#3541,.T.);
#3541 = LINE('',#3542,#3543);
#3542 = CARTESIAN_POINT('',(4.499999999996,-1.749999999998,0.7));
#3543 = VECTOR('',#3544,1.);
#3544 = DIRECTION('',(-0.,-0.,-1.));
#3545 = ORIENTED_EDGE('',*,*,#2663,.F.);
#3546 = PLANE('',#3547);
#3547 = AXIS2_PLACEMENT_3D('',#3548,#3549,#3550);
#3548 = CARTESIAN_POINT('',(4.499999999996,-2.149999999998,0.7));
#3549 = DIRECTION('',(1.,0.,0.));
#3550 = DIRECTION('',(-0.,1.,0.));
#3551 = ADVANCED_FACE('',(#3552),#3570,.T.);
#3552 = FACE_BOUND('',#3553,.T.);
#3553 = EDGE_LOOP('',(#3554,#3555,#3563,#3569));
#3554 = ORIENTED_EDGE('',*,*,#2679,.T.);
#3555 = ORIENTED_EDGE('',*,*,#3556,.T.);
#3556 = EDGE_CURVE('',#2680,#3557,#3559,.T.);
#3557 = VERTEX_POINT('',#3558);
#3558 = CARTESIAN_POINT('',(4.499999999996,-0.749999999998,0.3));
#3559 = LINE('',#3560,#3561);
#3560 = CARTESIAN_POINT('',(4.499999999996,-0.749999999998,0.7));
#3561 = VECTOR('',#3562,1.);
#3562 = DIRECTION('',(-0.,-0.,-1.));
#3563 = ORIENTED_EDGE('',*,*,#3564,.F.);
#3564 = EDGE_CURVE('',#3533,#3557,#3565,.T.);
#3565 = LINE('',#3566,#3567);
#3566 = CARTESIAN_POINT('',(4.499999999996,-1.749999999998,0.3));
#3567 = VECTOR('',#3568,1.);
#3568 = DIRECTION('',(0.,1.,0.));
#3569 = ORIENTED_EDGE('',*,*,#3540,.F.);
#3570 = PLANE('',#3571);
#3571 = AXIS2_PLACEMENT_3D('',#3572,#3573,#3574);
#3572 = CARTESIAN_POINT('',(4.499999999996,-1.749999999998,0.7));
#3573 = DIRECTION('',(-1.,0.,0.));
#3574 = DIRECTION('',(0.,0.,-1.));
#3575 = ADVANCED_FACE('',(#3576),#3594,.F.);
#3576 = FACE_BOUND('',#3577,.F.);
#3577 = EDGE_LOOP('',(#3578,#3579,#3587,#3593));
#3578 = ORIENTED_EDGE('',*,*,#2695,.T.);
#3579 = ORIENTED_EDGE('',*,*,#3580,.T.);
#3580 = EDGE_CURVE('',#2688,#3581,#3583,.T.);
#3581 = VERTEX_POINT('',#3582);
#3582 = CARTESIAN_POINT('',(5.849999999996,-0.749999999998,0.3));
#3583 = LINE('',#3584,#3585);
#3584 = CARTESIAN_POINT('',(5.849999999996,-0.749999999998,0.7));
#3585 = VECTOR('',#3586,1.);
#3586 = DIRECTION('',(-0.,-0.,-1.));
#3587 = ORIENTED_EDGE('',*,*,#3588,.F.);
#3588 = EDGE_CURVE('',#3485,#3581,#3589,.T.);
#3589 = LINE('',#3590,#3591);
#3590 = CARTESIAN_POINT('',(5.849999999996,-1.749999999998,0.3));
#3591 = VECTOR('',#3592,1.);
#3592 = DIRECTION('',(0.,1.,0.));
#3593 = ORIENTED_EDGE('',*,*,#3484,.F.);
#3594 = PLANE('',#3595);
#3595 = AXIS2_PLACEMENT_3D('',#3596,#3597,#3598);
#3596 = CARTESIAN_POINT('',(5.849999999996,-1.749999999998,0.7));
#3597 = DIRECTION('',(-1.,0.,0.));
#3598 = DIRECTION('',(0.,0.,-1.));
#3599 = ADVANCED_FACE('',(#3600),#3611,.F.);
#3600 = FACE_BOUND('',#3601,.F.);
#3601 = EDGE_LOOP('',(#3602,#3603,#3609,#3610));
#3602 = ORIENTED_EDGE('',*,*,#3556,.T.);
#3603 = ORIENTED_EDGE('',*,*,#3604,.T.);
#3604 = EDGE_CURVE('',#3557,#3581,#3605,.T.);
#3605 = LINE('',#3606,#3607);
#3606 = CARTESIAN_POINT('',(4.499999999996,-0.749999999998,0.3));
#3607 = VECTOR('',#3608,1.);
#3608 = DIRECTION('',(1.,0.,0.));
#3609 = ORIENTED_EDGE('',*,*,#3580,.F.);
#3610 = ORIENTED_EDGE('',*,*,#2687,.F.);
#3611 = PLANE('',#3612);
#3612 = AXIS2_PLACEMENT_3D('',#3613,#3614,#3615);
#3613 = CARTESIAN_POINT('',(4.499999999996,-0.749999999998,0.7));
#3614 = DIRECTION('',(0.,-1.,0.));
#3615 = DIRECTION('',(1.,0.,0.));
#3616 = ADVANCED_FACE('',(#3617),#3651,.F.);
#3617 = FACE_BOUND('',#3618,.F.);
#3618 = EDGE_LOOP('',(#3619,#3627,#3636,#3644,#3650));
#3619 = ORIENTED_EDGE('',*,*,#3620,.T.);
#3620 = EDGE_CURVE('',#2711,#3621,#3623,.T.);
#3621 = VERTEX_POINT('',#3622);
#3622 = CARTESIAN_POINT('',(5.850000000047,2.150000000002,0.66));
#3623 = LINE('',#3624,#3625);
#3624 = CARTESIAN_POINT('',(5.850000000047,2.150000000002,0.7));
#3625 = VECTOR('',#3626,1.);
#3626 = DIRECTION('',(-0.,-0.,-1.));
#3627 = ORIENTED_EDGE('',*,*,#3628,.T.);
#3628 = EDGE_CURVE('',#3621,#3629,#3631,.T.);
#3629 = VERTEX_POINT('',#3630);
#3630 = CARTESIAN_POINT('',(5.850000000047,1.790000000002,0.3));
#3631 = CIRCLE('',#3632,0.36);
#3632 = AXIS2_PLACEMENT_3D('',#3633,#3634,#3635);
#3633 = CARTESIAN_POINT('',(5.850000000047,1.790000000002,0.66));
#3634 = DIRECTION('',(-1.,0.,0.));
#3635 = DIRECTION('',(0.,0.,1.));
#3636 = ORIENTED_EDGE('',*,*,#3637,.T.);
#3637 = EDGE_CURVE('',#3629,#3638,#3640,.T.);
#3638 = VERTEX_POINT('',#3639);
#3639 = CARTESIAN_POINT('',(5.850000000047,1.750000000002,0.3));
#3640 = LINE('',#3641,#3642);
#3641 = CARTESIAN_POINT('',(5.850000000047,2.150000000002,0.3));
#3642 = VECTOR('',#3643,1.);
#3643 = DIRECTION('',(0.,-1.,0.));
#3644 = ORIENTED_EDGE('',*,*,#3645,.F.);
#3645 = EDGE_CURVE('',#1980,#3638,#3646,.T.);
#3646 = LINE('',#3647,#3648);
#3647 = CARTESIAN_POINT('',(5.850000000047,1.750000000002,0.7));
#3648 = VECTOR('',#3649,1.);
#3649 = DIRECTION('',(-0.,-0.,-1.));
#3650 = ORIENTED_EDGE('',*,*,#2718,.F.);
#3651 = PLANE('',#3652);
#3652 = AXIS2_PLACEMENT_3D('',#3653,#3654,#3655);
#3653 = CARTESIAN_POINT('',(5.850000000047,2.150000000002,0.7));
#3654 = DIRECTION('',(-1.,0.,0.));
#3655 = DIRECTION('',(0.,-1.,0.));
#3656 = ADVANCED_FACE('',(#3657),#3691,.F.);
#3657 = FACE_BOUND('',#3658,.F.);
#3658 = EDGE_LOOP('',(#3659,#3667,#3668,#3676,#3684));
#3659 = ORIENTED_EDGE('',*,*,#3660,.F.);
#3660 = EDGE_CURVE('',#2736,#3661,#3663,.T.);
#3661 = VERTEX_POINT('',#3662);
#3662 = CARTESIAN_POINT('',(4.499999999996,2.150000000002,0.66));
#3663 = LINE('',#3664,#3665);
#3664 = CARTESIAN_POINT('',(4.499999999996,2.150000000002,0.7));
#3665 = VECTOR('',#3666,1.);
#3666 = DIRECTION('',(-0.,-0.,-1.));
#3667 = ORIENTED_EDGE('',*,*,#2735,.F.);
#3668 = ORIENTED_EDGE('',*,*,#3669,.T.);
#3669 = EDGE_CURVE('',#1988,#3670,#3672,.T.);
#3670 = VERTEX_POINT('',#3671);
#3671 = CARTESIAN_POINT('',(4.499999999996,1.750000000002,0.3));
#3672 = LINE('',#3673,#3674);
#3673 = CARTESIAN_POINT('',(4.499999999996,1.750000000002,0.7));
#3674 = VECTOR('',#3675,1.);
#3675 = DIRECTION('',(-0.,-0.,-1.));
#3676 = ORIENTED_EDGE('',*,*,#3677,.T.);
#3677 = EDGE_CURVE('',#3670,#3678,#3680,.T.);
#3678 = VERTEX_POINT('',#3679);
#3679 = CARTESIAN_POINT('',(4.499999999996,1.790000000002,0.3));
#3680 = LINE('',#3681,#3682);
#3681 = CARTESIAN_POINT('',(4.499999999996,1.750000000002,0.3));
#3682 = VECTOR('',#3683,1.);
#3683 = DIRECTION('',(0.,1.,0.));
#3684 = ORIENTED_EDGE('',*,*,#3685,.F.);
#3685 = EDGE_CURVE('',#3661,#3678,#3686,.T.);
#3686 = CIRCLE('',#3687,0.36);
#3687 = AXIS2_PLACEMENT_3D('',#3688,#3689,#3690);
#3688 = CARTESIAN_POINT('',(4.499999999996,1.790000000002,0.66));
#3689 = DIRECTION('',(-1.,0.,0.));
#3690 = DIRECTION('',(0.,0.,1.));
#3691 = PLANE('',#3692);
#3692 = AXIS2_PLACEMENT_3D('',#3693,#3694,#3695);
#3693 = CARTESIAN_POINT('',(4.499999999996,1.750000000002,0.7));
#3694 = DIRECTION('',(1.,0.,0.));
#3695 = DIRECTION('',(-0.,1.,0.));
#3696 = ADVANCED_FACE('',(#3697),#3715,.T.);
#3697 = FACE_BOUND('',#3698,.T.);
#3698 = EDGE_LOOP('',(#3699,#3700,#3708,#3714));
#3699 = ORIENTED_EDGE('',*,*,#2758,.T.);
#3700 = ORIENTED_EDGE('',*,*,#3701,.T.);
#3701 = EDGE_CURVE('',#2759,#3702,#3704,.T.);
#3702 = VERTEX_POINT('',#3703);
#3703 = CARTESIAN_POINT('',(5.850000000047,0.750000000002,0.3));
#3704 = LINE('',#3705,#3706);
#3705 = CARTESIAN_POINT('',(5.850000000047,0.750000000002,0.7));
#3706 = VECTOR('',#3707,1.);
#3707 = DIRECTION('',(-0.,-0.,-1.));
#3708 = ORIENTED_EDGE('',*,*,#3709,.F.);
#3709 = EDGE_CURVE('',#3638,#3702,#3710,.T.);
#3710 = LINE('',#3711,#3712);
#3711 = CARTESIAN_POINT('',(5.850000000047,1.750000000002,0.3));
#3712 = VECTOR('',#3713,1.);
#3713 = DIRECTION('',(0.,-1.,0.));
#3714 = ORIENTED_EDGE('',*,*,#3645,.F.);
#3715 = PLANE('',#3716);
#3716 = AXIS2_PLACEMENT_3D('',#3717,#3718,#3719);
#3717 = CARTESIAN_POINT('',(5.850000000047,1.750000000002,0.7));
#3718 = DIRECTION('',(1.,0.,0.));
#3719 = DIRECTION('',(0.,0.,-1.));
#3720 = ADVANCED_FACE('',(#3721),#3739,.F.);
#3721 = FACE_BOUND('',#3722,.F.);
#3722 = EDGE_LOOP('',(#3723,#3724,#3732,#3738));
#3723 = ORIENTED_EDGE('',*,*,#2774,.T.);
#3724 = ORIENTED_EDGE('',*,*,#3725,.T.);
#3725 = EDGE_CURVE('',#2767,#3726,#3728,.T.);
#3726 = VERTEX_POINT('',#3727);
#3727 = CARTESIAN_POINT('',(4.499999999996,0.750000000002,0.3));
#3728 = LINE('',#3729,#3730);
#3729 = CARTESIAN_POINT('',(4.499999999996,0.750000000002,0.7));
#3730 = VECTOR('',#3731,1.);
#3731 = DIRECTION('',(-0.,-0.,-1.));
#3732 = ORIENTED_EDGE('',*,*,#3733,.F.);
#3733 = EDGE_CURVE('',#3670,#3726,#3734,.T.);
#3734 = LINE('',#3735,#3736);
#3735 = CARTESIAN_POINT('',(4.499999999996,1.750000000002,0.3));
#3736 = VECTOR('',#3737,1.);
#3737 = DIRECTION('',(0.,-1.,0.));
#3738 = ORIENTED_EDGE('',*,*,#3669,.F.);
#3739 = PLANE('',#3740);
#3740 = AXIS2_PLACEMENT_3D('',#3741,#3742,#3743);
#3741 = CARTESIAN_POINT('',(4.499999999996,1.750000000002,0.7));
#3742 = DIRECTION('',(1.,0.,0.));
#3743 = DIRECTION('',(0.,0.,-1.));
#3744 = ADVANCED_FACE('',(#3745),#3756,.F.);
#3745 = FACE_BOUND('',#3746,.F.);
#3746 = EDGE_LOOP('',(#3747,#3748,#3754,#3755));
#3747 = ORIENTED_EDGE('',*,*,#3701,.T.);
#3748 = ORIENTED_EDGE('',*,*,#3749,.T.);
#3749 = EDGE_CURVE('',#3702,#3726,#3750,.T.);
#3750 = LINE('',#3751,#3752);
#3751 = CARTESIAN_POINT('',(5.850000000047,0.750000000002,0.3));
#3752 = VECTOR('',#3753,1.);
#3753 = DIRECTION('',(-1.,0.,0.));
#3754 = ORIENTED_EDGE('',*,*,#3725,.F.);
#3755 = ORIENTED_EDGE('',*,*,#2766,.F.);
#3756 = PLANE('',#3757);
#3757 = AXIS2_PLACEMENT_3D('',#3758,#3759,#3760);
#3758 = CARTESIAN_POINT('',(5.850000000047,0.750000000002,0.7));
#3759 = DIRECTION('',(0.,1.,0.));
#3760 = DIRECTION('',(-1.,0.,0.));
#3761 = ADVANCED_FACE('',(#3762),#3796,.F.);
#3762 = FACE_BOUND('',#3763,.F.);
#3763 = EDGE_LOOP('',(#3764,#3772,#3781,#3789,#3795));
#3764 = ORIENTED_EDGE('',*,*,#3765,.T.);
#3765 = EDGE_CURVE('',#2790,#3766,#3768,.T.);
#3766 = VERTEX_POINT('',#3767);
#3767 = CARTESIAN_POINT('',(-0.499999999996,2.150000000002,0.66));
#3768 = LINE('',#3769,#3770);
#3769 = CARTESIAN_POINT('',(-0.499999999996,2.150000000002,0.7));
#3770 = VECTOR('',#3771,1.);
#3771 = DIRECTION('',(-0.,-0.,-1.));
#3772 = ORIENTED_EDGE('',*,*,#3773,.T.);
#3773 = EDGE_CURVE('',#3766,#3774,#3776,.T.);
#3774 = VERTEX_POINT('',#3775);
#3775 = CARTESIAN_POINT('',(-0.499999999996,1.790000000002,0.3));
#3776 = CIRCLE('',#3777,0.36);
#3777 = AXIS2_PLACEMENT_3D('',#3778,#3779,#3780);
#3778 = CARTESIAN_POINT('',(-0.499999999996,1.790000000002,0.66));
#3779 = DIRECTION('',(-1.,0.,0.));
#3780 = DIRECTION('',(0.,0.,1.));
#3781 = ORIENTED_EDGE('',*,*,#3782,.T.);
#3782 = EDGE_CURVE('',#3774,#3783,#3785,.T.);
#3783 = VERTEX_POINT('',#3784);
#3784 = CARTESIAN_POINT('',(-0.499999999996,1.750000000002,0.3));
#3785 = LINE('',#3786,#3787);
#3786 = CARTESIAN_POINT('',(-0.499999999996,2.150000000002,0.3));
#3787 = VECTOR('',#3788,1.);
#3788 = DIRECTION('',(0.,-1.,0.));
#3789 = ORIENTED_EDGE('',*,*,#3790,.F.);
#3790 = EDGE_CURVE('',#2042,#3783,#3791,.T.);
#3791 = LINE('',#3792,#3793);
#3792 = CARTESIAN_POINT('',(-0.499999999996,1.750000000002,0.7));
#3793 = VECTOR('',#3794,1.);
#3794 = DIRECTION('',(-0.,-0.,-1.));
#3795 = ORIENTED_EDGE('',*,*,#2797,.F.);
#3796 = PLANE('',#3797);
#3797 = AXIS2_PLACEMENT_3D('',#3798,#3799,#3800);
#3798 = CARTESIAN_POINT('',(-0.499999999996,2.150000000002,0.7));
#3799 = DIRECTION('',(-1.,0.,0.));
#3800 = DIRECTION('',(0.,-1.,0.));
#3801 = ADVANCED_FACE('',(#3802),#3820,.T.);
#3802 = FACE_BOUND('',#3803,.T.);
#3803 = EDGE_LOOP('',(#3804,#3805,#3813,#3819));
#3804 = ORIENTED_EDGE('',*,*,#2813,.T.);
#3805 = ORIENTED_EDGE('',*,*,#3806,.T.);
#3806 = EDGE_CURVE('',#2814,#3807,#3809,.T.);
#3807 = VERTEX_POINT('',#3808);
#3808 = CARTESIAN_POINT('',(-0.499999999996,0.750000000002,0.3));
#3809 = LINE('',#3810,#3811);
#3810 = CARTESIAN_POINT('',(-0.499999999996,0.750000000002,0.7));
#3811 = VECTOR('',#3812,1.);
#3812 = DIRECTION('',(-0.,-0.,-1.));
#3813 = ORIENTED_EDGE('',*,*,#3814,.F.);
#3814 = EDGE_CURVE('',#3783,#3807,#3815,.T.);
#3815 = LINE('',#3816,#3817);
#3816 = CARTESIAN_POINT('',(-0.499999999996,1.750000000002,0.3));
#3817 = VECTOR('',#3818,1.);
#3818 = DIRECTION('',(0.,-1.,0.));
#3819 = ORIENTED_EDGE('',*,*,#3790,.F.);
#3820 = PLANE('',#3821);
#3821 = AXIS2_PLACEMENT_3D('',#3822,#3823,#3824);
#3822 = CARTESIAN_POINT('',(-0.499999999996,1.750000000002,0.7));
#3823 = DIRECTION('',(1.,0.,0.));
#3824 = DIRECTION('',(0.,0.,-1.));
#3825 = ADVANCED_FACE('',(#3826),#3844,.F.);
#3826 = FACE_BOUND('',#3827,.F.);
#3827 = EDGE_LOOP('',(#3828,#3829,#3837,#3843));
#3828 = ORIENTED_EDGE('',*,*,#2829,.T.);
#3829 = ORIENTED_EDGE('',*,*,#3830,.T.);
#3830 = EDGE_CURVE('',#2822,#3831,#3833,.T.);
#3831 = VERTEX_POINT('',#3832);
#3832 = CARTESIAN_POINT('',(-1.849999999996,0.750000000002,0.3));
#3833 = LINE('',#3834,#3835);
#3834 = CARTESIAN_POINT('',(-1.849999999996,0.750000000002,0.7));
#3835 = VECTOR('',#3836,1.);
#3836 = DIRECTION('',(-0.,-0.,-1.));
#3837 = ORIENTED_EDGE('',*,*,#3838,.F.);
#3838 = EDGE_CURVE('',#3266,#3831,#3839,.T.);
#3839 = LINE('',#3840,#3841);
#3840 = CARTESIAN_POINT('',(-1.849999999996,1.750000000002,0.3));
#3841 = VECTOR('',#3842,1.);
#3842 = DIRECTION('',(0.,-1.,0.));
#3843 = ORIENTED_EDGE('',*,*,#3265,.F.);
#3844 = PLANE('',#3845);
#3845 = AXIS2_PLACEMENT_3D('',#3846,#3847,#3848);
#3846 = CARTESIAN_POINT('',(-1.849999999996,1.750000000002,0.7));
#3847 = DIRECTION('',(1.,0.,0.));
#3848 = DIRECTION('',(0.,0.,-1.));
#3849 = ADVANCED_FACE('',(#3850),#3861,.F.);
#3850 = FACE_BOUND('',#3851,.F.);
#3851 = EDGE_LOOP('',(#3852,#3853,#3859,#3860));
#3852 = ORIENTED_EDGE('',*,*,#3806,.T.);
#3853 = ORIENTED_EDGE('',*,*,#3854,.T.);
#3854 = EDGE_CURVE('',#3807,#3831,#3855,.T.);
#3855 = LINE('',#3856,#3857);
#3856 = CARTESIAN_POINT('',(-0.499999999996,0.750000000002,0.3));
#3857 = VECTOR('',#3858,1.);
#3858 = DIRECTION('',(-1.,0.,0.));
#3859 = ORIENTED_EDGE('',*,*,#3830,.F.);
#3860 = ORIENTED_EDGE('',*,*,#2821,.F.);
#3861 = PLANE('',#3862);
#3862 = AXIS2_PLACEMENT_3D('',#3863,#3864,#3865);
#3863 = CARTESIAN_POINT('',(-0.499999999996,0.750000000002,0.7));
#3864 = DIRECTION('',(0.,1.,0.));
#3865 = DIRECTION('',(-1.,0.,0.));
#3866 = ADVANCED_FACE('',(#3867),#3892,.T.);
#3867 = FACE_BOUND('',#3868,.T.);
#3868 = EDGE_LOOP('',(#3869,#3870,#3876,#3877,#3878,#3884,#3885,#3886));
#3869 = ORIENTED_EDGE('',*,*,#2845,.F.);
#3870 = ORIENTED_EDGE('',*,*,#3871,.T.);
#3871 = EDGE_CURVE('',#2074,#3085,#3872,.T.);
#3872 = LINE('',#3873,#3874);
#3873 = CARTESIAN_POINT('',(6.300000000002,-1.349999999996,3.9));
#3874 = VECTOR('',#3875,1.);
#3875 = DIRECTION('',(0.,0.,-1.));
#3876 = ORIENTED_EDGE('',*,*,#3084,.T.);
#3877 = ORIENTED_EDGE('',*,*,#3059,.T.);
#3878 = ORIENTED_EDGE('',*,*,#3879,.T.);
#3879 = EDGE_CURVE('',#3060,#2980,#3880,.T.);
#3880 = LINE('',#3881,#3882);
#3881 = CARTESIAN_POINT('',(6.300000000002,-1.349999999996,
    -1.110223024625E-16));
#3882 = VECTOR('',#3883,1.);
#3883 = DIRECTION('',(0.,1.,0.));
#3884 = ORIENTED_EDGE('',*,*,#2987,.T.);
#3885 = ORIENTED_EDGE('',*,*,#2956,.T.);
#3886 = ORIENTED_EDGE('',*,*,#3887,.F.);
#3887 = EDGE_CURVE('',#2098,#2949,#3888,.T.);
#3888 = LINE('',#3889,#3890);
#3889 = CARTESIAN_POINT('',(6.300000000002,1.349999999996,3.9));
#3890 = VECTOR('',#3891,1.);
#3891 = DIRECTION('',(0.,0.,-1.));
#3892 = PLANE('',#3893);
#3893 = AXIS2_PLACEMENT_3D('',#3894,#3895,#3896);
#3894 = CARTESIAN_POINT('',(6.300000000002,-1.349999999996,3.9));
#3895 = DIRECTION('',(1.,0.,0.));
#3896 = DIRECTION('',(-0.,1.,0.));
#3897 = ADVANCED_FACE('',(#3898),#3916,.T.);
#3898 = FACE_BOUND('',#3899,.T.);
#3899 = EDGE_LOOP('',(#3900,#3901,#3909,#3915));
#3900 = ORIENTED_EDGE('',*,*,#2877,.T.);
#3901 = ORIENTED_EDGE('',*,*,#3902,.T.);
#3902 = EDGE_CURVE('',#2870,#3903,#3905,.T.);
#3903 = VERTEX_POINT('',#3904);
#3904 = CARTESIAN_POINT('',(6.300000000002,-2.149999999996,0.));
#3905 = LINE('',#3906,#3907);
#3906 = CARTESIAN_POINT('',(6.300000000002,-2.149999999996,3.9));
#3907 = VECTOR('',#3908,1.);
#3908 = DIRECTION('',(0.,0.,-1.));
#3909 = ORIENTED_EDGE('',*,*,#3910,.F.);
#3910 = EDGE_CURVE('',#3085,#3903,#3911,.T.);
#3911 = LINE('',#3912,#3913);
#3912 = CARTESIAN_POINT('',(6.300000000002,-1.349999999996,0.));
#3913 = VECTOR('',#3914,1.);
#3914 = DIRECTION('',(0.,-1.,0.));
#3915 = ORIENTED_EDGE('',*,*,#3871,.F.);
#3916 = PLANE('',#3917);
#3917 = AXIS2_PLACEMENT_3D('',#3918,#3919,#3920);
#3918 = CARTESIAN_POINT('',(6.300000000002,-1.349999999996,3.9));
#3919 = DIRECTION('',(1.,0.,0.));
#3920 = DIRECTION('',(0.,0.,-1.));
#3921 = ADVANCED_FACE('',(#3922),#3933,.T.);
#3922 = FACE_BOUND('',#3923,.T.);
#3923 = EDGE_LOOP('',(#3924,#3925,#3931,#3932));
#3924 = ORIENTED_EDGE('',*,*,#3107,.T.);
#3925 = ORIENTED_EDGE('',*,*,#3926,.T.);
#3926 = EDGE_CURVE('',#3108,#3903,#3927,.T.);
#3927 = LINE('',#3928,#3929);
#3928 = CARTESIAN_POINT('',(5.900000000002,-2.149999999996,
    -1.110223024625E-16));
#3929 = VECTOR('',#3930,1.);
#3930 = DIRECTION('',(1.,0.,0.));
#3931 = ORIENTED_EDGE('',*,*,#3902,.F.);
#3932 = ORIENTED_EDGE('',*,*,#2869,.F.);
#3933 = PLANE('',#3934);
#3934 = AXIS2_PLACEMENT_3D('',#3935,#3936,#3937);
#3935 = CARTESIAN_POINT('',(5.900000000002,-2.149999999996,3.9));
#3936 = DIRECTION('',(0.,-1.,0.));
#3937 = DIRECTION('',(1.,0.,0.));
#3938 = ADVANCED_FACE('',(#3939),#3957,.F.);
#3939 = FACE_BOUND('',#3940,.F.);
#3940 = EDGE_LOOP('',(#3941,#3942,#3950,#3956));
#3941 = ORIENTED_EDGE('',*,*,#2908,.T.);
#3942 = ORIENTED_EDGE('',*,*,#3943,.T.);
#3943 = EDGE_CURVE('',#2901,#3944,#3946,.T.);
#3944 = VERTEX_POINT('',#3945);
#3945 = CARTESIAN_POINT('',(6.300000000002,2.149999999996,0.));
#3946 = LINE('',#3947,#3948);
#3947 = CARTESIAN_POINT('',(6.300000000002,2.149999999996,3.9));
#3948 = VECTOR('',#3949,1.);
#3949 = DIRECTION('',(0.,0.,-1.));
#3950 = ORIENTED_EDGE('',*,*,#3951,.F.);
#3951 = EDGE_CURVE('',#2949,#3944,#3952,.T.);
#3952 = LINE('',#3953,#3954);
#3953 = CARTESIAN_POINT('',(6.300000000002,1.349999999996,0.));
#3954 = VECTOR('',#3955,1.);
#3955 = DIRECTION('',(0.,1.,0.));
#3956 = ORIENTED_EDGE('',*,*,#3887,.F.);
#3957 = PLANE('',#3958);
#3958 = AXIS2_PLACEMENT_3D('',#3959,#3960,#3961);
#3959 = CARTESIAN_POINT('',(6.300000000002,1.349999999996,3.9));
#3960 = DIRECTION('',(-1.,0.,0.));
#3961 = DIRECTION('',(0.,0.,-1.));
#3962 = ADVANCED_FACE('',(#3963),#3974,.F.);
#3963 = FACE_BOUND('',#3964,.F.);
#3964 = EDGE_LOOP('',(#3965,#3966,#3972,#3973));
#3965 = ORIENTED_EDGE('',*,*,#2924,.T.);
#3966 = ORIENTED_EDGE('',*,*,#3967,.T.);
#3967 = EDGE_CURVE('',#2925,#3944,#3968,.T.);
#3968 = LINE('',#3969,#3970);
#3969 = CARTESIAN_POINT('',(5.900000000002,2.149999999996,
    -1.110223024625E-16));
#3970 = VECTOR('',#3971,1.);
#3971 = DIRECTION('',(1.,0.,0.));
#3972 = ORIENTED_EDGE('',*,*,#3943,.F.);
#3973 = ORIENTED_EDGE('',*,*,#2900,.F.);
#3974 = PLANE('',#3975);
#3975 = AXIS2_PLACEMENT_3D('',#3976,#3977,#3978);
#3976 = CARTESIAN_POINT('',(5.900000000002,2.149999999996,3.9));
#3977 = DIRECTION('',(0.,-1.,0.));
#3978 = DIRECTION('',(1.,0.,0.));
#3979 = ADVANCED_FACE('',(#3980),#3986,.T.);
#3980 = FACE_BOUND('',#3981,.T.);
#3981 = EDGE_LOOP('',(#3982,#3983,#3984,#3985));
#3982 = ORIENTED_EDGE('',*,*,#2932,.T.);
#3983 = ORIENTED_EDGE('',*,*,#3967,.T.);
#3984 = ORIENTED_EDGE('',*,*,#3951,.F.);
#3985 = ORIENTED_EDGE('',*,*,#2948,.F.);
#3986 = PLANE('',#3987);
#3987 = AXIS2_PLACEMENT_3D('',#3988,#3989,#3990);
#3988 = CARTESIAN_POINT('',(5.900000000002,1.349999999996,0.));
#3989 = DIRECTION('',(0.,0.,-1.));
#3990 = DIRECTION('',(1.,0.,0.));
#3991 = ADVANCED_FACE('',(#3992),#4010,.T.);
#3992 = FACE_BOUND('',#3993,.T.);
#3993 = EDGE_LOOP('',(#3994,#3995,#3996,#4004));
#3994 = ORIENTED_EDGE('',*,*,#3029,.T.);
#3995 = ORIENTED_EDGE('',*,*,#2979,.T.);
#3996 = ORIENTED_EDGE('',*,*,#3997,.F.);
#3997 = EDGE_CURVE('',#3998,#2980,#4000,.T.);
#3998 = VERTEX_POINT('',#3999);
#3999 = CARTESIAN_POINT('',(6.300000000002,0.6,-1.5));
#4000 = LINE('',#4001,#4002);
#4001 = CARTESIAN_POINT('',(6.300000000002,0.384716157205,0.11462882096)
  );
#4002 = VECTOR('',#4003,1.);
#4003 = DIRECTION('',(0.,-0.132163720091,0.991227900683));
#4004 = ORIENTED_EDGE('',*,*,#4005,.F.);
#4005 = EDGE_CURVE('',#3022,#3998,#4006,.T.);
#4006 = LINE('',#4007,#4008);
#4007 = CARTESIAN_POINT('',(-2.299999999998,0.6,-1.5));
#4008 = VECTOR('',#4009,1.);
#4009 = DIRECTION('',(1.,0.,0.));
#4010 = PLANE('',#4011);
#4011 = AXIS2_PLACEMENT_3D('',#4012,#4013,#4014);
#4012 = CARTESIAN_POINT('',(-2.299999999998,0.4,0.));
#4013 = DIRECTION('',(0.,0.991227900683,0.132163720091));
#4014 = DIRECTION('',(0.,0.132163720091,-0.991227900683));
#4015 = ADVANCED_FACE('',(#4016),#4041,.T.);
#4016 = FACE_BOUND('',#4017,.T.);
#4017 = EDGE_LOOP('',(#4018,#4019,#4027,#4035));
#4018 = ORIENTED_EDGE('',*,*,#3003,.T.);
#4019 = ORIENTED_EDGE('',*,*,#4020,.T.);
#4020 = EDGE_CURVE('',#3006,#4021,#4023,.T.);
#4021 = VERTEX_POINT('',#4022);
#4022 = CARTESIAN_POINT('',(6.300000000002,-0.2,-2.8));
#4023 = LINE('',#4024,#4025);
#4024 = CARTESIAN_POINT('',(-2.299999999998,-0.2,-2.8));
#4025 = VECTOR('',#4026,1.);
#4026 = DIRECTION('',(1.,0.,0.));
#4027 = ORIENTED_EDGE('',*,*,#4028,.F.);
#4028 = EDGE_CURVE('',#4029,#4021,#4031,.T.);
#4029 = VERTEX_POINT('',#4030);
#4030 = CARTESIAN_POINT('',(6.300000000002,-0.6,-1.5));
#4031 = LINE('',#4032,#4033);
#4032 = CARTESIAN_POINT('',(6.300000000002,-0.643243243243,
    -1.35945945946));
#4033 = VECTOR('',#4034,1.);
#4034 = DIRECTION('',(0.,0.294085848838,-0.955779008722));
#4035 = ORIENTED_EDGE('',*,*,#4036,.F.);
#4036 = EDGE_CURVE('',#3004,#4029,#4037,.T.);
#4037 = LINE('',#4038,#4039);
#4038 = CARTESIAN_POINT('',(-2.299999999998,-0.6,-1.5));
#4039 = VECTOR('',#4040,1.);
#4040 = DIRECTION('',(1.,0.,0.));
#4041 = PLANE('',#4042);
#4042 = AXIS2_PLACEMENT_3D('',#4043,#4044,#4045);
#4043 = CARTESIAN_POINT('',(-2.299999999998,-0.2,-2.8));
#4044 = DIRECTION('',(0.,-0.955779008722,-0.294085848838));
#4045 = DIRECTION('',(0.,-0.294085848838,0.955779008722));
#4046 = ADVANCED_FACE('',(#4047),#4058,.T.);
#4047 = FACE_BOUND('',#4048,.T.);
#4048 = EDGE_LOOP('',(#4049,#4050,#4051,#4057));
#4049 = ORIENTED_EDGE('',*,*,#3036,.T.);
#4050 = ORIENTED_EDGE('',*,*,#4036,.T.);
#4051 = ORIENTED_EDGE('',*,*,#4052,.F.);
#4052 = EDGE_CURVE('',#3060,#4029,#4053,.T.);
#4053 = LINE('',#4054,#4055);
#4054 = CARTESIAN_POINT('',(6.300000000002,-0.508296943231,
    -0.812227074236));
#4055 = VECTOR('',#4056,1.);
#4056 = DIRECTION('',(0.,-0.132163720091,-0.991227900683));
#4057 = ORIENTED_EDGE('',*,*,#3068,.F.);
#4058 = PLANE('',#4059);
#4059 = AXIS2_PLACEMENT_3D('',#4060,#4061,#4062);
#4060 = CARTESIAN_POINT('',(-2.299999999998,-0.6,-1.5));
#4061 = DIRECTION('',(0.,-0.991227900683,0.132163720091));
#4062 = DIRECTION('',(0.,0.132163720091,0.991227900683));
#4063 = ADVANCED_FACE('',(#4064),#4082,.T.);
#4064 = FACE_BOUND('',#4065,.T.);
#4065 = EDGE_LOOP('',(#4066,#4067,#4068,#4076));
#4066 = ORIENTED_EDGE('',*,*,#3021,.T.);
#4067 = ORIENTED_EDGE('',*,*,#4005,.T.);
#4068 = ORIENTED_EDGE('',*,*,#4069,.F.);
#4069 = EDGE_CURVE('',#4070,#3998,#4072,.T.);
#4070 = VERTEX_POINT('',#4071);
#4071 = CARTESIAN_POINT('',(6.300000000002,0.2,-2.8));
#4072 = LINE('',#4073,#4074);
#4073 = CARTESIAN_POINT('',(6.300000000002,0.726486486487,
    -1.088918918918));
#4074 = VECTOR('',#4075,1.);
#4075 = DIRECTION('',(0.,0.294085848838,0.955779008722));
#4076 = ORIENTED_EDGE('',*,*,#4077,.F.);
#4077 = EDGE_CURVE('',#3014,#4070,#4078,.T.);
#4078 = LINE('',#4079,#4080);
#4079 = CARTESIAN_POINT('',(-2.299999999998,0.2,-2.8));
#4080 = VECTOR('',#4081,1.);
#4081 = DIRECTION('',(1.,0.,0.));
#4082 = PLANE('',#4083);
#4083 = AXIS2_PLACEMENT_3D('',#4084,#4085,#4086);
#4084 = CARTESIAN_POINT('',(-2.299999999998,0.6,-1.5));
#4085 = DIRECTION('',(0.,0.955779008722,-0.294085848838));
#4086 = DIRECTION('',(0.,-0.294085848838,-0.955779008722));
#4087 = ADVANCED_FACE('',(#4088),#4099,.F.);
#4088 = FACE_BOUND('',#4089,.F.);
#4089 = EDGE_LOOP('',(#4090,#4091,#4092,#4098));
#4090 = ORIENTED_EDGE('',*,*,#3013,.F.);
#4091 = ORIENTED_EDGE('',*,*,#4020,.T.);
#4092 = ORIENTED_EDGE('',*,*,#4093,.T.);
#4093 = EDGE_CURVE('',#4021,#4070,#4094,.T.);
#4094 = LINE('',#4095,#4096);
#4095 = CARTESIAN_POINT('',(6.300000000002,-1.349999999996,-2.8));
#4096 = VECTOR('',#4097,1.);
#4097 = DIRECTION('',(0.,1.,0.));
#4098 = ORIENTED_EDGE('',*,*,#4077,.F.);
#4099 = PLANE('',#4100);
#4100 = AXIS2_PLACEMENT_3D('',#4101,#4102,#4103);
#4101 = CARTESIAN_POINT('',(5.900000000002,-1.349999999996,-2.8));
#4102 = DIRECTION('',(0.,0.,1.));
#4103 = DIRECTION('',(0.,1.,0.));
#4104 = ADVANCED_FACE('',(#4105),#4111,.F.);
#4105 = FACE_BOUND('',#4106,.F.);
#4106 = EDGE_LOOP('',(#4107,#4108,#4109,#4110));
#4107 = ORIENTED_EDGE('',*,*,#3115,.T.);
#4108 = ORIENTED_EDGE('',*,*,#3926,.T.);
#4109 = ORIENTED_EDGE('',*,*,#3910,.F.);
#4110 = ORIENTED_EDGE('',*,*,#3092,.F.);
#4111 = PLANE('',#4112);
#4112 = AXIS2_PLACEMENT_3D('',#4113,#4114,#4115);
#4113 = CARTESIAN_POINT('',(5.900000000002,-1.349999999996,0.));
#4114 = DIRECTION('',(0.,0.,1.));
#4115 = DIRECTION('',(1.,0.,-0.));
#4116 = ADVANCED_FACE('',(#4117),#4128,.F.);
#4117 = FACE_BOUND('',#4118,.F.);
#4118 = EDGE_LOOP('',(#4119,#4120,#4126,#4127));
#4119 = ORIENTED_EDGE('',*,*,#3660,.T.);
#4120 = ORIENTED_EDGE('',*,*,#4121,.T.);
#4121 = EDGE_CURVE('',#3661,#3621,#4122,.T.);
#4122 = LINE('',#4123,#4124);
#4123 = CARTESIAN_POINT('',(4.499999999996,2.150000000002,0.66));
#4124 = VECTOR('',#4125,1.);
#4125 = DIRECTION('',(1.,0.,0.));
#4126 = ORIENTED_EDGE('',*,*,#3620,.F.);
#4127 = ORIENTED_EDGE('',*,*,#3223,.F.);
#4128 = PLANE('',#4129);
#4129 = AXIS2_PLACEMENT_3D('',#4130,#4131,#4132);
#4130 = CARTESIAN_POINT('',(4.499999999996,2.150000000002,0.7));
#4131 = DIRECTION('',(0.,-1.,0.));
#4132 = DIRECTION('',(1.,0.,0.));
#4133 = ADVANCED_FACE('',(#4134),#4145,.F.);
#4134 = FACE_BOUND('',#4135,.F.);
#4135 = EDGE_LOOP('',(#4136,#4137,#4143,#4144));
#4136 = ORIENTED_EDGE('',*,*,#3256,.T.);
#4137 = ORIENTED_EDGE('',*,*,#4138,.T.);
#4138 = EDGE_CURVE('',#3257,#3766,#4139,.T.);
#4139 = LINE('',#4140,#4141);
#4140 = CARTESIAN_POINT('',(-1.849999999996,2.150000000002,0.66));
#4141 = VECTOR('',#4142,1.);
#4142 = DIRECTION('',(1.,0.,0.));
#4143 = ORIENTED_EDGE('',*,*,#3765,.F.);
#4144 = ORIENTED_EDGE('',*,*,#3240,.F.);
#4145 = PLANE('',#4146);
#4146 = AXIS2_PLACEMENT_3D('',#4147,#4148,#4149);
#4147 = CARTESIAN_POINT('',(-1.849999999996,2.150000000002,0.7));
#4148 = DIRECTION('',(0.,-1.,0.));
#4149 = DIRECTION('',(1.,0.,0.));
#4150 = ADVANCED_FACE('',(#4151),#4162,.T.);
#4151 = FACE_BOUND('',#4152,.T.);
#4152 = EDGE_LOOP('',(#4153,#4154,#4155,#4161));
#4153 = ORIENTED_EDGE('',*,*,#4138,.T.);
#4154 = ORIENTED_EDGE('',*,*,#3773,.T.);
#4155 = ORIENTED_EDGE('',*,*,#4156,.F.);
#4156 = EDGE_CURVE('',#3274,#3774,#4157,.T.);
#4157 = LINE('',#4158,#4159);
#4158 = CARTESIAN_POINT('',(-1.849999999996,1.790000000002,0.3));
#4159 = VECTOR('',#4160,1.);
#4160 = DIRECTION('',(1.,0.,0.));
#4161 = ORIENTED_EDGE('',*,*,#3281,.F.);
#4162 = CYLINDRICAL_SURFACE('',#4163,0.36);
#4163 = AXIS2_PLACEMENT_3D('',#4164,#4165,#4166);
#4164 = CARTESIAN_POINT('',(-1.849999999996,1.790000000002,0.66));
#4165 = DIRECTION('',(1.,0.,0.));
#4166 = DIRECTION('',(-0.,1.,0.));
#4167 = ADVANCED_FACE('',(#4168),#4179,.F.);
#4168 = FACE_BOUND('',#4169,.F.);
#4169 = EDGE_LOOP('',(#4170,#4171,#4172,#4173));
#4170 = ORIENTED_EDGE('',*,*,#3782,.F.);
#4171 = ORIENTED_EDGE('',*,*,#4156,.F.);
#4172 = ORIENTED_EDGE('',*,*,#3273,.F.);
#4173 = ORIENTED_EDGE('',*,*,#4174,.F.);
#4174 = EDGE_CURVE('',#3783,#3266,#4175,.T.);
#4175 = LINE('',#4176,#4177);
#4176 = CARTESIAN_POINT('',(-0.499999999996,1.750000000002,0.3));
#4177 = VECTOR('',#4178,1.);
#4178 = DIRECTION('',(-1.,0.,0.));
#4179 = PLANE('',#4180);
#4180 = AXIS2_PLACEMENT_3D('',#4181,#4182,#4183);
#4181 = CARTESIAN_POINT('',(2.00000000003,1.624186896076E-11,0.3));
#4182 = DIRECTION('',(0.,0.,1.));
#4183 = DIRECTION('',(1.,0.,-0.));
#4184 = ADVANCED_FACE('',(#4185),#4196,.F.);
#4185 = FACE_BOUND('',#4186,.F.);
#4186 = EDGE_LOOP('',(#4187,#4188,#4194,#4195));
#4187 = ORIENTED_EDGE('',*,*,#3370,.T.);
#4188 = ORIENTED_EDGE('',*,*,#4189,.T.);
#4189 = EDGE_CURVE('',#3371,#3331,#4190,.T.);
#4190 = LINE('',#4191,#4192);
#4191 = CARTESIAN_POINT('',(-0.499999999996,-2.149999999998,0.66));
#4192 = VECTOR('',#4193,1.);
#4193 = DIRECTION('',(-1.,0.,0.));
#4194 = ORIENTED_EDGE('',*,*,#3330,.F.);
#4195 = ORIENTED_EDGE('',*,*,#3297,.F.);
#4196 = PLANE('',#4197);
#4197 = AXIS2_PLACEMENT_3D('',#4198,#4199,#4200);
#4198 = CARTESIAN_POINT('',(-0.499999999996,-2.149999999998,0.7));
#4199 = DIRECTION('',(0.,1.,0.));
#4200 = DIRECTION('',(-1.,0.,0.));
#4201 = ADVANCED_FACE('',(#4202),#4213,.F.);
#4202 = FACE_BOUND('',#4203,.F.);
#4203 = EDGE_LOOP('',(#4204,#4205,#4211,#4212));
#4204 = ORIENTED_EDGE('',*,*,#3475,.T.);
#4205 = ORIENTED_EDGE('',*,*,#4206,.T.);
#4206 = EDGE_CURVE('',#3476,#3516,#4207,.T.);
#4207 = LINE('',#4208,#4209);
#4208 = CARTESIAN_POINT('',(5.849999999996,-2.149999999998,0.66));
#4209 = VECTOR('',#4210,1.);
#4210 = DIRECTION('',(-1.,0.,0.));
#4211 = ORIENTED_EDGE('',*,*,#3515,.F.);
#4212 = ORIENTED_EDGE('',*,*,#3314,.F.);
#4213 = PLANE('',#4214);
#4214 = AXIS2_PLACEMENT_3D('',#4215,#4216,#4217);
#4215 = CARTESIAN_POINT('',(5.849999999996,-2.149999999998,0.7));
#4216 = DIRECTION('',(0.,1.,0.));
#4217 = DIRECTION('',(-1.,0.,0.));
#4218 = ADVANCED_FACE('',(#4219),#4230,.T.);
#4219 = FACE_BOUND('',#4220,.T.);
#4220 = EDGE_LOOP('',(#4221,#4222,#4223,#4229));
#4221 = ORIENTED_EDGE('',*,*,#4189,.T.);
#4222 = ORIENTED_EDGE('',*,*,#3338,.T.);
#4223 = ORIENTED_EDGE('',*,*,#4224,.F.);
#4224 = EDGE_CURVE('',#3388,#3339,#4225,.T.);
#4225 = LINE('',#4226,#4227);
#4226 = CARTESIAN_POINT('',(-0.499999999996,-1.789999999998,0.3));
#4227 = VECTOR('',#4228,1.);
#4228 = DIRECTION('',(-1.,0.,0.));
#4229 = ORIENTED_EDGE('',*,*,#3395,.F.);
#4230 = CYLINDRICAL_SURFACE('',#4231,0.36);
#4231 = AXIS2_PLACEMENT_3D('',#4232,#4233,#4234);
#4232 = CARTESIAN_POINT('',(-0.499999999996,-1.789999999998,0.66));
#4233 = DIRECTION('',(-1.,0.,0.));
#4234 = DIRECTION('',(0.,-1.,0.));
#4235 = ADVANCED_FACE('',(#4236),#4247,.F.);
#4236 = FACE_BOUND('',#4237,.F.);
#4237 = EDGE_LOOP('',(#4238,#4239,#4245,#4246));
#4238 = ORIENTED_EDGE('',*,*,#3387,.F.);
#4239 = ORIENTED_EDGE('',*,*,#4240,.F.);
#4240 = EDGE_CURVE('',#3348,#3380,#4241,.T.);
#4241 = LINE('',#4242,#4243);
#4242 = CARTESIAN_POINT('',(-1.849999999996,-1.749999999998,0.3));
#4243 = VECTOR('',#4244,1.);
#4244 = DIRECTION('',(1.,0.,0.));
#4245 = ORIENTED_EDGE('',*,*,#3347,.F.);
#4246 = ORIENTED_EDGE('',*,*,#4224,.F.);
#4247 = PLANE('',#4248);
#4248 = AXIS2_PLACEMENT_3D('',#4249,#4250,#4251);
#4249 = CARTESIAN_POINT('',(2.00000000003,1.624186896076E-11,0.3));
#4250 = DIRECTION('',(0.,0.,1.));
#4251 = DIRECTION('',(1.,0.,-0.));
#4252 = ADVANCED_FACE('',(#4253),#4259,.T.);
#4253 = FACE_BOUND('',#4254,.T.);
#4254 = EDGE_LOOP('',(#4255,#4256,#4257,#4258));
#4255 = ORIENTED_EDGE('',*,*,#3419,.T.);
#4256 = ORIENTED_EDGE('',*,*,#3459,.T.);
#4257 = ORIENTED_EDGE('',*,*,#3443,.F.);
#4258 = ORIENTED_EDGE('',*,*,#4240,.F.);
#4259 = PLANE('',#4260);
#4260 = AXIS2_PLACEMENT_3D('',#4261,#4262,#4263);
#4261 = CARTESIAN_POINT('',(-1.849999999996,-1.749999999998,0.3));
#4262 = DIRECTION('',(0.,0.,-1.));
#4263 = DIRECTION('',(1.,0.,0.));
#4264 = ADVANCED_FACE('',(#4265),#4276,.T.);
#4265 = FACE_BOUND('',#4266,.T.);
#4266 = EDGE_LOOP('',(#4267,#4268,#4269,#4275));
#4267 = ORIENTED_EDGE('',*,*,#4206,.T.);
#4268 = ORIENTED_EDGE('',*,*,#3523,.T.);
#4269 = ORIENTED_EDGE('',*,*,#4270,.F.);
#4270 = EDGE_CURVE('',#3493,#3524,#4271,.T.);
#4271 = LINE('',#4272,#4273);
#4272 = CARTESIAN_POINT('',(5.849999999996,-1.789999999998,0.3));
#4273 = VECTOR('',#4274,1.);
#4274 = DIRECTION('',(-1.,0.,0.));
#4275 = ORIENTED_EDGE('',*,*,#3500,.F.);
#4276 = CYLINDRICAL_SURFACE('',#4277,0.36);
#4277 = AXIS2_PLACEMENT_3D('',#4278,#4279,#4280);
#4278 = CARTESIAN_POINT('',(5.849999999996,-1.789999999998,0.66));
#4279 = DIRECTION('',(-1.,0.,0.));
#4280 = DIRECTION('',(0.,-1.,0.));
#4281 = ADVANCED_FACE('',(#4282),#4293,.F.);
#4282 = FACE_BOUND('',#4283,.F.);
#4283 = EDGE_LOOP('',(#4284,#4285,#4291,#4292));
#4284 = ORIENTED_EDGE('',*,*,#3492,.F.);
#4285 = ORIENTED_EDGE('',*,*,#4286,.F.);
#4286 = EDGE_CURVE('',#3533,#3485,#4287,.T.);
#4287 = LINE('',#4288,#4289);
#4288 = CARTESIAN_POINT('',(4.499999999996,-1.749999999998,0.3));
#4289 = VECTOR('',#4290,1.);
#4290 = DIRECTION('',(1.,0.,0.));
#4291 = ORIENTED_EDGE('',*,*,#3532,.F.);
#4292 = ORIENTED_EDGE('',*,*,#4270,.F.);
#4293 = PLANE('',#4294);
#4294 = AXIS2_PLACEMENT_3D('',#4295,#4296,#4297);
#4295 = CARTESIAN_POINT('',(2.00000000003,1.624186896076E-11,0.3));
#4296 = DIRECTION('',(0.,0.,1.));
#4297 = DIRECTION('',(1.,0.,-0.));
#4298 = ADVANCED_FACE('',(#4299),#4305,.T.);
#4299 = FACE_BOUND('',#4300,.T.);
#4300 = EDGE_LOOP('',(#4301,#4302,#4303,#4304));
#4301 = ORIENTED_EDGE('',*,*,#3564,.T.);
#4302 = ORIENTED_EDGE('',*,*,#3604,.T.);
#4303 = ORIENTED_EDGE('',*,*,#3588,.F.);
#4304 = ORIENTED_EDGE('',*,*,#4286,.F.);
#4305 = PLANE('',#4306);
#4306 = AXIS2_PLACEMENT_3D('',#4307,#4308,#4309);
#4307 = CARTESIAN_POINT('',(4.499999999996,-1.749999999998,0.3));
#4308 = DIRECTION('',(0.,0.,-1.));
#4309 = DIRECTION('',(1.,0.,0.));
#4310 = ADVANCED_FACE('',(#4311),#4322,.T.);
#4311 = FACE_BOUND('',#4312,.T.);
#4312 = EDGE_LOOP('',(#4313,#4314,#4315,#4321));
#4313 = ORIENTED_EDGE('',*,*,#4121,.T.);
#4314 = ORIENTED_EDGE('',*,*,#3628,.T.);
#4315 = ORIENTED_EDGE('',*,*,#4316,.F.);
#4316 = EDGE_CURVE('',#3678,#3629,#4317,.T.);
#4317 = LINE('',#4318,#4319);
#4318 = CARTESIAN_POINT('',(4.499999999996,1.790000000002,0.3));
#4319 = VECTOR('',#4320,1.);
#4320 = DIRECTION('',(1.,0.,0.));
#4321 = ORIENTED_EDGE('',*,*,#3685,.F.);
#4322 = CYLINDRICAL_SURFACE('',#4323,0.36);
#4323 = AXIS2_PLACEMENT_3D('',#4324,#4325,#4326);
#4324 = CARTESIAN_POINT('',(4.499999999996,1.790000000002,0.66));
#4325 = DIRECTION('',(1.,0.,0.));
#4326 = DIRECTION('',(-0.,1.,0.));
#4327 = ADVANCED_FACE('',(#4328),#4339,.F.);
#4328 = FACE_BOUND('',#4329,.F.);
#4329 = EDGE_LOOP('',(#4330,#4331,#4332,#4333));
#4330 = ORIENTED_EDGE('',*,*,#3637,.F.);
#4331 = ORIENTED_EDGE('',*,*,#4316,.F.);
#4332 = ORIENTED_EDGE('',*,*,#3677,.F.);
#4333 = ORIENTED_EDGE('',*,*,#4334,.F.);
#4334 = EDGE_CURVE('',#3638,#3670,#4335,.T.);
#4335 = LINE('',#4336,#4337);
#4336 = CARTESIAN_POINT('',(5.850000000047,1.750000000002,0.3));
#4337 = VECTOR('',#4338,1.);
#4338 = DIRECTION('',(-1.,0.,0.));
#4339 = PLANE('',#4340);
#4340 = AXIS2_PLACEMENT_3D('',#4341,#4342,#4343);
#4341 = CARTESIAN_POINT('',(2.00000000003,1.624186896076E-11,0.3));
#4342 = DIRECTION('',(0.,0.,1.));
#4343 = DIRECTION('',(1.,0.,-0.));
#4344 = ADVANCED_FACE('',(#4345),#4351,.T.);
#4345 = FACE_BOUND('',#4346,.T.);
#4346 = EDGE_LOOP('',(#4347,#4348,#4349,#4350));
#4347 = ORIENTED_EDGE('',*,*,#3709,.T.);
#4348 = ORIENTED_EDGE('',*,*,#3749,.T.);
#4349 = ORIENTED_EDGE('',*,*,#3733,.F.);
#4350 = ORIENTED_EDGE('',*,*,#4334,.F.);
#4351 = PLANE('',#4352);
#4352 = AXIS2_PLACEMENT_3D('',#4353,#4354,#4355);
#4353 = CARTESIAN_POINT('',(5.850000000047,1.750000000002,0.3));
#4354 = DIRECTION('',(-0.,-0.,-1.));
#4355 = DIRECTION('',(-1.,0.,0.));
#4356 = ADVANCED_FACE('',(#4357),#4363,.T.);
#4357 = FACE_BOUND('',#4358,.T.);
#4358 = EDGE_LOOP('',(#4359,#4360,#4361,#4362));
#4359 = ORIENTED_EDGE('',*,*,#3814,.T.);
#4360 = ORIENTED_EDGE('',*,*,#3854,.T.);
#4361 = ORIENTED_EDGE('',*,*,#3838,.F.);
#4362 = ORIENTED_EDGE('',*,*,#4174,.F.);
#4363 = PLANE('',#4364);
#4364 = AXIS2_PLACEMENT_3D('',#4365,#4366,#4367);
#4365 = CARTESIAN_POINT('',(-0.499999999996,1.750000000002,0.3));
#4366 = DIRECTION('',(-0.,-0.,-1.));
#4367 = DIRECTION('',(-1.,0.,0.));
#4368 = ADVANCED_FACE('',(#4369),#4377,.T.);
#4369 = FACE_BOUND('',#4370,.T.);
#4370 = EDGE_LOOP('',(#4371,#4372,#4373,#4374,#4375,#4376));
#4371 = ORIENTED_EDGE('',*,*,#4028,.T.);
#4372 = ORIENTED_EDGE('',*,*,#4093,.T.);
#4373 = ORIENTED_EDGE('',*,*,#4069,.T.);
#4374 = ORIENTED_EDGE('',*,*,#3997,.T.);
#4375 = ORIENTED_EDGE('',*,*,#3879,.F.);
#4376 = ORIENTED_EDGE('',*,*,#4052,.T.);
#4377 = PLANE('',#4378);
#4378 = AXIS2_PLACEMENT_3D('',#4379,#4380,#4381);
#4379 = CARTESIAN_POINT('',(6.300000000002,-1.349999999996,0.));
#4380 = DIRECTION('',(1.,0.,0.));
#4381 = DIRECTION('',(-0.,1.,0.));
#4382 = MANIFOLD_SOLID_BREP('',#4383);
#4383 = CLOSED_SHELL('',(#4384,#4424,#4455,#4486,#4517,#4548,#4579,#4610
    ,#4641,#4672,#4703,#4734,#4756,#4776));
#4384 = ADVANCED_FACE('',(#4385),#4419,.T.);
#4385 = FACE_BOUND('',#4386,.T.);
#4386 = EDGE_LOOP('',(#4387,#4397,#4405,#4413));
#4387 = ORIENTED_EDGE('',*,*,#4388,.T.);
#4388 = EDGE_CURVE('',#4389,#4391,#4393,.T.);
#4389 = VERTEX_POINT('',#4390);
#4390 = CARTESIAN_POINT('',(-1.85,1.725,0.7));
#4391 = VERTEX_POINT('',#4392);
#4392 = CARTESIAN_POINT('',(-1.85,1.725,1.3));
#4393 = LINE('',#4394,#4395);
#4394 = CARTESIAN_POINT('',(-1.85,1.725,0.7));
#4395 = VECTOR('',#4396,1.);
#4396 = DIRECTION('',(0.,0.,1.));
#4397 = ORIENTED_EDGE('',*,*,#4398,.T.);
#4398 = EDGE_CURVE('',#4391,#4399,#4401,.T.);
#4399 = VERTEX_POINT('',#4400);
#4400 = CARTESIAN_POINT('',(-0.45,1.725,1.3));
#4401 = LINE('',#4402,#4403);
#4402 = CARTESIAN_POINT('',(-1.85,1.725,1.3));
#4403 = VECTOR('',#4404,1.);
#4404 = DIRECTION('',(1.,0.,0.));
#4405 = ORIENTED_EDGE('',*,*,#4406,.F.);
#4406 = EDGE_CURVE('',#4407,#4399,#4409,.T.);
#4407 = VERTEX_POINT('',#4408);
#4408 = CARTESIAN_POINT('',(-0.45,1.725,0.7));
#4409 = LINE('',#4410,#4411);
#4410 = CARTESIAN_POINT('',(-0.45,1.725,0.7));
#4411 = VECTOR('',#4412,1.);
#4412 = DIRECTION('',(0.,0.,1.));
#4413 = ORIENTED_EDGE('',*,*,#4414,.F.);
#4414 = EDGE_CURVE('',#4389,#4407,#4415,.T.);
#4415 = LINE('',#4416,#4417);
#4416 = CARTESIAN_POINT('',(-1.85,1.725,0.7));
#4417 = VECTOR('',#4418,1.);
#4418 = DIRECTION('',(1.,0.,0.));
#4419 = PLANE('',#4420);
#4420 = AXIS2_PLACEMENT_3D('',#4421,#4422,#4423);
#4421 = CARTESIAN_POINT('',(-1.85,1.725,0.7));
#4422 = DIRECTION('',(0.,1.,0.));
#4423 = DIRECTION('',(1.,0.,0.));
#4424 = ADVANCED_FACE('',(#4425),#4450,.T.);
#4425 = FACE_BOUND('',#4426,.T.);
#4426 = EDGE_LOOP('',(#4427,#4428,#4436,#4444));
#4427 = ORIENTED_EDGE('',*,*,#4406,.T.);
#4428 = ORIENTED_EDGE('',*,*,#4429,.T.);
#4429 = EDGE_CURVE('',#4399,#4430,#4432,.T.);
#4430 = VERTEX_POINT('',#4431);
#4431 = CARTESIAN_POINT('',(-0.45,2.125,1.3));
#4432 = LINE('',#4433,#4434);
#4433 = CARTESIAN_POINT('',(-0.45,1.725,1.3));
#4434 = VECTOR('',#4435,1.);
#4435 = DIRECTION('',(0.,1.,0.));
#4436 = ORIENTED_EDGE('',*,*,#4437,.F.);
#4437 = EDGE_CURVE('',#4438,#4430,#4440,.T.);
#4438 = VERTEX_POINT('',#4439);
#4439 = CARTESIAN_POINT('',(-0.45,2.125,0.7));
#4440 = LINE('',#4441,#4442);
#4441 = CARTESIAN_POINT('',(-0.45,2.125,0.7));
#4442 = VECTOR('',#4443,1.);
#4443 = DIRECTION('',(0.,0.,1.));
#4444 = ORIENTED_EDGE('',*,*,#4445,.F.);
#4445 = EDGE_CURVE('',#4407,#4438,#4446,.T.);
#4446 = LINE('',#4447,#4448);
#4447 = CARTESIAN_POINT('',(-0.45,1.725,0.7));
#4448 = VECTOR('',#4449,1.);
#4449 = DIRECTION('',(0.,1.,0.));
#4450 = PLANE('',#4451);
#4451 = AXIS2_PLACEMENT_3D('',#4452,#4453,#4454);
#4452 = CARTESIAN_POINT('',(-0.45,1.725,0.7));
#4453 = DIRECTION('',(-1.,0.,0.));
#4454 = DIRECTION('',(0.,1.,0.));
#4455 = ADVANCED_FACE('',(#4456),#4481,.T.);
#4456 = FACE_BOUND('',#4457,.T.);
#4457 = EDGE_LOOP('',(#4458,#4459,#4467,#4475));
#4458 = ORIENTED_EDGE('',*,*,#4437,.T.);
#4459 = ORIENTED_EDGE('',*,*,#4460,.T.);
#4460 = EDGE_CURVE('',#4430,#4461,#4463,.T.);
#4461 = VERTEX_POINT('',#4462);
#4462 = CARTESIAN_POINT('',(4.45,2.125,1.3));
#4463 = LINE('',#4464,#4465);
#4464 = CARTESIAN_POINT('',(-0.45,2.125,1.3));
#4465 = VECTOR('',#4466,1.);
#4466 = DIRECTION('',(1.,0.,0.));
#4467 = ORIENTED_EDGE('',*,*,#4468,.F.);
#4468 = EDGE_CURVE('',#4469,#4461,#4471,.T.);
#4469 = VERTEX_POINT('',#4470);
#4470 = CARTESIAN_POINT('',(4.45,2.125,0.7));
#4471 = LINE('',#4472,#4473);
#4472 = CARTESIAN_POINT('',(4.45,2.125,0.7));
#4473 = VECTOR('',#4474,1.);
#4474 = DIRECTION('',(0.,0.,1.));
#4475 = ORIENTED_EDGE('',*,*,#4476,.F.);
#4476 = EDGE_CURVE('',#4438,#4469,#4477,.T.);
#4477 = LINE('',#4478,#4479);
#4478 = CARTESIAN_POINT('',(-0.45,2.125,0.7));
#4479 = VECTOR('',#4480,1.);
#4480 = DIRECTION('',(1.,0.,0.));
#4481 = PLANE('',#4482);
#4482 = AXIS2_PLACEMENT_3D('',#4483,#4484,#4485);
#4483 = CARTESIAN_POINT('',(-0.45,2.125,0.7));
#4484 = DIRECTION('',(0.,1.,0.));
#4485 = DIRECTION('',(1.,0.,0.));
#4486 = ADVANCED_FACE('',(#4487),#4512,.T.);
#4487 = FACE_BOUND('',#4488,.T.);
#4488 = EDGE_LOOP('',(#4489,#4490,#4498,#4506));
#4489 = ORIENTED_EDGE('',*,*,#4468,.T.);
#4490 = ORIENTED_EDGE('',*,*,#4491,.T.);
#4491 = EDGE_CURVE('',#4461,#4492,#4494,.T.);
#4492 = VERTEX_POINT('',#4493);
#4493 = CARTESIAN_POINT('',(4.45,1.725,1.3));
#4494 = LINE('',#4495,#4496);
#4495 = CARTESIAN_POINT('',(4.45,2.125,1.3));
#4496 = VECTOR('',#4497,1.);
#4497 = DIRECTION('',(0.,-1.,0.));
#4498 = ORIENTED_EDGE('',*,*,#4499,.F.);
#4499 = EDGE_CURVE('',#4500,#4492,#4502,.T.);
#4500 = VERTEX_POINT('',#4501);
#4501 = CARTESIAN_POINT('',(4.45,1.725,0.7));
#4502 = LINE('',#4503,#4504);
#4503 = CARTESIAN_POINT('',(4.45,1.725,0.7));
#4504 = VECTOR('',#4505,1.);
#4505 = DIRECTION('',(0.,0.,1.));
#4506 = ORIENTED_EDGE('',*,*,#4507,.F.);
#4507 = EDGE_CURVE('',#4469,#4500,#4508,.T.);
#4508 = LINE('',#4509,#4510);
#4509 = CARTESIAN_POINT('',(4.45,2.125,0.7));
#4510 = VECTOR('',#4511,1.);
#4511 = DIRECTION('',(0.,-1.,0.));
#4512 = PLANE('',#4513);
#4513 = AXIS2_PLACEMENT_3D('',#4514,#4515,#4516);
#4514 = CARTESIAN_POINT('',(4.45,2.125,0.7));
#4515 = DIRECTION('',(1.,0.,0.));
#4516 = DIRECTION('',(0.,-1.,0.));
#4517 = ADVANCED_FACE('',(#4518),#4543,.T.);
#4518 = FACE_BOUND('',#4519,.T.);
#4519 = EDGE_LOOP('',(#4520,#4521,#4529,#4537));
#4520 = ORIENTED_EDGE('',*,*,#4499,.T.);
#4521 = ORIENTED_EDGE('',*,*,#4522,.T.);
#4522 = EDGE_CURVE('',#4492,#4523,#4525,.T.);
#4523 = VERTEX_POINT('',#4524);
#4524 = CARTESIAN_POINT('',(5.850000000004,1.725,1.3));
#4525 = LINE('',#4526,#4527);
#4526 = CARTESIAN_POINT('',(4.45,1.725,1.3));
#4527 = VECTOR('',#4528,1.);
#4528 = DIRECTION('',(1.,0.,0.));
#4529 = ORIENTED_EDGE('',*,*,#4530,.F.);
#4530 = EDGE_CURVE('',#4531,#4523,#4533,.T.);
#4531 = VERTEX_POINT('',#4532);
#4532 = CARTESIAN_POINT('',(5.850000000004,1.725,0.7));
#4533 = LINE('',#4534,#4535);
#4534 = CARTESIAN_POINT('',(5.850000000004,1.725,0.7));
#4535 = VECTOR('',#4536,1.);
#4536 = DIRECTION('',(0.,0.,1.));
#4537 = ORIENTED_EDGE('',*,*,#4538,.F.);
#4538 = EDGE_CURVE('',#4500,#4531,#4539,.T.);
#4539 = LINE('',#4540,#4541);
#4540 = CARTESIAN_POINT('',(4.45,1.725,0.7));
#4541 = VECTOR('',#4542,1.);
#4542 = DIRECTION('',(1.,0.,0.));
#4543 = PLANE('',#4544);
#4544 = AXIS2_PLACEMENT_3D('',#4545,#4546,#4547);
#4545 = CARTESIAN_POINT('',(4.45,1.725,0.7));
#4546 = DIRECTION('',(0.,1.,0.));
#4547 = DIRECTION('',(1.,0.,0.));
#4548 = ADVANCED_FACE('',(#4549),#4574,.T.);
#4549 = FACE_BOUND('',#4550,.T.);
#4550 = EDGE_LOOP('',(#4551,#4552,#4560,#4568));
#4551 = ORIENTED_EDGE('',*,*,#4530,.T.);
#4552 = ORIENTED_EDGE('',*,*,#4553,.T.);
#4553 = EDGE_CURVE('',#4523,#4554,#4556,.T.);
#4554 = VERTEX_POINT('',#4555);
#4555 = CARTESIAN_POINT('',(5.850000000004,-1.725,1.3));
#4556 = LINE('',#4557,#4558);
#4557 = CARTESIAN_POINT('',(5.850000000004,1.725,1.3));
#4558 = VECTOR('',#4559,1.);
#4559 = DIRECTION('',(0.,-1.,0.));
#4560 = ORIENTED_EDGE('',*,*,#4561,.F.);
#4561 = EDGE_CURVE('',#4562,#4554,#4564,.T.);
#4562 = VERTEX_POINT('',#4563);
#4563 = CARTESIAN_POINT('',(5.850000000004,-1.725,0.7));
#4564 = LINE('',#4565,#4566);
#4565 = CARTESIAN_POINT('',(5.850000000004,-1.725,0.7));
#4566 = VECTOR('',#4567,1.);
#4567 = DIRECTION('',(0.,0.,1.));
#4568 = ORIENTED_EDGE('',*,*,#4569,.F.);
#4569 = EDGE_CURVE('',#4531,#4562,#4570,.T.);
#4570 = LINE('',#4571,#4572);
#4571 = CARTESIAN_POINT('',(5.850000000004,1.725,0.7));
#4572 = VECTOR('',#4573,1.);
#4573 = DIRECTION('',(0.,-1.,0.));
#4574 = PLANE('',#4575);
#4575 = AXIS2_PLACEMENT_3D('',#4576,#4577,#4578);
#4576 = CARTESIAN_POINT('',(5.850000000004,1.725,0.7));
#4577 = DIRECTION('',(1.,0.,0.));
#4578 = DIRECTION('',(0.,-1.,0.));
#4579 = ADVANCED_FACE('',(#4580),#4605,.T.);
#4580 = FACE_BOUND('',#4581,.T.);
#4581 = EDGE_LOOP('',(#4582,#4583,#4591,#4599));
#4582 = ORIENTED_EDGE('',*,*,#4561,.T.);
#4583 = ORIENTED_EDGE('',*,*,#4584,.T.);
#4584 = EDGE_CURVE('',#4554,#4585,#4587,.T.);
#4585 = VERTEX_POINT('',#4586);
#4586 = CARTESIAN_POINT('',(4.45,-1.725,1.3));
#4587 = LINE('',#4588,#4589);
#4588 = CARTESIAN_POINT('',(5.850000000004,-1.725,1.3));
#4589 = VECTOR('',#4590,1.);
#4590 = DIRECTION('',(-1.,0.,0.));
#4591 = ORIENTED_EDGE('',*,*,#4592,.F.);
#4592 = EDGE_CURVE('',#4593,#4585,#4595,.T.);
#4593 = VERTEX_POINT('',#4594);
#4594 = CARTESIAN_POINT('',(4.45,-1.725,0.7));
#4595 = LINE('',#4596,#4597);
#4596 = CARTESIAN_POINT('',(4.45,-1.725,0.7));
#4597 = VECTOR('',#4598,1.);
#4598 = DIRECTION('',(0.,0.,1.));
#4599 = ORIENTED_EDGE('',*,*,#4600,.F.);
#4600 = EDGE_CURVE('',#4562,#4593,#4601,.T.);
#4601 = LINE('',#4602,#4603);
#4602 = CARTESIAN_POINT('',(5.850000000004,-1.725,0.7));
#4603 = VECTOR('',#4604,1.);
#4604 = DIRECTION('',(-1.,0.,0.));
#4605 = PLANE('',#4606);
#4606 = AXIS2_PLACEMENT_3D('',#4607,#4608,#4609);
#4607 = CARTESIAN_POINT('',(5.850000000004,-1.725,0.7));
#4608 = DIRECTION('',(0.,-1.,0.));
#4609 = DIRECTION('',(-1.,0.,0.));
#4610 = ADVANCED_FACE('',(#4611),#4636,.T.);
#4611 = FACE_BOUND('',#4612,.T.);
#4612 = EDGE_LOOP('',(#4613,#4614,#4622,#4630));
#4613 = ORIENTED_EDGE('',*,*,#4592,.T.);
#4614 = ORIENTED_EDGE('',*,*,#4615,.T.);
#4615 = EDGE_CURVE('',#4585,#4616,#4618,.T.);
#4616 = VERTEX_POINT('',#4617);
#4617 = CARTESIAN_POINT('',(4.45,-2.125,1.3));
#4618 = LINE('',#4619,#4620);
#4619 = CARTESIAN_POINT('',(4.45,-1.725,1.3));
#4620 = VECTOR('',#4621,1.);
#4621 = DIRECTION('',(0.,-1.,0.));
#4622 = ORIENTED_EDGE('',*,*,#4623,.F.);
#4623 = EDGE_CURVE('',#4624,#4616,#4626,.T.);
#4624 = VERTEX_POINT('',#4625);
#4625 = CARTESIAN_POINT('',(4.45,-2.125,0.7));
#4626 = LINE('',#4627,#4628);
#4627 = CARTESIAN_POINT('',(4.45,-2.125,0.7));
#4628 = VECTOR('',#4629,1.);
#4629 = DIRECTION('',(0.,0.,1.));
#4630 = ORIENTED_EDGE('',*,*,#4631,.F.);
#4631 = EDGE_CURVE('',#4593,#4624,#4632,.T.);
#4632 = LINE('',#4633,#4634);
#4633 = CARTESIAN_POINT('',(4.45,-1.725,0.7));
#4634 = VECTOR('',#4635,1.);
#4635 = DIRECTION('',(0.,-1.,0.));
#4636 = PLANE('',#4637);
#4637 = AXIS2_PLACEMENT_3D('',#4638,#4639,#4640);
#4638 = CARTESIAN_POINT('',(4.45,-1.725,0.7));
#4639 = DIRECTION('',(1.,0.,0.));
#4640 = DIRECTION('',(0.,-1.,0.));
#4641 = ADVANCED_FACE('',(#4642),#4667,.T.);
#4642 = FACE_BOUND('',#4643,.T.);
#4643 = EDGE_LOOP('',(#4644,#4645,#4653,#4661));
#4644 = ORIENTED_EDGE('',*,*,#4623,.T.);
#4645 = ORIENTED_EDGE('',*,*,#4646,.T.);
#4646 = EDGE_CURVE('',#4616,#4647,#4649,.T.);
#4647 = VERTEX_POINT('',#4648);
#4648 = CARTESIAN_POINT('',(-0.45,-2.125,1.3));
#4649 = LINE('',#4650,#4651);
#4650 = CARTESIAN_POINT('',(4.45,-2.125,1.3));
#4651 = VECTOR('',#4652,1.);
#4652 = DIRECTION('',(-1.,0.,0.));
#4653 = ORIENTED_EDGE('',*,*,#4654,.F.);
#4654 = EDGE_CURVE('',#4655,#4647,#4657,.T.);
#4655 = VERTEX_POINT('',#4656);
#4656 = CARTESIAN_POINT('',(-0.45,-2.125,0.7));
#4657 = LINE('',#4658,#4659);
#4658 = CARTESIAN_POINT('',(-0.45,-2.125,0.7));
#4659 = VECTOR('',#4660,1.);
#4660 = DIRECTION('',(0.,0.,1.));
#4661 = ORIENTED_EDGE('',*,*,#4662,.F.);
#4662 = EDGE_CURVE('',#4624,#4655,#4663,.T.);
#4663 = LINE('',#4664,#4665);
#4664 = CARTESIAN_POINT('',(4.45,-2.125,0.7));
#4665 = VECTOR('',#4666,1.);
#4666 = DIRECTION('',(-1.,0.,0.));
#4667 = PLANE('',#4668);
#4668 = AXIS2_PLACEMENT_3D('',#4669,#4670,#4671);
#4669 = CARTESIAN_POINT('',(4.45,-2.125,0.7));
#4670 = DIRECTION('',(0.,-1.,0.));
#4671 = DIRECTION('',(-1.,0.,0.));
#4672 = ADVANCED_FACE('',(#4673),#4698,.T.);
#4673 = FACE_BOUND('',#4674,.T.);
#4674 = EDGE_LOOP('',(#4675,#4676,#4684,#4692));
#4675 = ORIENTED_EDGE('',*,*,#4654,.T.);
#4676 = ORIENTED_EDGE('',*,*,#4677,.T.);
#4677 = EDGE_CURVE('',#4647,#4678,#4680,.T.);
#4678 = VERTEX_POINT('',#4679);
#4679 = CARTESIAN_POINT('',(-0.45,-1.725,1.3));
#4680 = LINE('',#4681,#4682);
#4681 = CARTESIAN_POINT('',(-0.45,-2.125,1.3));
#4682 = VECTOR('',#4683,1.);
#4683 = DIRECTION('',(0.,1.,0.));
#4684 = ORIENTED_EDGE('',*,*,#4685,.F.);
#4685 = EDGE_CURVE('',#4686,#4678,#4688,.T.);
#4686 = VERTEX_POINT('',#4687);
#4687 = CARTESIAN_POINT('',(-0.45,-1.725,0.7));
#4688 = LINE('',#4689,#4690);
#4689 = CARTESIAN_POINT('',(-0.45,-1.725,0.7));
#4690 = VECTOR('',#4691,1.);
#4691 = DIRECTION('',(0.,0.,1.));
#4692 = ORIENTED_EDGE('',*,*,#4693,.F.);
#4693 = EDGE_CURVE('',#4655,#4686,#4694,.T.);
#4694 = LINE('',#4695,#4696);
#4695 = CARTESIAN_POINT('',(-0.45,-2.125,0.7));
#4696 = VECTOR('',#4697,1.);
#4697 = DIRECTION('',(0.,1.,0.));
#4698 = PLANE('',#4699);
#4699 = AXIS2_PLACEMENT_3D('',#4700,#4701,#4702);
#4700 = CARTESIAN_POINT('',(-0.45,-2.125,0.7));
#4701 = DIRECTION('',(-1.,0.,0.));
#4702 = DIRECTION('',(0.,1.,0.));
#4703 = ADVANCED_FACE('',(#4704),#4729,.T.);
#4704 = FACE_BOUND('',#4705,.T.);
#4705 = EDGE_LOOP('',(#4706,#4707,#4715,#4723));
#4706 = ORIENTED_EDGE('',*,*,#4685,.T.);
#4707 = ORIENTED_EDGE('',*,*,#4708,.T.);
#4708 = EDGE_CURVE('',#4678,#4709,#4711,.T.);
#4709 = VERTEX_POINT('',#4710);
#4710 = CARTESIAN_POINT('',(-1.85,-1.725,1.3));
#4711 = LINE('',#4712,#4713);
#4712 = CARTESIAN_POINT('',(-0.45,-1.725,1.3));
#4713 = VECTOR('',#4714,1.);
#4714 = DIRECTION('',(-1.,0.,0.));
#4715 = ORIENTED_EDGE('',*,*,#4716,.F.);
#4716 = EDGE_CURVE('',#4717,#4709,#4719,.T.);
#4717 = VERTEX_POINT('',#4718);
#4718 = CARTESIAN_POINT('',(-1.85,-1.725,0.7));
#4719 = LINE('',#4720,#4721);
#4720 = CARTESIAN_POINT('',(-1.85,-1.725,0.7));
#4721 = VECTOR('',#4722,1.);
#4722 = DIRECTION('',(0.,0.,1.));
#4723 = ORIENTED_EDGE('',*,*,#4724,.F.);
#4724 = EDGE_CURVE('',#4686,#4717,#4725,.T.);
#4725 = LINE('',#4726,#4727);
#4726 = CARTESIAN_POINT('',(-0.45,-1.725,0.7));
#4727 = VECTOR('',#4728,1.);
#4728 = DIRECTION('',(-1.,0.,0.));
#4729 = PLANE('',#4730);
#4730 = AXIS2_PLACEMENT_3D('',#4731,#4732,#4733);
#4731 = CARTESIAN_POINT('',(-0.45,-1.725,0.7));
#4732 = DIRECTION('',(0.,-1.,0.));
#4733 = DIRECTION('',(-1.,0.,0.));
#4734 = ADVANCED_FACE('',(#4735),#4751,.T.);
#4735 = FACE_BOUND('',#4736,.T.);
#4736 = EDGE_LOOP('',(#4737,#4738,#4744,#4745));
#4737 = ORIENTED_EDGE('',*,*,#4716,.T.);
#4738 = ORIENTED_EDGE('',*,*,#4739,.T.);
#4739 = EDGE_CURVE('',#4709,#4391,#4740,.T.);
#4740 = LINE('',#4741,#4742);
#4741 = CARTESIAN_POINT('',(-1.85,-1.725,1.3));
#4742 = VECTOR('',#4743,1.);
#4743 = DIRECTION('',(0.,1.,0.));
#4744 = ORIENTED_EDGE('',*,*,#4388,.F.);
#4745 = ORIENTED_EDGE('',*,*,#4746,.F.);
#4746 = EDGE_CURVE('',#4717,#4389,#4747,.T.);
#4747 = LINE('',#4748,#4749);
#4748 = CARTESIAN_POINT('',(-1.85,-1.725,0.7));
#4749 = VECTOR('',#4750,1.);
#4750 = DIRECTION('',(0.,1.,0.));
#4751 = PLANE('',#4752);
#4752 = AXIS2_PLACEMENT_3D('',#4753,#4754,#4755);
#4753 = CARTESIAN_POINT('',(-1.85,-1.725,0.7));
#4754 = DIRECTION('',(-1.,0.,0.));
#4755 = DIRECTION('',(0.,1.,0.));
#4756 = ADVANCED_FACE('',(#4757),#4771,.F.);
#4757 = FACE_BOUND('',#4758,.T.);
#4758 = EDGE_LOOP('',(#4759,#4760,#4761,#4762,#4763,#4764,#4765,#4766,
    #4767,#4768,#4769,#4770));
#4759 = ORIENTED_EDGE('',*,*,#4414,.T.);
#4760 = ORIENTED_EDGE('',*,*,#4445,.T.);
#4761 = ORIENTED_EDGE('',*,*,#4476,.T.);
#4762 = ORIENTED_EDGE('',*,*,#4507,.T.);
#4763 = ORIENTED_EDGE('',*,*,#4538,.T.);
#4764 = ORIENTED_EDGE('',*,*,#4569,.T.);
#4765 = ORIENTED_EDGE('',*,*,#4600,.T.);
#4766 = ORIENTED_EDGE('',*,*,#4631,.T.);
#4767 = ORIENTED_EDGE('',*,*,#4662,.T.);
#4768 = ORIENTED_EDGE('',*,*,#4693,.T.);
#4769 = ORIENTED_EDGE('',*,*,#4724,.T.);
#4770 = ORIENTED_EDGE('',*,*,#4746,.T.);
#4771 = PLANE('',#4772);
#4772 = AXIS2_PLACEMENT_3D('',#4773,#4774,#4775);
#4773 = CARTESIAN_POINT('',(2.000000000002,-1.114868309247E-16,0.7));
#4774 = DIRECTION('',(0.,0.,1.));
#4775 = DIRECTION('',(1.,0.,-0.));
#4776 = ADVANCED_FACE('',(#4777),#4791,.T.);
#4777 = FACE_BOUND('',#4778,.F.);
#4778 = EDGE_LOOP('',(#4779,#4780,#4781,#4782,#4783,#4784,#4785,#4786,
    #4787,#4788,#4789,#4790));
#4779 = ORIENTED_EDGE('',*,*,#4398,.T.);
#4780 = ORIENTED_EDGE('',*,*,#4429,.T.);
#4781 = ORIENTED_EDGE('',*,*,#4460,.T.);
#4782 = ORIENTED_EDGE('',*,*,#4491,.T.);
#4783 = ORIENTED_EDGE('',*,*,#4522,.T.);
#4784 = ORIENTED_EDGE('',*,*,#4553,.T.);
#4785 = ORIENTED_EDGE('',*,*,#4584,.T.);
#4786 = ORIENTED_EDGE('',*,*,#4615,.T.);
#4787 = ORIENTED_EDGE('',*,*,#4646,.T.);
#4788 = ORIENTED_EDGE('',*,*,#4677,.T.);
#4789 = ORIENTED_EDGE('',*,*,#4708,.T.);
#4790 = ORIENTED_EDGE('',*,*,#4739,.T.);
#4791 = PLANE('',#4792);
#4792 = AXIS2_PLACEMENT_3D('',#4793,#4794,#4795);
#4793 = CARTESIAN_POINT('',(2.000000000002,-1.114868309247E-16,1.3));
#4794 = DIRECTION('',(0.,0.,1.));
#4795 = DIRECTION('',(1.,0.,-0.));
#4796 = MANIFOLD_SOLID_BREP('',#4797);
#4797 = CLOSED_SHELL('',(#4798,#4854,#4885,#4909,#4933,#4957,#4981,#4998
    ));
#4798 = ADVANCED_FACE('',(#4799),#4849,.F.);
#4799 = FACE_BOUND('',#4800,.F.);
#4800 = EDGE_LOOP('',(#4801,#4811,#4819,#4827,#4835,#4843));
#4801 = ORIENTED_EDGE('',*,*,#4802,.T.);
#4802 = EDGE_CURVE('',#4803,#4805,#4807,.T.);
#4803 = VERTEX_POINT('',#4804);
#4804 = CARTESIAN_POINT('',(1.75,0.15,0.8));
#4805 = VERTEX_POINT('',#4806);
#4806 = CARTESIAN_POINT('',(1.75,0.15,-2.65));
#4807 = LINE('',#4808,#4809);
#4808 = CARTESIAN_POINT('',(1.75,0.15,0.8));
#4809 = VECTOR('',#4810,1.);
#4810 = DIRECTION('',(-0.,-0.,-1.));
#4811 = ORIENTED_EDGE('',*,*,#4812,.T.);
#4812 = EDGE_CURVE('',#4805,#4813,#4815,.T.);
#4813 = VERTEX_POINT('',#4814);
#4814 = CARTESIAN_POINT('',(1.9,0.15,-2.8));
#4815 = LINE('',#4816,#4817);
#4816 = CARTESIAN_POINT('',(0.925,0.15,-1.825));
#4817 = VECTOR('',#4818,1.);
#4818 = DIRECTION('',(0.707106781187,0.,-0.707106781187));
#4819 = ORIENTED_EDGE('',*,*,#4820,.T.);
#4820 = EDGE_CURVE('',#4813,#4821,#4823,.T.);
#4821 = VERTEX_POINT('',#4822);
#4822 = CARTESIAN_POINT('',(2.1,0.15,-2.8));
#4823 = LINE('',#4824,#4825);
#4824 = CARTESIAN_POINT('',(1.75,0.15,-2.8));
#4825 = VECTOR('',#4826,1.);
#4826 = DIRECTION('',(1.,0.,0.));
#4827 = ORIENTED_EDGE('',*,*,#4828,.F.);
#4828 = EDGE_CURVE('',#4829,#4821,#4831,.T.);
#4829 = VERTEX_POINT('',#4830);
#4830 = CARTESIAN_POINT('',(2.25,0.15,-2.65));
#4831 = LINE('',#4832,#4833);
#4832 = CARTESIAN_POINT('',(2.95,0.15,-1.95));
#4833 = VECTOR('',#4834,1.);
#4834 = DIRECTION('',(-0.707106781187,-0.,-0.707106781187));
#4835 = ORIENTED_EDGE('',*,*,#4836,.F.);
#4836 = EDGE_CURVE('',#4837,#4829,#4839,.T.);
#4837 = VERTEX_POINT('',#4838);
#4838 = CARTESIAN_POINT('',(2.25,0.15,0.8));
#4839 = LINE('',#4840,#4841);
#4840 = CARTESIAN_POINT('',(2.25,0.15,0.8));
#4841 = VECTOR('',#4842,1.);
#4842 = DIRECTION('',(-0.,-0.,-1.));
#4843 = ORIENTED_EDGE('',*,*,#4844,.F.);
#4844 = EDGE_CURVE('',#4803,#4837,#4845,.T.);
#4845 = LINE('',#4846,#4847);
#4846 = CARTESIAN_POINT('',(1.75,0.15,0.8));
#4847 = VECTOR('',#4848,1.);
#4848 = DIRECTION('',(1.,0.,0.));
#4849 = PLANE('',#4850);
#4850 = AXIS2_PLACEMENT_3D('',#4851,#4852,#4853);
#4851 = CARTESIAN_POINT('',(1.75,0.15,0.8));
#4852 = DIRECTION('',(0.,-1.,0.));
#4853 = DIRECTION('',(1.,0.,0.));
#4854 = ADVANCED_FACE('',(#4855),#4880,.F.);
#4855 = FACE_BOUND('',#4856,.F.);
#4856 = EDGE_LOOP('',(#4857,#4867,#4873,#4874));
#4857 = ORIENTED_EDGE('',*,*,#4858,.T.);
#4858 = EDGE_CURVE('',#4859,#4861,#4863,.T.);
#4859 = VERTEX_POINT('',#4860);
#4860 = CARTESIAN_POINT('',(1.75,-0.15,0.8));
#4861 = VERTEX_POINT('',#4862);
#4862 = CARTESIAN_POINT('',(1.75,-0.15,-2.65));
#4863 = LINE('',#4864,#4865);
#4864 = CARTESIAN_POINT('',(1.75,-0.15,0.8));
#4865 = VECTOR('',#4866,1.);
#4866 = DIRECTION('',(-0.,-0.,-1.));
#4867 = ORIENTED_EDGE('',*,*,#4868,.T.);
#4868 = EDGE_CURVE('',#4861,#4805,#4869,.T.);
#4869 = LINE('',#4870,#4871);
#4870 = CARTESIAN_POINT('',(1.75,-0.15,-2.65));
#4871 = VECTOR('',#4872,1.);
#4872 = DIRECTION('',(0.,1.,0.));
#4873 = ORIENTED_EDGE('',*,*,#4802,.F.);
#4874 = ORIENTED_EDGE('',*,*,#4875,.F.);
#4875 = EDGE_CURVE('',#4859,#4803,#4876,.T.);
#4876 = LINE('',#4877,#4878);
#4877 = CARTESIAN_POINT('',(1.75,-0.15,0.8));
#4878 = VECTOR('',#4879,1.);
#4879 = DIRECTION('',(0.,1.,0.));
#4880 = PLANE('',#4881);
#4881 = AXIS2_PLACEMENT_3D('',#4882,#4883,#4884);
#4882 = CARTESIAN_POINT('',(1.75,-0.15,0.8));
#4883 = DIRECTION('',(1.,0.,0.));
#4884 = DIRECTION('',(-0.,1.,0.));
#4885 = ADVANCED_FACE('',(#4886),#4904,.T.);
#4886 = FACE_BOUND('',#4887,.T.);
#4887 = EDGE_LOOP('',(#4888,#4896,#4897,#4898));
#4888 = ORIENTED_EDGE('',*,*,#4889,.F.);
#4889 = EDGE_CURVE('',#4861,#4890,#4892,.T.);
#4890 = VERTEX_POINT('',#4891);
#4891 = CARTESIAN_POINT('',(1.9,-0.15,-2.8));
#4892 = LINE('',#4893,#4894);
#4893 = CARTESIAN_POINT('',(1.05,-0.15,-1.95));
#4894 = VECTOR('',#4895,1.);
#4895 = DIRECTION('',(0.707106781187,0.,-0.707106781187));
#4896 = ORIENTED_EDGE('',*,*,#4868,.T.);
#4897 = ORIENTED_EDGE('',*,*,#4812,.T.);
#4898 = ORIENTED_EDGE('',*,*,#4899,.F.);
#4899 = EDGE_CURVE('',#4890,#4813,#4900,.T.);
#4900 = LINE('',#4901,#4902);
#4901 = CARTESIAN_POINT('',(1.9,-0.15,-2.8));
#4902 = VECTOR('',#4903,1.);
#4903 = DIRECTION('',(0.,1.,0.));
#4904 = PLANE('',#4905);
#4905 = AXIS2_PLACEMENT_3D('',#4906,#4907,#4908);
#4906 = CARTESIAN_POINT('',(1.825,-0.15,-2.725));
#4907 = DIRECTION('',(-0.707106781187,0.,-0.707106781187));
#4908 = DIRECTION('',(0.,1.,0.));
#4909 = ADVANCED_FACE('',(#4910),#4928,.T.);
#4910 = FACE_BOUND('',#4911,.F.);
#4911 = EDGE_LOOP('',(#4912,#4913,#4921,#4927));
#4912 = ORIENTED_EDGE('',*,*,#4844,.T.);
#4913 = ORIENTED_EDGE('',*,*,#4914,.T.);
#4914 = EDGE_CURVE('',#4837,#4915,#4917,.T.);
#4915 = VERTEX_POINT('',#4916);
#4916 = CARTESIAN_POINT('',(2.25,-0.15,0.8));
#4917 = LINE('',#4918,#4919);
#4918 = CARTESIAN_POINT('',(2.25,0.15,0.8));
#4919 = VECTOR('',#4920,1.);
#4920 = DIRECTION('',(0.,-1.,0.));
#4921 = ORIENTED_EDGE('',*,*,#4922,.T.);
#4922 = EDGE_CURVE('',#4915,#4859,#4923,.T.);
#4923 = LINE('',#4924,#4925);
#4924 = CARTESIAN_POINT('',(2.25,-0.15,0.8));
#4925 = VECTOR('',#4926,1.);
#4926 = DIRECTION('',(-1.,0.,0.));
#4927 = ORIENTED_EDGE('',*,*,#4875,.T.);
#4928 = PLANE('',#4929);
#4929 = AXIS2_PLACEMENT_3D('',#4930,#4931,#4932);
#4930 = CARTESIAN_POINT('',(2.,1.E-17,0.8));
#4931 = DIRECTION('',(0.,0.,1.));
#4932 = DIRECTION('',(1.,0.,-0.));
#4933 = ADVANCED_FACE('',(#4934),#4952,.F.);
#4934 = FACE_BOUND('',#4935,.F.);
#4935 = EDGE_LOOP('',(#4936,#4937,#4938,#4946));
#4936 = ORIENTED_EDGE('',*,*,#4820,.F.);
#4937 = ORIENTED_EDGE('',*,*,#4899,.F.);
#4938 = ORIENTED_EDGE('',*,*,#4939,.F.);
#4939 = EDGE_CURVE('',#4940,#4890,#4942,.T.);
#4940 = VERTEX_POINT('',#4941);
#4941 = CARTESIAN_POINT('',(2.1,-0.15,-2.8));
#4942 = LINE('',#4943,#4944);
#4943 = CARTESIAN_POINT('',(2.25,-0.15,-2.8));
#4944 = VECTOR('',#4945,1.);
#4945 = DIRECTION('',(-1.,0.,0.));
#4946 = ORIENTED_EDGE('',*,*,#4947,.F.);
#4947 = EDGE_CURVE('',#4821,#4940,#4948,.T.);
#4948 = LINE('',#4949,#4950);
#4949 = CARTESIAN_POINT('',(2.1,0.15,-2.8));
#4950 = VECTOR('',#4951,1.);
#4951 = DIRECTION('',(0.,-1.,0.));
#4952 = PLANE('',#4953);
#4953 = AXIS2_PLACEMENT_3D('',#4954,#4955,#4956);
#4954 = CARTESIAN_POINT('',(2.,1.E-17,-2.8));
#4955 = DIRECTION('',(0.,0.,1.));
#4956 = DIRECTION('',(1.,0.,-0.));
#4957 = ADVANCED_FACE('',(#4958),#4976,.F.);
#4958 = FACE_BOUND('',#4959,.F.);
#4959 = EDGE_LOOP('',(#4960,#4961,#4969,#4975));
#4960 = ORIENTED_EDGE('',*,*,#4836,.T.);
#4961 = ORIENTED_EDGE('',*,*,#4962,.T.);
#4962 = EDGE_CURVE('',#4829,#4963,#4965,.T.);
#4963 = VERTEX_POINT('',#4964);
#4964 = CARTESIAN_POINT('',(2.25,-0.15,-2.65));
#4965 = LINE('',#4966,#4967);
#4966 = CARTESIAN_POINT('',(2.25,0.15,-2.65));
#4967 = VECTOR('',#4968,1.);
#4968 = DIRECTION('',(0.,-1.,0.));
#4969 = ORIENTED_EDGE('',*,*,#4970,.F.);
#4970 = EDGE_CURVE('',#4915,#4963,#4971,.T.);
#4971 = LINE('',#4972,#4973);
#4972 = CARTESIAN_POINT('',(2.25,-0.15,0.8));
#4973 = VECTOR('',#4974,1.);
#4974 = DIRECTION('',(-0.,-0.,-1.));
#4975 = ORIENTED_EDGE('',*,*,#4914,.F.);
#4976 = PLANE('',#4977);
#4977 = AXIS2_PLACEMENT_3D('',#4978,#4979,#4980);
#4978 = CARTESIAN_POINT('',(2.25,0.15,0.8));
#4979 = DIRECTION('',(-1.,0.,0.));
#4980 = DIRECTION('',(0.,-1.,0.));
#4981 = ADVANCED_FACE('',(#4982),#4993,.T.);
#4982 = FACE_BOUND('',#4983,.T.);
#4983 = EDGE_LOOP('',(#4984,#4985,#4986,#4992));
#4984 = ORIENTED_EDGE('',*,*,#4828,.F.);
#4985 = ORIENTED_EDGE('',*,*,#4962,.T.);
#4986 = ORIENTED_EDGE('',*,*,#4987,.T.);
#4987 = EDGE_CURVE('',#4963,#4940,#4988,.T.);
#4988 = LINE('',#4989,#4990);
#4989 = CARTESIAN_POINT('',(3.075,-0.15,-1.825));
#4990 = VECTOR('',#4991,1.);
#4991 = DIRECTION('',(-0.707106781187,0.,-0.707106781187));
#4992 = ORIENTED_EDGE('',*,*,#4947,.F.);
#4993 = PLANE('',#4994);
#4994 = AXIS2_PLACEMENT_3D('',#4995,#4996,#4997);
#4995 = CARTESIAN_POINT('',(2.175,0.15,-2.725));
#4996 = DIRECTION('',(0.707106781187,0.,-0.707106781187));
#4997 = DIRECTION('',(0.,-1.,0.));
#4998 = ADVANCED_FACE('',(#4999),#5007,.F.);
#4999 = FACE_BOUND('',#5000,.F.);
#5000 = EDGE_LOOP('',(#5001,#5002,#5003,#5004,#5005,#5006));
#5001 = ORIENTED_EDGE('',*,*,#4970,.T.);
#5002 = ORIENTED_EDGE('',*,*,#4987,.T.);
#5003 = ORIENTED_EDGE('',*,*,#4939,.T.);
#5004 = ORIENTED_EDGE('',*,*,#4889,.F.);
#5005 = ORIENTED_EDGE('',*,*,#4858,.F.);
#5006 = ORIENTED_EDGE('',*,*,#4922,.F.);
#5007 = PLANE('',#5008);
#5008 = AXIS2_PLACEMENT_3D('',#5009,#5010,#5011);
#5009 = CARTESIAN_POINT('',(2.25,-0.15,0.8));
#5010 = DIRECTION('',(0.,1.,0.));
#5011 = DIRECTION('',(-1.,0.,0.));
#5012 = MANIFOLD_SOLID_BREP('',#5013);
#5013 = CLOSED_SHELL('',(#5014,#5070,#5101,#5125,#5149,#5173,#5197,#5214
    ));
#5014 = ADVANCED_FACE('',(#5015),#5065,.F.);
#5015 = FACE_BOUND('',#5016,.F.);
#5016 = EDGE_LOOP('',(#5017,#5027,#5035,#5043,#5051,#5059));
#5017 = ORIENTED_EDGE('',*,*,#5018,.T.);
#5018 = EDGE_CURVE('',#5019,#5021,#5023,.T.);
#5019 = VERTEX_POINT('',#5020);
#5020 = CARTESIAN_POINT('',(3.75,0.15,0.8));
#5021 = VERTEX_POINT('',#5022);
#5022 = CARTESIAN_POINT('',(3.75,0.15,-2.65));
#5023 = LINE('',#5024,#5025);
#5024 = CARTESIAN_POINT('',(3.75,0.15,0.8));
#5025 = VECTOR('',#5026,1.);
#5026 = DIRECTION('',(-0.,-0.,-1.));
#5027 = ORIENTED_EDGE('',*,*,#5028,.T.);
#5028 = EDGE_CURVE('',#5021,#5029,#5031,.T.);
#5029 = VERTEX_POINT('',#5030);
#5030 = CARTESIAN_POINT('',(3.9,0.15,-2.8));
#5031 = LINE('',#5032,#5033);
#5032 = CARTESIAN_POINT('',(2.925,0.15,-1.825));
#5033 = VECTOR('',#5034,1.);
#5034 = DIRECTION('',(0.707106781187,0.,-0.707106781187));
#5035 = ORIENTED_EDGE('',*,*,#5036,.T.);
#5036 = EDGE_CURVE('',#5029,#5037,#5039,.T.);
#5037 = VERTEX_POINT('',#5038);
#5038 = CARTESIAN_POINT('',(4.1,0.15,-2.8));
#5039 = LINE('',#5040,#5041);
#5040 = CARTESIAN_POINT('',(3.75,0.15,-2.8));
#5041 = VECTOR('',#5042,1.);
#5042 = DIRECTION('',(1.,0.,0.));
#5043 = ORIENTED_EDGE('',*,*,#5044,.F.);
#5044 = EDGE_CURVE('',#5045,#5037,#5047,.T.);
#5045 = VERTEX_POINT('',#5046);
#5046 = CARTESIAN_POINT('',(4.25,0.15,-2.65));
#5047 = LINE('',#5048,#5049);
#5048 = CARTESIAN_POINT('',(4.95,0.15,-1.95));
#5049 = VECTOR('',#5050,1.);
#5050 = DIRECTION('',(-0.707106781187,-0.,-0.707106781187));
#5051 = ORIENTED_EDGE('',*,*,#5052,.F.);
#5052 = EDGE_CURVE('',#5053,#5045,#5055,.T.);
#5053 = VERTEX_POINT('',#5054);
#5054 = CARTESIAN_POINT('',(4.25,0.15,0.8));
#5055 = LINE('',#5056,#5057);
#5056 = CARTESIAN_POINT('',(4.25,0.15,0.8));
#5057 = VECTOR('',#5058,1.);
#5058 = DIRECTION('',(-0.,-0.,-1.));
#5059 = ORIENTED_EDGE('',*,*,#5060,.F.);
#5060 = EDGE_CURVE('',#5019,#5053,#5061,.T.);
#5061 = LINE('',#5062,#5063);
#5062 = CARTESIAN_POINT('',(3.75,0.15,0.8));
#5063 = VECTOR('',#5064,1.);
#5064 = DIRECTION('',(1.,0.,0.));
#5065 = PLANE('',#5066);
#5066 = AXIS2_PLACEMENT_3D('',#5067,#5068,#5069);
#5067 = CARTESIAN_POINT('',(3.75,0.15,0.8));
#5068 = DIRECTION('',(0.,-1.,0.));
#5069 = DIRECTION('',(1.,0.,0.));
#5070 = ADVANCED_FACE('',(#5071),#5096,.F.);
#5071 = FACE_BOUND('',#5072,.F.);
#5072 = EDGE_LOOP('',(#5073,#5083,#5089,#5090));
#5073 = ORIENTED_EDGE('',*,*,#5074,.T.);
#5074 = EDGE_CURVE('',#5075,#5077,#5079,.T.);
#5075 = VERTEX_POINT('',#5076);
#5076 = CARTESIAN_POINT('',(3.75,-0.15,0.8));
#5077 = VERTEX_POINT('',#5078);
#5078 = CARTESIAN_POINT('',(3.75,-0.15,-2.65));
#5079 = LINE('',#5080,#5081);
#5080 = CARTESIAN_POINT('',(3.75,-0.15,0.8));
#5081 = VECTOR('',#5082,1.);
#5082 = DIRECTION('',(-0.,-0.,-1.));
#5083 = ORIENTED_EDGE('',*,*,#5084,.T.);
#5084 = EDGE_CURVE('',#5077,#5021,#5085,.T.);
#5085 = LINE('',#5086,#5087);
#5086 = CARTESIAN_POINT('',(3.75,-0.15,-2.65));
#5087 = VECTOR('',#5088,1.);
#5088 = DIRECTION('',(0.,1.,0.));
#5089 = ORIENTED_EDGE('',*,*,#5018,.F.);
#5090 = ORIENTED_EDGE('',*,*,#5091,.F.);
#5091 = EDGE_CURVE('',#5075,#5019,#5092,.T.);
#5092 = LINE('',#5093,#5094);
#5093 = CARTESIAN_POINT('',(3.75,-0.15,0.8));
#5094 = VECTOR('',#5095,1.);
#5095 = DIRECTION('',(0.,1.,0.));
#5096 = PLANE('',#5097);
#5097 = AXIS2_PLACEMENT_3D('',#5098,#5099,#5100);
#5098 = CARTESIAN_POINT('',(3.75,-0.15,0.8));
#5099 = DIRECTION('',(1.,0.,0.));
#5100 = DIRECTION('',(-0.,1.,0.));
#5101 = ADVANCED_FACE('',(#5102),#5120,.T.);
#5102 = FACE_BOUND('',#5103,.T.);
#5103 = EDGE_LOOP('',(#5104,#5112,#5113,#5114));
#5104 = ORIENTED_EDGE('',*,*,#5105,.F.);
#5105 = EDGE_CURVE('',#5077,#5106,#5108,.T.);
#5106 = VERTEX_POINT('',#5107);
#5107 = CARTESIAN_POINT('',(3.9,-0.15,-2.8));
#5108 = LINE('',#5109,#5110);
#5109 = CARTESIAN_POINT('',(3.05,-0.15,-1.95));
#5110 = VECTOR('',#5111,1.);
#5111 = DIRECTION('',(0.707106781187,0.,-0.707106781187));
#5112 = ORIENTED_EDGE('',*,*,#5084,.T.);
#5113 = ORIENTED_EDGE('',*,*,#5028,.T.);
#5114 = ORIENTED_EDGE('',*,*,#5115,.F.);
#5115 = EDGE_CURVE('',#5106,#5029,#5116,.T.);
#5116 = LINE('',#5117,#5118);
#5117 = CARTESIAN_POINT('',(3.9,-0.15,-2.8));
#5118 = VECTOR('',#5119,1.);
#5119 = DIRECTION('',(0.,1.,0.));
#5120 = PLANE('',#5121);
#5121 = AXIS2_PLACEMENT_3D('',#5122,#5123,#5124);
#5122 = CARTESIAN_POINT('',(3.825,-0.15,-2.725));
#5123 = DIRECTION('',(-0.707106781187,0.,-0.707106781187));
#5124 = DIRECTION('',(0.,1.,0.));
#5125 = ADVANCED_FACE('',(#5126),#5144,.T.);
#5126 = FACE_BOUND('',#5127,.F.);
#5127 = EDGE_LOOP('',(#5128,#5129,#5137,#5143));
#5128 = ORIENTED_EDGE('',*,*,#5060,.T.);
#5129 = ORIENTED_EDGE('',*,*,#5130,.T.);
#5130 = EDGE_CURVE('',#5053,#5131,#5133,.T.);
#5131 = VERTEX_POINT('',#5132);
#5132 = CARTESIAN_POINT('',(4.25,-0.15,0.8));
#5133 = LINE('',#5134,#5135);
#5134 = CARTESIAN_POINT('',(4.25,0.15,0.8));
#5135 = VECTOR('',#5136,1.);
#5136 = DIRECTION('',(0.,-1.,0.));
#5137 = ORIENTED_EDGE('',*,*,#5138,.T.);
#5138 = EDGE_CURVE('',#5131,#5075,#5139,.T.);
#5139 = LINE('',#5140,#5141);
#5140 = CARTESIAN_POINT('',(4.25,-0.15,0.8));
#5141 = VECTOR('',#5142,1.);
#5142 = DIRECTION('',(-1.,0.,0.));
#5143 = ORIENTED_EDGE('',*,*,#5091,.T.);
#5144 = PLANE('',#5145);
#5145 = AXIS2_PLACEMENT_3D('',#5146,#5147,#5148);
#5146 = CARTESIAN_POINT('',(4.,1.E-17,0.8));
#5147 = DIRECTION('',(0.,0.,1.));
#5148 = DIRECTION('',(1.,0.,-0.));
#5149 = ADVANCED_FACE('',(#5150),#5168,.F.);
#5150 = FACE_BOUND('',#5151,.F.);
#5151 = EDGE_LOOP('',(#5152,#5153,#5154,#5162));
#5152 = ORIENTED_EDGE('',*,*,#5036,.F.);
#5153 = ORIENTED_EDGE('',*,*,#5115,.F.);
#5154 = ORIENTED_EDGE('',*,*,#5155,.F.);
#5155 = EDGE_CURVE('',#5156,#5106,#5158,.T.);
#5156 = VERTEX_POINT('',#5157);
#5157 = CARTESIAN_POINT('',(4.1,-0.15,-2.8));
#5158 = LINE('',#5159,#5160);
#5159 = CARTESIAN_POINT('',(4.25,-0.15,-2.8));
#5160 = VECTOR('',#5161,1.);
#5161 = DIRECTION('',(-1.,0.,0.));
#5162 = ORIENTED_EDGE('',*,*,#5163,.F.);
#5163 = EDGE_CURVE('',#5037,#5156,#5164,.T.);
#5164 = LINE('',#5165,#5166);
#5165 = CARTESIAN_POINT('',(4.1,0.15,-2.8));
#5166 = VECTOR('',#5167,1.);
#5167 = DIRECTION('',(0.,-1.,0.));
#5168 = PLANE('',#5169);
#5169 = AXIS2_PLACEMENT_3D('',#5170,#5171,#5172);
#5170 = CARTESIAN_POINT('',(4.,1.E-17,-2.8));
#5171 = DIRECTION('',(0.,0.,1.));
#5172 = DIRECTION('',(1.,0.,-0.));
#5173 = ADVANCED_FACE('',(#5174),#5192,.F.);
#5174 = FACE_BOUND('',#5175,.F.);
#5175 = EDGE_LOOP('',(#5176,#5177,#5185,#5191));
#5176 = ORIENTED_EDGE('',*,*,#5052,.T.);
#5177 = ORIENTED_EDGE('',*,*,#5178,.T.);
#5178 = EDGE_CURVE('',#5045,#5179,#5181,.T.);
#5179 = VERTEX_POINT('',#5180);
#5180 = CARTESIAN_POINT('',(4.25,-0.15,-2.65));
#5181 = LINE('',#5182,#5183);
#5182 = CARTESIAN_POINT('',(4.25,0.15,-2.65));
#5183 = VECTOR('',#5184,1.);
#5184 = DIRECTION('',(0.,-1.,0.));
#5185 = ORIENTED_EDGE('',*,*,#5186,.F.);
#5186 = EDGE_CURVE('',#5131,#5179,#5187,.T.);
#5187 = LINE('',#5188,#5189);
#5188 = CARTESIAN_POINT('',(4.25,-0.15,0.8));
#5189 = VECTOR('',#5190,1.);
#5190 = DIRECTION('',(-0.,-0.,-1.));
#5191 = ORIENTED_EDGE('',*,*,#5130,.F.);
#5192 = PLANE('',#5193);
#5193 = AXIS2_PLACEMENT_3D('',#5194,#5195,#5196);
#5194 = CARTESIAN_POINT('',(4.25,0.15,0.8));
#5195 = DIRECTION('',(-1.,0.,0.));
#5196 = DIRECTION('',(0.,-1.,0.));
#5197 = ADVANCED_FACE('',(#5198),#5209,.T.);
#5198 = FACE_BOUND('',#5199,.T.);
#5199 = EDGE_LOOP('',(#5200,#5201,#5202,#5208));
#5200 = ORIENTED_EDGE('',*,*,#5044,.F.);
#5201 = ORIENTED_EDGE('',*,*,#5178,.T.);
#5202 = ORIENTED_EDGE('',*,*,#5203,.T.);
#5203 = EDGE_CURVE('',#5179,#5156,#5204,.T.);
#5204 = LINE('',#5205,#5206);
#5205 = CARTESIAN_POINT('',(5.075,-0.15,-1.825));
#5206 = VECTOR('',#5207,1.);
#5207 = DIRECTION('',(-0.707106781187,0.,-0.707106781187));
#5208 = ORIENTED_EDGE('',*,*,#5163,.F.);
#5209 = PLANE('',#5210);
#5210 = AXIS2_PLACEMENT_3D('',#5211,#5212,#5213);
#5211 = CARTESIAN_POINT('',(4.175,0.15,-2.725));
#5212 = DIRECTION('',(0.707106781187,0.,-0.707106781187));
#5213 = DIRECTION('',(0.,-1.,0.));
#5214 = ADVANCED_FACE('',(#5215),#5223,.F.);
#5215 = FACE_BOUND('',#5216,.F.);
#5216 = EDGE_LOOP('',(#5217,#5218,#5219,#5220,#5221,#5222));
#5217 = ORIENTED_EDGE('',*,*,#5186,.T.);
#5218 = ORIENTED_EDGE('',*,*,#5203,.T.);
#5219 = ORIENTED_EDGE('',*,*,#5155,.T.);
#5220 = ORIENTED_EDGE('',*,*,#5105,.F.);
#5221 = ORIENTED_EDGE('',*,*,#5074,.F.);
#5222 = ORIENTED_EDGE('',*,*,#5138,.F.);
#5223 = PLANE('',#5224);
#5224 = AXIS2_PLACEMENT_3D('',#5225,#5226,#5227);
#5225 = CARTESIAN_POINT('',(4.25,-0.15,0.8));
#5226 = DIRECTION('',(0.,1.,0.));
#5227 = DIRECTION('',(-1.,0.,0.));
#5228 = MANIFOLD_SOLID_BREP('',#5229);
#5229 = CLOSED_SHELL('',(#5230,#5286,#5317,#5341,#5365,#5389,#5413,#5430
    ));
#5230 = ADVANCED_FACE('',(#5231),#5281,.F.);
#5231 = FACE_BOUND('',#5232,.F.);
#5232 = EDGE_LOOP('',(#5233,#5243,#5251,#5259,#5267,#5275));
#5233 = ORIENTED_EDGE('',*,*,#5234,.T.);
#5234 = EDGE_CURVE('',#5235,#5237,#5239,.T.);
#5235 = VERTEX_POINT('',#5236);
#5236 = CARTESIAN_POINT('',(-0.25,0.15,0.8));
#5237 = VERTEX_POINT('',#5238);
#5238 = CARTESIAN_POINT('',(-0.25,0.15,-2.65));
#5239 = LINE('',#5240,#5241);
#5240 = CARTESIAN_POINT('',(-0.25,0.15,0.8));
#5241 = VECTOR('',#5242,1.);
#5242 = DIRECTION('',(-0.,-0.,-1.));
#5243 = ORIENTED_EDGE('',*,*,#5244,.T.);
#5244 = EDGE_CURVE('',#5237,#5245,#5247,.T.);
#5245 = VERTEX_POINT('',#5246);
#5246 = CARTESIAN_POINT('',(-0.1,0.15,-2.8));
#5247 = LINE('',#5248,#5249);
#5248 = CARTESIAN_POINT('',(-1.075,0.15,-1.825));
#5249 = VECTOR('',#5250,1.);
#5250 = DIRECTION('',(0.707106781187,0.,-0.707106781187));
#5251 = ORIENTED_EDGE('',*,*,#5252,.T.);
#5252 = EDGE_CURVE('',#5245,#5253,#5255,.T.);
#5253 = VERTEX_POINT('',#5254);
#5254 = CARTESIAN_POINT('',(0.1,0.15,-2.8));
#5255 = LINE('',#5256,#5257);
#5256 = CARTESIAN_POINT('',(-0.25,0.15,-2.8));
#5257 = VECTOR('',#5258,1.);
#5258 = DIRECTION('',(1.,0.,0.));
#5259 = ORIENTED_EDGE('',*,*,#5260,.F.);
#5260 = EDGE_CURVE('',#5261,#5253,#5263,.T.);
#5261 = VERTEX_POINT('',#5262);
#5262 = CARTESIAN_POINT('',(0.25,0.15,-2.65));
#5263 = LINE('',#5264,#5265);
#5264 = CARTESIAN_POINT('',(0.95,0.15,-1.95));
#5265 = VECTOR('',#5266,1.);
#5266 = DIRECTION('',(-0.707106781187,-0.,-0.707106781187));
#5267 = ORIENTED_EDGE('',*,*,#5268,.F.);
#5268 = EDGE_CURVE('',#5269,#5261,#5271,.T.);
#5269 = VERTEX_POINT('',#5270);
#5270 = CARTESIAN_POINT('',(0.25,0.15,0.8));
#5271 = LINE('',#5272,#5273);
#5272 = CARTESIAN_POINT('',(0.25,0.15,0.8));
#5273 = VECTOR('',#5274,1.);
#5274 = DIRECTION('',(-0.,-0.,-1.));
#5275 = ORIENTED_EDGE('',*,*,#5276,.F.);
#5276 = EDGE_CURVE('',#5235,#5269,#5277,.T.);
#5277 = LINE('',#5278,#5279);
#5278 = CARTESIAN_POINT('',(-0.25,0.15,0.8));
#5279 = VECTOR('',#5280,1.);
#5280 = DIRECTION('',(1.,0.,0.));
#5281 = PLANE('',#5282);
#5282 = AXIS2_PLACEMENT_3D('',#5283,#5284,#5285);
#5283 = CARTESIAN_POINT('',(-0.25,0.15,0.8));
#5284 = DIRECTION('',(0.,-1.,0.));
#5285 = DIRECTION('',(1.,0.,0.));
#5286 = ADVANCED_FACE('',(#5287),#5312,.F.);
#5287 = FACE_BOUND('',#5288,.F.);
#5288 = EDGE_LOOP('',(#5289,#5299,#5305,#5306));
#5289 = ORIENTED_EDGE('',*,*,#5290,.T.);
#5290 = EDGE_CURVE('',#5291,#5293,#5295,.T.);
#5291 = VERTEX_POINT('',#5292);
#5292 = CARTESIAN_POINT('',(-0.25,-0.15,0.8));
#5293 = VERTEX_POINT('',#5294);
#5294 = CARTESIAN_POINT('',(-0.25,-0.15,-2.65));
#5295 = LINE('',#5296,#5297);
#5296 = CARTESIAN_POINT('',(-0.25,-0.15,0.8));
#5297 = VECTOR('',#5298,1.);
#5298 = DIRECTION('',(-0.,-0.,-1.));
#5299 = ORIENTED_EDGE('',*,*,#5300,.T.);
#5300 = EDGE_CURVE('',#5293,#5237,#5301,.T.);
#5301 = LINE('',#5302,#5303);
#5302 = CARTESIAN_POINT('',(-0.25,-0.15,-2.65));
#5303 = VECTOR('',#5304,1.);
#5304 = DIRECTION('',(0.,1.,0.));
#5305 = ORIENTED_EDGE('',*,*,#5234,.F.);
#5306 = ORIENTED_EDGE('',*,*,#5307,.F.);
#5307 = EDGE_CURVE('',#5291,#5235,#5308,.T.);
#5308 = LINE('',#5309,#5310);
#5309 = CARTESIAN_POINT('',(-0.25,-0.15,0.8));
#5310 = VECTOR('',#5311,1.);
#5311 = DIRECTION('',(0.,1.,0.));
#5312 = PLANE('',#5313);
#5313 = AXIS2_PLACEMENT_3D('',#5314,#5315,#5316);
#5314 = CARTESIAN_POINT('',(-0.25,-0.15,0.8));
#5315 = DIRECTION('',(1.,0.,0.));
#5316 = DIRECTION('',(-0.,1.,0.));
#5317 = ADVANCED_FACE('',(#5318),#5336,.T.);
#5318 = FACE_BOUND('',#5319,.T.);
#5319 = EDGE_LOOP('',(#5320,#5328,#5329,#5330));
#5320 = ORIENTED_EDGE('',*,*,#5321,.F.);
#5321 = EDGE_CURVE('',#5293,#5322,#5324,.T.);
#5322 = VERTEX_POINT('',#5323);
#5323 = CARTESIAN_POINT('',(-0.1,-0.15,-2.8));
#5324 = LINE('',#5325,#5326);
#5325 = CARTESIAN_POINT('',(-0.95,-0.15,-1.95));
#5326 = VECTOR('',#5327,1.);
#5327 = DIRECTION('',(0.707106781187,0.,-0.707106781187));
#5328 = ORIENTED_EDGE('',*,*,#5300,.T.);
#5329 = ORIENTED_EDGE('',*,*,#5244,.T.);
#5330 = ORIENTED_EDGE('',*,*,#5331,.F.);
#5331 = EDGE_CURVE('',#5322,#5245,#5332,.T.);
#5332 = LINE('',#5333,#5334);
#5333 = CARTESIAN_POINT('',(-0.1,-0.15,-2.8));
#5334 = VECTOR('',#5335,1.);
#5335 = DIRECTION('',(0.,1.,0.));
#5336 = PLANE('',#5337);
#5337 = AXIS2_PLACEMENT_3D('',#5338,#5339,#5340);
#5338 = CARTESIAN_POINT('',(-0.175,-0.15,-2.725));
#5339 = DIRECTION('',(-0.707106781187,0.,-0.707106781187));
#5340 = DIRECTION('',(0.,1.,0.));
#5341 = ADVANCED_FACE('',(#5342),#5360,.T.);
#5342 = FACE_BOUND('',#5343,.F.);
#5343 = EDGE_LOOP('',(#5344,#5345,#5353,#5359));
#5344 = ORIENTED_EDGE('',*,*,#5276,.T.);
#5345 = ORIENTED_EDGE('',*,*,#5346,.T.);
#5346 = EDGE_CURVE('',#5269,#5347,#5349,.T.);
#5347 = VERTEX_POINT('',#5348);
#5348 = CARTESIAN_POINT('',(0.25,-0.15,0.8));
#5349 = LINE('',#5350,#5351);
#5350 = CARTESIAN_POINT('',(0.25,0.15,0.8));
#5351 = VECTOR('',#5352,1.);
#5352 = DIRECTION('',(0.,-1.,0.));
#5353 = ORIENTED_EDGE('',*,*,#5354,.T.);
#5354 = EDGE_CURVE('',#5347,#5291,#5355,.T.);
#5355 = LINE('',#5356,#5357);
#5356 = CARTESIAN_POINT('',(0.25,-0.15,0.8));
#5357 = VECTOR('',#5358,1.);
#5358 = DIRECTION('',(-1.,0.,0.));
#5359 = ORIENTED_EDGE('',*,*,#5307,.T.);
#5360 = PLANE('',#5361);
#5361 = AXIS2_PLACEMENT_3D('',#5362,#5363,#5364);
#5362 = CARTESIAN_POINT('',(1.E-17,1.E-17,0.8));
#5363 = DIRECTION('',(0.,0.,1.));
#5364 = DIRECTION('',(1.,0.,-0.));
#5365 = ADVANCED_FACE('',(#5366),#5384,.F.);
#5366 = FACE_BOUND('',#5367,.F.);
#5367 = EDGE_LOOP('',(#5368,#5369,#5370,#5378));
#5368 = ORIENTED_EDGE('',*,*,#5252,.F.);
#5369 = ORIENTED_EDGE('',*,*,#5331,.F.);
#5370 = ORIENTED_EDGE('',*,*,#5371,.F.);
#5371 = EDGE_CURVE('',#5372,#5322,#5374,.T.);
#5372 = VERTEX_POINT('',#5373);
#5373 = CARTESIAN_POINT('',(0.1,-0.15,-2.8));
#5374 = LINE('',#5375,#5376);
#5375 = CARTESIAN_POINT('',(0.25,-0.15,-2.8));
#5376 = VECTOR('',#5377,1.);
#5377 = DIRECTION('',(-1.,0.,0.));
#5378 = ORIENTED_EDGE('',*,*,#5379,.F.);
#5379 = EDGE_CURVE('',#5253,#5372,#5380,.T.);
#5380 = LINE('',#5381,#5382);
#5381 = CARTESIAN_POINT('',(0.1,0.15,-2.8));
#5382 = VECTOR('',#5383,1.);
#5383 = DIRECTION('',(0.,-1.,0.));
#5384 = PLANE('',#5385);
#5385 = AXIS2_PLACEMENT_3D('',#5386,#5387,#5388);
#5386 = CARTESIAN_POINT('',(1.E-17,1.E-17,-2.8));
#5387 = DIRECTION('',(0.,0.,1.));
#5388 = DIRECTION('',(1.,0.,-0.));
#5389 = ADVANCED_FACE('',(#5390),#5408,.F.);
#5390 = FACE_BOUND('',#5391,.F.);
#5391 = EDGE_LOOP('',(#5392,#5393,#5401,#5407));
#5392 = ORIENTED_EDGE('',*,*,#5268,.T.);
#5393 = ORIENTED_EDGE('',*,*,#5394,.T.);
#5394 = EDGE_CURVE('',#5261,#5395,#5397,.T.);
#5395 = VERTEX_POINT('',#5396);
#5396 = CARTESIAN_POINT('',(0.25,-0.15,-2.65));
#5397 = LINE('',#5398,#5399);
#5398 = CARTESIAN_POINT('',(0.25,0.15,-2.65));
#5399 = VECTOR('',#5400,1.);
#5400 = DIRECTION('',(0.,-1.,0.));
#5401 = ORIENTED_EDGE('',*,*,#5402,.F.);
#5402 = EDGE_CURVE('',#5347,#5395,#5403,.T.);
#5403 = LINE('',#5404,#5405);
#5404 = CARTESIAN_POINT('',(0.25,-0.15,0.8));
#5405 = VECTOR('',#5406,1.);
#5406 = DIRECTION('',(-0.,-0.,-1.));
#5407 = ORIENTED_EDGE('',*,*,#5346,.F.);
#5408 = PLANE('',#5409);
#5409 = AXIS2_PLACEMENT_3D('',#5410,#5411,#5412);
#5410 = CARTESIAN_POINT('',(0.25,0.15,0.8));
#5411 = DIRECTION('',(-1.,0.,0.));
#5412 = DIRECTION('',(0.,-1.,0.));
#5413 = ADVANCED_FACE('',(#5414),#5425,.T.);
#5414 = FACE_BOUND('',#5415,.T.);
#5415 = EDGE_LOOP('',(#5416,#5417,#5418,#5424));
#5416 = ORIENTED_EDGE('',*,*,#5260,.F.);
#5417 = ORIENTED_EDGE('',*,*,#5394,.T.);
#5418 = ORIENTED_EDGE('',*,*,#5419,.T.);
#5419 = EDGE_CURVE('',#5395,#5372,#5420,.T.);
#5420 = LINE('',#5421,#5422);
#5421 = CARTESIAN_POINT('',(1.075,-0.15,-1.825));
#5422 = VECTOR('',#5423,1.);
#5423 = DIRECTION('',(-0.707106781187,0.,-0.707106781187));
#5424 = ORIENTED_EDGE('',*,*,#5379,.F.);
#5425 = PLANE('',#5426);
#5426 = AXIS2_PLACEMENT_3D('',#5427,#5428,#5429);
#5427 = CARTESIAN_POINT('',(0.175,0.15,-2.725));
#5428 = DIRECTION('',(0.707106781187,0.,-0.707106781187));
#5429 = DIRECTION('',(0.,-1.,0.));
#5430 = ADVANCED_FACE('',(#5431),#5439,.F.);
#5431 = FACE_BOUND('',#5432,.F.);
#5432 = EDGE_LOOP('',(#5433,#5434,#5435,#5436,#5437,#5438));
#5433 = ORIENTED_EDGE('',*,*,#5402,.T.);
#5434 = ORIENTED_EDGE('',*,*,#5419,.T.);
#5435 = ORIENTED_EDGE('',*,*,#5371,.T.);
#5436 = ORIENTED_EDGE('',*,*,#5321,.F.);
#5437 = ORIENTED_EDGE('',*,*,#5290,.F.);
#5438 = ORIENTED_EDGE('',*,*,#5354,.F.);
#5439 = PLANE('',#5440);
#5440 = AXIS2_PLACEMENT_3D('',#5441,#5442,#5443);
#5441 = CARTESIAN_POINT('',(0.25,-0.15,0.8));
#5442 = DIRECTION('',(0.,1.,0.));
#5443 = DIRECTION('',(-1.,0.,0.));
#5444 = MANIFOLD_SOLID_BREP('',#5445);
#5445 = CLOSED_SHELL('',(#5446,#5486,#5517,#5548,#5579,#5634,#5658,#5689
    ,#5706,#5730,#5761,#5778,#5805,#5829,#5853,#5877,#5901,#5925,#5942,
    #5954,#5966));
#5446 = ADVANCED_FACE('',(#5447),#5481,.T.);
#5447 = FACE_BOUND('',#5448,.T.);
#5448 = EDGE_LOOP('',(#5449,#5459,#5467,#5475));
#5449 = ORIENTED_EDGE('',*,*,#5450,.T.);
#5450 = EDGE_CURVE('',#5451,#5453,#5455,.T.);
#5451 = VERTEX_POINT('',#5452);
#5452 = CARTESIAN_POINT('',(0.,1.000000000003,1.4));
#5453 = VERTEX_POINT('',#5454);
#5454 = CARTESIAN_POINT('',(0.,1.000000000003,4.2));
#5455 = LINE('',#5456,#5457);
#5456 = CARTESIAN_POINT('',(0.,1.000000000003,1.4));
#5457 = VECTOR('',#5458,1.);
#5458 = DIRECTION('',(0.,0.,1.));
#5459 = ORIENTED_EDGE('',*,*,#5460,.T.);
#5460 = EDGE_CURVE('',#5453,#5461,#5463,.T.);
#5461 = VERTEX_POINT('',#5462);
#5462 = CARTESIAN_POINT('',(2.,1.000000000003,4.2));
#5463 = LINE('',#5464,#5465);
#5464 = CARTESIAN_POINT('',(0.,1.000000000003,4.2));
#5465 = VECTOR('',#5466,1.);
#5466 = DIRECTION('',(1.,0.,0.));
#5467 = ORIENTED_EDGE('',*,*,#5468,.F.);
#5468 = EDGE_CURVE('',#5469,#5461,#5471,.T.);
#5469 = VERTEX_POINT('',#5470);
#5470 = CARTESIAN_POINT('',(2.,1.000000000003,1.4));
#5471 = LINE('',#5472,#5473);
#5472 = CARTESIAN_POINT('',(2.,1.000000000003,1.4));
#5473 = VECTOR('',#5474,1.);
#5474 = DIRECTION('',(0.,0.,1.));
#5475 = ORIENTED_EDGE('',*,*,#5476,.F.);
#5476 = EDGE_CURVE('',#5451,#5469,#5477,.T.);
#5477 = LINE('',#5478,#5479);
#5478 = CARTESIAN_POINT('',(0.,1.000000000003,1.4));
#5479 = VECTOR('',#5480,1.);
#5480 = DIRECTION('',(1.,0.,0.));
#5481 = PLANE('',#5482);
#5482 = AXIS2_PLACEMENT_3D('',#5483,#5484,#5485);
#5483 = CARTESIAN_POINT('',(0.,1.000000000003,1.4));
#5484 = DIRECTION('',(0.,1.,0.));
#5485 = DIRECTION('',(1.,0.,0.));
#5486 = ADVANCED_FACE('',(#5487),#5512,.T.);
#5487 = FACE_BOUND('',#5488,.T.);
#5488 = EDGE_LOOP('',(#5489,#5497,#5505,#5511));
#5489 = ORIENTED_EDGE('',*,*,#5490,.T.);
#5490 = EDGE_CURVE('',#5451,#5491,#5493,.T.);
#5491 = VERTEX_POINT('',#5492);
#5492 = CARTESIAN_POINT('',(-1.8,1.000000000003,1.4));
#5493 = LINE('',#5494,#5495);
#5494 = CARTESIAN_POINT('',(0.,1.000000000003,1.4));
#5495 = VECTOR('',#5496,1.);
#5496 = DIRECTION('',(-1.,0.,0.));
#5497 = ORIENTED_EDGE('',*,*,#5498,.T.);
#5498 = EDGE_CURVE('',#5491,#5499,#5501,.T.);
#5499 = VERTEX_POINT('',#5500);
#5500 = CARTESIAN_POINT('',(-1.8,1.000000000003,4.2));
#5501 = LINE('',#5502,#5503);
#5502 = CARTESIAN_POINT('',(-1.8,1.000000000003,1.4));
#5503 = VECTOR('',#5504,1.);
#5504 = DIRECTION('',(0.,0.,1.));
#5505 = ORIENTED_EDGE('',*,*,#5506,.F.);
#5506 = EDGE_CURVE('',#5453,#5499,#5507,.T.);
#5507 = LINE('',#5508,#5509);
#5508 = CARTESIAN_POINT('',(0.,1.000000000003,4.2));
#5509 = VECTOR('',#5510,1.);
#5510 = DIRECTION('',(-1.,0.,0.));
#5511 = ORIENTED_EDGE('',*,*,#5450,.F.);
#5512 = PLANE('',#5513);
#5513 = AXIS2_PLACEMENT_3D('',#5514,#5515,#5516);
#5514 = CARTESIAN_POINT('',(0.,1.000000000003,1.4));
#5515 = DIRECTION('',(0.,1.,0.));
#5516 = DIRECTION('',(0.,-0.,1.));
#5517 = ADVANCED_FACE('',(#5518),#5543,.F.);
#5518 = FACE_BOUND('',#5519,.F.);
#5519 = EDGE_LOOP('',(#5520,#5528,#5536,#5542));
#5520 = ORIENTED_EDGE('',*,*,#5521,.T.);
#5521 = EDGE_CURVE('',#5469,#5522,#5524,.T.);
#5522 = VERTEX_POINT('',#5523);
#5523 = CARTESIAN_POINT('',(3.8,1.000000000003,1.4));
#5524 = LINE('',#5525,#5526);
#5525 = CARTESIAN_POINT('',(2.,1.000000000003,1.4));
#5526 = VECTOR('',#5527,1.);
#5527 = DIRECTION('',(1.,0.,0.));
#5528 = ORIENTED_EDGE('',*,*,#5529,.T.);
#5529 = EDGE_CURVE('',#5522,#5530,#5532,.T.);
#5530 = VERTEX_POINT('',#5531);
#5531 = CARTESIAN_POINT('',(3.8,1.000000000003,4.2));
#5532 = LINE('',#5533,#5534);
#5533 = CARTESIAN_POINT('',(3.8,1.000000000003,1.4));
#5534 = VECTOR('',#5535,1.);
#5535 = DIRECTION('',(0.,0.,1.));
#5536 = ORIENTED_EDGE('',*,*,#5537,.F.);
#5537 = EDGE_CURVE('',#5461,#5530,#5538,.T.);
#5538 = LINE('',#5539,#5540);
#5539 = CARTESIAN_POINT('',(2.,1.000000000003,4.2));
#5540 = VECTOR('',#5541,1.);
#5541 = DIRECTION('',(1.,0.,0.));
#5542 = ORIENTED_EDGE('',*,*,#5468,.F.);
#5543 = PLANE('',#5544);
#5544 = AXIS2_PLACEMENT_3D('',#5545,#5546,#5547);
#5545 = CARTESIAN_POINT('',(2.,1.000000000003,1.4));
#5546 = DIRECTION('',(0.,-1.,0.));
#5547 = DIRECTION('',(0.,0.,1.));
#5548 = ADVANCED_FACE('',(#5549),#5574,.F.);
#5549 = FACE_BOUND('',#5550,.T.);
#5550 = EDGE_LOOP('',(#5551,#5552,#5560,#5568));
#5551 = ORIENTED_EDGE('',*,*,#5476,.T.);
#5552 = ORIENTED_EDGE('',*,*,#5553,.T.);
#5553 = EDGE_CURVE('',#5469,#5554,#5556,.T.);
#5554 = VERTEX_POINT('',#5555);
#5555 = CARTESIAN_POINT('',(2.,-1.000000000003,1.4));
#5556 = LINE('',#5557,#5558);
#5557 = CARTESIAN_POINT('',(2.,1.000000000003,1.4));
#5558 = VECTOR('',#5559,1.);
#5559 = DIRECTION('',(0.,-1.,0.));
#5560 = ORIENTED_EDGE('',*,*,#5561,.T.);
#5561 = EDGE_CURVE('',#5554,#5562,#5564,.T.);
#5562 = VERTEX_POINT('',#5563);
#5563 = CARTESIAN_POINT('',(0.,-1.000000000003,1.4));
#5564 = LINE('',#5565,#5566);
#5565 = CARTESIAN_POINT('',(2.,-1.000000000003,1.4));
#5566 = VECTOR('',#5567,1.);
#5567 = DIRECTION('',(-1.,0.,0.));
#5568 = ORIENTED_EDGE('',*,*,#5569,.T.);
#5569 = EDGE_CURVE('',#5562,#5451,#5570,.T.);
#5570 = LINE('',#5571,#5572);
#5571 = CARTESIAN_POINT('',(0.,-1.000000000003,1.4));
#5572 = VECTOR('',#5573,1.);
#5573 = DIRECTION('',(0.,1.,0.));
#5574 = PLANE('',#5575);
#5575 = AXIS2_PLACEMENT_3D('',#5576,#5577,#5578);
#5576 = CARTESIAN_POINT('',(1.,0.,1.4));
#5577 = DIRECTION('',(0.,0.,1.));
#5578 = DIRECTION('',(1.,0.,-0.));
#5579 = ADVANCED_FACE('',(#5580),#5629,.T.);
#5580 = FACE_BOUND('',#5581,.T.);
#5581 = EDGE_LOOP('',(#5582,#5583,#5591,#5599,#5607,#5615,#5623));
#5582 = ORIENTED_EDGE('',*,*,#5460,.F.);
#5583 = ORIENTED_EDGE('',*,*,#5584,.T.);
#5584 = EDGE_CURVE('',#5453,#5585,#5587,.T.);
#5585 = VERTEX_POINT('',#5586);
#5586 = CARTESIAN_POINT('',(0.,1.000000000003,8.7));
#5587 = LINE('',#5588,#5589);
#5588 = CARTESIAN_POINT('',(0.,1.000000000003,4.2));
#5589 = VECTOR('',#5590,1.);
#5590 = DIRECTION('',(0.,0.,1.));
#5591 = ORIENTED_EDGE('',*,*,#5592,.T.);
#5592 = EDGE_CURVE('',#5585,#5593,#5595,.T.);
#5593 = VERTEX_POINT('',#5594);
#5594 = CARTESIAN_POINT('',(0.6,1.000000000003,8.7));
#5595 = LINE('',#5596,#5597);
#5596 = CARTESIAN_POINT('',(0.,1.000000000003,8.7));
#5597 = VECTOR('',#5598,1.);
#5598 = DIRECTION('',(1.,0.,0.));
#5599 = ORIENTED_EDGE('',*,*,#5600,.F.);
#5600 = EDGE_CURVE('',#5601,#5593,#5603,.T.);
#5601 = VERTEX_POINT('',#5602);
#5602 = CARTESIAN_POINT('',(1.,1.000000000003,8.3));
#5603 = LINE('',#5604,#5605);
#5604 = CARTESIAN_POINT('',(1.575,1.000000000003,7.725));
#5605 = VECTOR('',#5606,1.);
#5606 = DIRECTION('',(-0.707106781187,0.,0.707106781187));
#5607 = ORIENTED_EDGE('',*,*,#5608,.F.);
#5608 = EDGE_CURVE('',#5609,#5601,#5611,.T.);
#5609 = VERTEX_POINT('',#5610);
#5610 = CARTESIAN_POINT('',(1.4,1.000000000003,8.7));
#5611 = LINE('',#5612,#5613);
#5612 = CARTESIAN_POINT('',(-0.275,1.000000000003,7.025));
#5613 = VECTOR('',#5614,1.);
#5614 = DIRECTION('',(-0.707106781187,0.,-0.707106781187));
#5615 = ORIENTED_EDGE('',*,*,#5616,.T.);
#5616 = EDGE_CURVE('',#5609,#5617,#5619,.T.);
#5617 = VERTEX_POINT('',#5618);
#5618 = CARTESIAN_POINT('',(2.,1.000000000003,8.7));
#5619 = LINE('',#5620,#5621);
#5620 = CARTESIAN_POINT('',(0.,1.000000000003,8.7));
#5621 = VECTOR('',#5622,1.);
#5622 = DIRECTION('',(1.,0.,0.));
#5623 = ORIENTED_EDGE('',*,*,#5624,.F.);
#5624 = EDGE_CURVE('',#5461,#5617,#5625,.T.);
#5625 = LINE('',#5626,#5627);
#5626 = CARTESIAN_POINT('',(2.,1.000000000003,4.2));
#5627 = VECTOR('',#5628,1.);
#5628 = DIRECTION('',(0.,0.,1.));
#5629 = PLANE('',#5630);
#5630 = AXIS2_PLACEMENT_3D('',#5631,#5632,#5633);
#5631 = CARTESIAN_POINT('',(0.,1.000000000003,4.2));
#5632 = DIRECTION('',(0.,1.,0.));
#5633 = DIRECTION('',(1.,0.,0.));
#5634 = ADVANCED_FACE('',(#5635),#5653,.T.);
#5635 = FACE_BOUND('',#5636,.T.);
#5636 = EDGE_LOOP('',(#5637,#5645,#5651,#5652));
#5637 = ORIENTED_EDGE('',*,*,#5638,.T.);
#5638 = EDGE_CURVE('',#5562,#5639,#5641,.T.);
#5639 = VERTEX_POINT('',#5640);
#5640 = CARTESIAN_POINT('',(-1.8,-1.000000000003,1.4));
#5641 = LINE('',#5642,#5643);
#5642 = CARTESIAN_POINT('',(0.,-1.000000000003,1.4));
#5643 = VECTOR('',#5644,1.);
#5644 = DIRECTION('',(-1.,0.,0.));
#5645 = ORIENTED_EDGE('',*,*,#5646,.T.);
#5646 = EDGE_CURVE('',#5639,#5491,#5647,.T.);
#5647 = LINE('',#5648,#5649);
#5648 = CARTESIAN_POINT('',(-1.8,-1.000000000003,1.4));
#5649 = VECTOR('',#5650,1.);
#5650 = DIRECTION('',(0.,1.,0.));
#5651 = ORIENTED_EDGE('',*,*,#5490,.F.);
#5652 = ORIENTED_EDGE('',*,*,#5569,.F.);
#5653 = PLANE('',#5654);
#5654 = AXIS2_PLACEMENT_3D('',#5655,#5656,#5657);
#5655 = CARTESIAN_POINT('',(0.,-1.000000000003,1.4));
#5656 = DIRECTION('',(0.,0.,-1.));
#5657 = DIRECTION('',(0.,1.,0.));
#5658 = ADVANCED_FACE('',(#5659),#5684,.F.);
#5659 = FACE_BOUND('',#5660,.F.);
#5660 = EDGE_LOOP('',(#5661,#5671,#5677,#5678));
#5661 = ORIENTED_EDGE('',*,*,#5662,.T.);
#5662 = EDGE_CURVE('',#5663,#5665,#5667,.T.);
#5663 = VERTEX_POINT('',#5664);
#5664 = CARTESIAN_POINT('',(0.,-1.000000000003,4.2));
#5665 = VERTEX_POINT('',#5666);
#5666 = CARTESIAN_POINT('',(-1.8,-1.000000000003,4.2));
#5667 = LINE('',#5668,#5669);
#5668 = CARTESIAN_POINT('',(0.,-1.000000000003,4.2));
#5669 = VECTOR('',#5670,1.);
#5670 = DIRECTION('',(-1.,0.,0.));
#5671 = ORIENTED_EDGE('',*,*,#5672,.T.);
#5672 = EDGE_CURVE('',#5665,#5499,#5673,.T.);
#5673 = LINE('',#5674,#5675);
#5674 = CARTESIAN_POINT('',(-1.8,-1.000000000003,4.2));
#5675 = VECTOR('',#5676,1.);
#5676 = DIRECTION('',(0.,1.,0.));
#5677 = ORIENTED_EDGE('',*,*,#5506,.F.);
#5678 = ORIENTED_EDGE('',*,*,#5679,.F.);
#5679 = EDGE_CURVE('',#5663,#5453,#5680,.T.);
#5680 = LINE('',#5681,#5682);
#5681 = CARTESIAN_POINT('',(0.,-1.000000000003,4.2));
#5682 = VECTOR('',#5683,1.);
#5683 = DIRECTION('',(0.,1.,0.));
#5684 = PLANE('',#5685);
#5685 = AXIS2_PLACEMENT_3D('',#5686,#5687,#5688);
#5686 = CARTESIAN_POINT('',(0.,-1.000000000003,4.2));
#5687 = DIRECTION('',(0.,0.,-1.));
#5688 = DIRECTION('',(0.,1.,0.));
#5689 = ADVANCED_FACE('',(#5690),#5701,.T.);
#5690 = FACE_BOUND('',#5691,.T.);
#5691 = EDGE_LOOP('',(#5692,#5698,#5699,#5700));
#5692 = ORIENTED_EDGE('',*,*,#5693,.T.);
#5693 = EDGE_CURVE('',#5639,#5665,#5694,.T.);
#5694 = LINE('',#5695,#5696);
#5695 = CARTESIAN_POINT('',(-1.8,-1.000000000003,1.4));
#5696 = VECTOR('',#5697,1.);
#5697 = DIRECTION('',(0.,0.,1.));
#5698 = ORIENTED_EDGE('',*,*,#5672,.T.);
#5699 = ORIENTED_EDGE('',*,*,#5498,.F.);
#5700 = ORIENTED_EDGE('',*,*,#5646,.F.);
#5701 = PLANE('',#5702);
#5702 = AXIS2_PLACEMENT_3D('',#5703,#5704,#5705);
#5703 = CARTESIAN_POINT('',(-1.8,-1.000000000003,1.4));
#5704 = DIRECTION('',(-1.,0.,0.));
#5705 = DIRECTION('',(0.,1.,0.));
#5706 = ADVANCED_FACE('',(#5707),#5725,.T.);
#5707 = FACE_BOUND('',#5708,.T.);
#5708 = EDGE_LOOP('',(#5709,#5710,#5718,#5724));
#5709 = ORIENTED_EDGE('',*,*,#5521,.T.);
#5710 = ORIENTED_EDGE('',*,*,#5711,.T.);
#5711 = EDGE_CURVE('',#5522,#5712,#5714,.T.);
#5712 = VERTEX_POINT('',#5713);
#5713 = CARTESIAN_POINT('',(3.8,-1.000000000003,1.4));
#5714 = LINE('',#5715,#5716);
#5715 = CARTESIAN_POINT('',(3.8,1.000000000003,1.4));
#5716 = VECTOR('',#5717,1.);
#5717 = DIRECTION('',(0.,-1.,0.));
#5718 = ORIENTED_EDGE('',*,*,#5719,.F.);
#5719 = EDGE_CURVE('',#5554,#5712,#5720,.T.);
#5720 = LINE('',#5721,#5722);
#5721 = CARTESIAN_POINT('',(2.,-1.000000000003,1.4));
#5722 = VECTOR('',#5723,1.);
#5723 = DIRECTION('',(1.,0.,0.));
#5724 = ORIENTED_EDGE('',*,*,#5553,.F.);
#5725 = PLANE('',#5726);
#5726 = AXIS2_PLACEMENT_3D('',#5727,#5728,#5729);
#5727 = CARTESIAN_POINT('',(2.,1.000000000003,1.4));
#5728 = DIRECTION('',(0.,0.,-1.));
#5729 = DIRECTION('',(0.,-1.,0.));
#5730 = ADVANCED_FACE('',(#5731),#5756,.F.);
#5731 = FACE_BOUND('',#5732,.F.);
#5732 = EDGE_LOOP('',(#5733,#5734,#5742,#5750));
#5733 = ORIENTED_EDGE('',*,*,#5537,.T.);
#5734 = ORIENTED_EDGE('',*,*,#5735,.T.);
#5735 = EDGE_CURVE('',#5530,#5736,#5738,.T.);
#5736 = VERTEX_POINT('',#5737);
#5737 = CARTESIAN_POINT('',(3.8,-1.000000000003,4.2));
#5738 = LINE('',#5739,#5740);
#5739 = CARTESIAN_POINT('',(3.8,1.000000000003,4.2));
#5740 = VECTOR('',#5741,1.);
#5741 = DIRECTION('',(0.,-1.,0.));
#5742 = ORIENTED_EDGE('',*,*,#5743,.F.);
#5743 = EDGE_CURVE('',#5744,#5736,#5746,.T.);
#5744 = VERTEX_POINT('',#5745);
#5745 = CARTESIAN_POINT('',(2.,-1.000000000003,4.2));
#5746 = LINE('',#5747,#5748);
#5747 = CARTESIAN_POINT('',(2.,-1.000000000003,4.2));
#5748 = VECTOR('',#5749,1.);
#5749 = DIRECTION('',(1.,0.,0.));
#5750 = ORIENTED_EDGE('',*,*,#5751,.F.);
#5751 = EDGE_CURVE('',#5461,#5744,#5752,.T.);
#5752 = LINE('',#5753,#5754);
#5753 = CARTESIAN_POINT('',(2.,1.000000000003,4.2));
#5754 = VECTOR('',#5755,1.);
#5755 = DIRECTION('',(0.,-1.,0.));
#5756 = PLANE('',#5757);
#5757 = AXIS2_PLACEMENT_3D('',#5758,#5759,#5760);
#5758 = CARTESIAN_POINT('',(2.,1.000000000003,4.2));
#5759 = DIRECTION('',(0.,0.,-1.));
#5760 = DIRECTION('',(0.,-1.,0.));
#5761 = ADVANCED_FACE('',(#5762),#5773,.T.);
#5762 = FACE_BOUND('',#5763,.T.);
#5763 = EDGE_LOOP('',(#5764,#5765,#5766,#5772));
#5764 = ORIENTED_EDGE('',*,*,#5529,.T.);
#5765 = ORIENTED_EDGE('',*,*,#5735,.T.);
#5766 = ORIENTED_EDGE('',*,*,#5767,.F.);
#5767 = EDGE_CURVE('',#5712,#5736,#5768,.T.);
#5768 = LINE('',#5769,#5770);
#5769 = CARTESIAN_POINT('',(3.8,-1.000000000003,1.4));
#5770 = VECTOR('',#5771,1.);
#5771 = DIRECTION('',(0.,0.,1.));
#5772 = ORIENTED_EDGE('',*,*,#5711,.F.);
#5773 = PLANE('',#5774);
#5774 = AXIS2_PLACEMENT_3D('',#5775,#5776,#5777);
#5775 = CARTESIAN_POINT('',(3.8,1.000000000003,1.4));
#5776 = DIRECTION('',(1.,0.,0.));
#5777 = DIRECTION('',(0.,-1.,0.));
#5778 = ADVANCED_FACE('',(#5779),#5800,.T.);
#5779 = FACE_BOUND('',#5780,.T.);
#5780 = EDGE_LOOP('',(#5781,#5787,#5793,#5799));
#5781 = ORIENTED_EDGE('',*,*,#5782,.T.);
#5782 = EDGE_CURVE('',#5554,#5744,#5783,.T.);
#5783 = LINE('',#5784,#5785);
#5784 = CARTESIAN_POINT('',(2.,-1.000000000003,1.4));
#5785 = VECTOR('',#5786,1.);
#5786 = DIRECTION('',(0.,0.,1.));
#5787 = ORIENTED_EDGE('',*,*,#5788,.T.);
#5788 = EDGE_CURVE('',#5744,#5663,#5789,.T.);
#5789 = LINE('',#5790,#5791);
#5790 = CARTESIAN_POINT('',(2.,-1.000000000003,4.2));
#5791 = VECTOR('',#5792,1.);
#5792 = DIRECTION('',(-1.,0.,0.));
#5793 = ORIENTED_EDGE('',*,*,#5794,.F.);
#5794 = EDGE_CURVE('',#5562,#5663,#5795,.T.);
#5795 = LINE('',#5796,#5797);
#5796 = CARTESIAN_POINT('',(0.,-1.000000000003,1.4));
#5797 = VECTOR('',#5798,1.);
#5798 = DIRECTION('',(0.,0.,1.));
#5799 = ORIENTED_EDGE('',*,*,#5561,.F.);
#5800 = PLANE('',#5801);
#5801 = AXIS2_PLACEMENT_3D('',#5802,#5803,#5804);
#5802 = CARTESIAN_POINT('',(2.,-1.000000000003,1.4));
#5803 = DIRECTION('',(0.,-1.,0.));
#5804 = DIRECTION('',(-1.,0.,0.));
#5805 = ADVANCED_FACE('',(#5806),#5824,.T.);
#5806 = FACE_BOUND('',#5807,.T.);
#5807 = EDGE_LOOP('',(#5808,#5809,#5817,#5823));
#5808 = ORIENTED_EDGE('',*,*,#5624,.T.);
#5809 = ORIENTED_EDGE('',*,*,#5810,.T.);
#5810 = EDGE_CURVE('',#5617,#5811,#5813,.T.);
#5811 = VERTEX_POINT('',#5812);
#5812 = CARTESIAN_POINT('',(2.,-1.000000000003,8.7));
#5813 = LINE('',#5814,#5815);
#5814 = CARTESIAN_POINT('',(2.,1.000000000003,8.7));
#5815 = VECTOR('',#5816,1.);
#5816 = DIRECTION('',(0.,-1.,0.));
#5817 = ORIENTED_EDGE('',*,*,#5818,.F.);
#5818 = EDGE_CURVE('',#5744,#5811,#5819,.T.);
#5819 = LINE('',#5820,#5821);
#5820 = CARTESIAN_POINT('',(2.,-1.000000000003,4.2));
#5821 = VECTOR('',#5822,1.);
#5822 = DIRECTION('',(0.,0.,1.));
#5823 = ORIENTED_EDGE('',*,*,#5751,.F.);
#5824 = PLANE('',#5825);
#5825 = AXIS2_PLACEMENT_3D('',#5826,#5827,#5828);
#5826 = CARTESIAN_POINT('',(2.,1.000000000003,4.2));
#5827 = DIRECTION('',(1.,0.,0.));
#5828 = DIRECTION('',(0.,-1.,0.));
#5829 = ADVANCED_FACE('',(#5830),#5848,.T.);
#5830 = FACE_BOUND('',#5831,.T.);
#5831 = EDGE_LOOP('',(#5832,#5833,#5841,#5847));
#5832 = ORIENTED_EDGE('',*,*,#5616,.F.);
#5833 = ORIENTED_EDGE('',*,*,#5834,.F.);
#5834 = EDGE_CURVE('',#5835,#5609,#5837,.T.);
#5835 = VERTEX_POINT('',#5836);
#5836 = CARTESIAN_POINT('',(1.4,-1.000000000002,8.7));
#5837 = LINE('',#5838,#5839);
#5838 = CARTESIAN_POINT('',(1.4,-1.000000000002,8.7));
#5839 = VECTOR('',#5840,1.);
#5840 = DIRECTION('',(0.,1.,-2.22044604925E-16));
#5841 = ORIENTED_EDGE('',*,*,#5842,.F.);
#5842 = EDGE_CURVE('',#5811,#5835,#5843,.T.);
#5843 = LINE('',#5844,#5845);
#5844 = CARTESIAN_POINT('',(2.,-1.000000000003,8.7));
#5845 = VECTOR('',#5846,1.);
#5846 = DIRECTION('',(-1.,0.,0.));
#5847 = ORIENTED_EDGE('',*,*,#5810,.F.);
#5848 = PLANE('',#5849);
#5849 = AXIS2_PLACEMENT_3D('',#5850,#5851,#5852);
#5850 = CARTESIAN_POINT('',(1.,0.,8.7));
#5851 = DIRECTION('',(0.,0.,1.));
#5852 = DIRECTION('',(1.,0.,-0.));
#5853 = ADVANCED_FACE('',(#5854),#5872,.F.);
#5854 = FACE_BOUND('',#5855,.F.);
#5855 = EDGE_LOOP('',(#5856,#5864,#5870,#5871));
#5856 = ORIENTED_EDGE('',*,*,#5857,.F.);
#5857 = EDGE_CURVE('',#5858,#5835,#5860,.T.);
#5858 = VERTEX_POINT('',#5859);
#5859 = CARTESIAN_POINT('',(1.,-1.000000000002,8.3));
#5860 = LINE('',#5861,#5862);
#5861 = CARTESIAN_POINT('',(1.,-1.000000000002,8.3));
#5862 = VECTOR('',#5863,1.);
#5863 = DIRECTION('',(0.707106781187,1.570092458683E-16,0.707106781187)
  );
#5864 = ORIENTED_EDGE('',*,*,#5865,.T.);
#5865 = EDGE_CURVE('',#5858,#5601,#5866,.T.);
#5866 = LINE('',#5867,#5868);
#5867 = CARTESIAN_POINT('',(1.,-1.000000000002,8.3));
#5868 = VECTOR('',#5869,1.);
#5869 = DIRECTION('',(0.,1.,-2.22044604925E-16));
#5870 = ORIENTED_EDGE('',*,*,#5608,.F.);
#5871 = ORIENTED_EDGE('',*,*,#5834,.F.);
#5872 = PLANE('',#5873);
#5873 = AXIS2_PLACEMENT_3D('',#5874,#5875,#5876);
#5874 = CARTESIAN_POINT('',(1.,-1.000000000002,8.3));
#5875 = DIRECTION('',(0.707106781187,-1.570092458683E-16,-0.707106781187
    ));
#5876 = DIRECTION('',(0.707106781187,1.570092458683E-16,0.707106781187)
  );
#5877 = ADVANCED_FACE('',(#5878),#5896,.F.);
#5878 = FACE_BOUND('',#5879,.F.);
#5879 = EDGE_LOOP('',(#5880,#5888,#5894,#5895));
#5880 = ORIENTED_EDGE('',*,*,#5881,.F.);
#5881 = EDGE_CURVE('',#5882,#5858,#5884,.T.);
#5882 = VERTEX_POINT('',#5883);
#5883 = CARTESIAN_POINT('',(0.6,-1.000000000002,8.7));
#5884 = LINE('',#5885,#5886);
#5885 = CARTESIAN_POINT('',(0.6,-1.000000000002,8.7));
#5886 = VECTOR('',#5887,1.);
#5887 = DIRECTION('',(0.707106781187,-1.570092458683E-16,-0.707106781187
    ));
#5888 = ORIENTED_EDGE('',*,*,#5889,.T.);
#5889 = EDGE_CURVE('',#5882,#5593,#5890,.T.);
#5890 = LINE('',#5891,#5892);
#5891 = CARTESIAN_POINT('',(0.6,-1.000000000002,8.7));
#5892 = VECTOR('',#5893,1.);
#5893 = DIRECTION('',(0.,1.,-2.22044604925E-16));
#5894 = ORIENTED_EDGE('',*,*,#5600,.F.);
#5895 = ORIENTED_EDGE('',*,*,#5865,.F.);
#5896 = PLANE('',#5897);
#5897 = AXIS2_PLACEMENT_3D('',#5898,#5899,#5900);
#5898 = CARTESIAN_POINT('',(0.6,-1.000000000002,8.7));
#5899 = DIRECTION('',(-0.707106781187,-1.570092458683E-16,
    -0.707106781187));
#5900 = DIRECTION('',(0.707106781187,-1.570092458683E-16,-0.707106781187
    ));
#5901 = ADVANCED_FACE('',(#5902),#5920,.T.);
#5902 = FACE_BOUND('',#5903,.T.);
#5903 = EDGE_LOOP('',(#5904,#5905,#5913,#5919));
#5904 = ORIENTED_EDGE('',*,*,#5592,.F.);
#5905 = ORIENTED_EDGE('',*,*,#5906,.F.);
#5906 = EDGE_CURVE('',#5907,#5585,#5909,.T.);
#5907 = VERTEX_POINT('',#5908);
#5908 = CARTESIAN_POINT('',(0.,-1.000000000003,8.7));
#5909 = LINE('',#5910,#5911);
#5910 = CARTESIAN_POINT('',(0.,-1.000000000003,8.7));
#5911 = VECTOR('',#5912,1.);
#5912 = DIRECTION('',(0.,1.,0.));
#5913 = ORIENTED_EDGE('',*,*,#5914,.F.);
#5914 = EDGE_CURVE('',#5882,#5907,#5915,.T.);
#5915 = LINE('',#5916,#5917);
#5916 = CARTESIAN_POINT('',(2.,-1.000000000003,8.7));
#5917 = VECTOR('',#5918,1.);
#5918 = DIRECTION('',(-1.,0.,0.));
#5919 = ORIENTED_EDGE('',*,*,#5889,.T.);
#5920 = PLANE('',#5921);
#5921 = AXIS2_PLACEMENT_3D('',#5922,#5923,#5924);
#5922 = CARTESIAN_POINT('',(1.,0.,8.7));
#5923 = DIRECTION('',(0.,0.,1.));
#5924 = DIRECTION('',(1.,0.,-0.));
#5925 = ADVANCED_FACE('',(#5926),#5937,.T.);
#5926 = FACE_BOUND('',#5927,.T.);
#5927 = EDGE_LOOP('',(#5928,#5934,#5935,#5936));
#5928 = ORIENTED_EDGE('',*,*,#5929,.T.);
#5929 = EDGE_CURVE('',#5663,#5907,#5930,.T.);
#5930 = LINE('',#5931,#5932);
#5931 = CARTESIAN_POINT('',(0.,-1.000000000003,4.2));
#5932 = VECTOR('',#5933,1.);
#5933 = DIRECTION('',(0.,0.,1.));
#5934 = ORIENTED_EDGE('',*,*,#5906,.T.);
#5935 = ORIENTED_EDGE('',*,*,#5584,.F.);
#5936 = ORIENTED_EDGE('',*,*,#5679,.F.);
#5937 = PLANE('',#5938);
#5938 = AXIS2_PLACEMENT_3D('',#5939,#5940,#5941);
#5939 = CARTESIAN_POINT('',(0.,-1.000000000003,4.2));
#5940 = DIRECTION('',(-1.,0.,0.));
#5941 = DIRECTION('',(0.,1.,0.));
#5942 = ADVANCED_FACE('',(#5943),#5949,.F.);
#5943 = FACE_BOUND('',#5944,.F.);
#5944 = EDGE_LOOP('',(#5945,#5946,#5947,#5948));
#5945 = ORIENTED_EDGE('',*,*,#5638,.T.);
#5946 = ORIENTED_EDGE('',*,*,#5693,.T.);
#5947 = ORIENTED_EDGE('',*,*,#5662,.F.);
#5948 = ORIENTED_EDGE('',*,*,#5794,.F.);
#5949 = PLANE('',#5950);
#5950 = AXIS2_PLACEMENT_3D('',#5951,#5952,#5953);
#5951 = CARTESIAN_POINT('',(0.,-1.000000000003,1.4));
#5952 = DIRECTION('',(0.,1.,0.));
#5953 = DIRECTION('',(0.,-0.,1.));
#5954 = ADVANCED_FACE('',(#5955),#5961,.T.);
#5955 = FACE_BOUND('',#5956,.T.);
#5956 = EDGE_LOOP('',(#5957,#5958,#5959,#5960));
#5957 = ORIENTED_EDGE('',*,*,#5719,.T.);
#5958 = ORIENTED_EDGE('',*,*,#5767,.T.);
#5959 = ORIENTED_EDGE('',*,*,#5743,.F.);
#5960 = ORIENTED_EDGE('',*,*,#5782,.F.);
#5961 = PLANE('',#5962);
#5962 = AXIS2_PLACEMENT_3D('',#5963,#5964,#5965);
#5963 = CARTESIAN_POINT('',(2.,-1.000000000003,1.4));
#5964 = DIRECTION('',(0.,-1.,0.));
#5965 = DIRECTION('',(0.,0.,1.));
#5966 = ADVANCED_FACE('',(#5967),#5976,.T.);
#5967 = FACE_BOUND('',#5968,.T.);
#5968 = EDGE_LOOP('',(#5969,#5970,#5971,#5972,#5973,#5974,#5975));
#5969 = ORIENTED_EDGE('',*,*,#5788,.F.);
#5970 = ORIENTED_EDGE('',*,*,#5818,.T.);
#5971 = ORIENTED_EDGE('',*,*,#5842,.T.);
#5972 = ORIENTED_EDGE('',*,*,#5857,.F.);
#5973 = ORIENTED_EDGE('',*,*,#5881,.F.);
#5974 = ORIENTED_EDGE('',*,*,#5914,.T.);
#5975 = ORIENTED_EDGE('',*,*,#5929,.F.);
#5976 = PLANE('',#5977);
#5977 = AXIS2_PLACEMENT_3D('',#5978,#5979,#5980);
#5978 = CARTESIAN_POINT('',(2.,-1.000000000003,4.2));
#5979 = DIRECTION('',(0.,-1.,0.));
#5980 = DIRECTION('',(-1.,0.,0.));
#5981 = ( GEOMETRIC_REPRESENTATION_CONTEXT(3) 
GLOBAL_UNCERTAINTY_ASSIGNED_CONTEXT((#5985)) 
GLOBAL_UNIT_ASSIGNED_CONTEXT((#5982,#5983,#5984)) REPRESENTATION_CONTEXT
('Context #1','3D Context with UNIT and UNCERTAINTY') );
#5982 = ( LENGTH_UNIT() NAMED_UNIT(*) SI_UNIT(.MILLI.,.METRE.) );
#5983 = ( NAMED_UNIT(*) PLANE_ANGLE_UNIT() SI_UNIT($,.RADIAN.) );
#5984 = ( NAMED_UNIT(*) SI_UNIT($,.STERADIAN.) SOLID_ANGLE_UNIT() );
#5985 = UNCERTAINTY_MEASURE_WITH_UNIT(LENGTH_MEASURE(1.E-07),#5982,
  'distance_accuracy_value','confusion accuracy');
#5986 = CONTEXT_DEPENDENT_SHAPE_REPRESENTATION(#5987,#5989);
#5987 = ( REPRESENTATION_RELATIONSHIP('','',#55,#32) 
REPRESENTATION_RELATIONSHIP_WITH_TRANSFORMATION(#5988) 
SHAPE_REPRESENTATION_RELATIONSHIP() );
#5988 = ITEM_DEFINED_TRANSFORMATION('','',#11,#33);
#5989 = PRODUCT_DEFINITION_SHAPE('Placement','Placement of an item',
  #5990);
#5990 = NEXT_ASSEMBLY_USAGE_OCCURRENCE('1','=>[0:1:1:3]','',#27,#50,$);
#5991 = PRODUCT_RELATED_PRODUCT_CATEGORY('part',$,(#52));
#5992 = MECHANICAL_DESIGN_GEOMETRIC_PRESENTATION_REPRESENTATION('',(
    #5993,#6004,#6012,#6019,#6026,#6033,#6040,#6047,#6054,#6061,#6068,
    #6075,#6082,#6089,#6096,#6103,#6110,#6117,#6124,#6131,#6138,#6145,
    #6152,#6159,#6166,#6173,#6180,#6187,#6194,#6201,#6208,#6215,#6222,
    #6229,#6236,#6243,#6250,#6257,#6264,#6271,#6278,#6285,#6292,#6299,
    #6306,#6313,#6320,#6327,#6334,#6341,#6348,#6355,#6362,#6369,#6376,
    #6383,#6390,#6397,#6404,#6411,#6418,#6425,#6432,#6439,#6446,#6453,
    #6460,#6467,#6474,#6481,#6488,#6495,#6502,#6509,#6516,#6523,#6530,
    #6537,#6544,#6551,#6558,#6565,#6572,#6579,#6586,#6593,#6600,#6607,
    #6614,#6621,#6628,#6635,#6642,#6649,#6656,#6663,#6670,#6677,#6684,
    #6691,#6698,#6705,#6712,#6719,#6726,#6733,#6740,#6747,#6754,#6761,
    #6768,#6775,#6782,#6789,#6796,#6803,#6810,#6817,#6824,#6831,#6838,
    #6845,#6852,#6859,#6866,#6873,#6880,#6887,#6894,#6901,#6908,#6915,
    #6922,#6929,#6936,#6943,#6950,#6957,#6964,#6971,#6978,#6985,#6992,
    #6999,#7006,#7013,#7020,#7027,#7034,#7041,#7048,#7055,#7062,#7069,
    #7076,#7083,#7090,#7097,#7104,#7111,#7118,#7125,#7132,#7139,#7148,
    #7156,#7163,#7170,#7177,#7184,#7191,#7198,#7205,#7212,#7219,#7226,
    #7233,#7240,#7247,#7256,#7263,#7270,#7277,#7284,#7291,#7298,#7305,
    #7312,#7321,#7328,#7335,#7342,#7349,#7356,#7363,#7370,#7377,#7386,
    #7393,#7400,#7407,#7414,#7421,#7428,#7435,#7442,#7451,#7459,#7466,
    #7473,#7480,#7487,#7494,#7501,#7508,#7515,#7522,#7529,#7536,#7543,
    #7550,#7557,#7564,#7571,#7578,#7585,#7592),#5981);
#5993 = STYLED_ITEM('color',(#5994),#56);
#5994 = PRESENTATION_STYLE_ASSIGNMENT((#5995,#6001));
#5995 = SURFACE_STYLE_USAGE(.BOTH.,#5996);
#5996 = SURFACE_SIDE_STYLE('',(#5997));
#5997 = SURFACE_STYLE_FILL_AREA(#5998);
#5998 = FILL_AREA_STYLE('',(#5999));
#5999 = FILL_AREA_STYLE_COLOUR('',#6000);
#6000 = COLOUR_RGB('',0.800000010877,0.800000010877,0.800000010877);
#6001 = CURVE_STYLE('',#6002,POSITIVE_LENGTH_MEASURE(0.1),#6003);
#6002 = DRAUGHTING_PRE_DEFINED_CURVE_FONT('continuous');
#6003 = COLOUR_RGB('',9.803921802644E-02,9.803921802644E-02,
  9.803921802644E-02);
#6004 = OVER_RIDING_STYLED_ITEM('overriding color',(#6005),#58,#5993);
#6005 = PRESENTATION_STYLE_ASSIGNMENT((#6006));
#6006 = SURFACE_STYLE_USAGE(.BOTH.,#6007);
#6007 = SURFACE_SIDE_STYLE('',(#6008));
#6008 = SURFACE_STYLE_FILL_AREA(#6009);
#6009 = FILL_AREA_STYLE('',(#6010));
#6010 = FILL_AREA_STYLE_COLOUR('',#6011);
#6011 = COLOUR_RGB('',0.823999987314,0.819999987296,0.781000009244);
#6012 = OVER_RIDING_STYLED_ITEM('overriding color',(#6013),#107,#5993);
#6013 = PRESENTATION_STYLE_ASSIGNMENT((#6014));
#6014 = SURFACE_STYLE_USAGE(.BOTH.,#6015);
#6015 = SURFACE_SIDE_STYLE('',(#6016));
#6016 = SURFACE_STYLE_FILL_AREA(#6017);
#6017 = FILL_AREA_STYLE('',(#6018));
#6018 = FILL_AREA_STYLE_COLOUR('',#6011);
#6019 = OVER_RIDING_STYLED_ITEM('overriding color',(#6020),#138,#5993);
#6020 = PRESENTATION_STYLE_ASSIGNMENT((#6021));
#6021 = SURFACE_STYLE_USAGE(.BOTH.,#6022);
#6022 = SURFACE_SIDE_STYLE('',(#6023));
#6023 = SURFACE_STYLE_FILL_AREA(#6024);
#6024 = FILL_AREA_STYLE('',(#6025));
#6025 = FILL_AREA_STYLE_COLOUR('',#6011);
#6026 = OVER_RIDING_STYLED_ITEM('overriding color',(#6027),#163,#5993);
#6027 = PRESENTATION_STYLE_ASSIGNMENT((#6028));
#6028 = SURFACE_STYLE_USAGE(.BOTH.,#6029);
#6029 = SURFACE_SIDE_STYLE('',(#6030));
#6030 = SURFACE_STYLE_FILL_AREA(#6031);
#6031 = FILL_AREA_STYLE('',(#6032));
#6032 = FILL_AREA_STYLE_COLOUR('',#6011);
#6033 = OVER_RIDING_STYLED_ITEM('overriding color',(#6034),#194,#5993);
#6034 = PRESENTATION_STYLE_ASSIGNMENT((#6035));
#6035 = SURFACE_STYLE_USAGE(.BOTH.,#6036);
#6036 = SURFACE_SIDE_STYLE('',(#6037));
#6037 = SURFACE_STYLE_FILL_AREA(#6038);
#6038 = FILL_AREA_STYLE('',(#6039));
#6039 = FILL_AREA_STYLE_COLOUR('',#6011);
#6040 = OVER_RIDING_STYLED_ITEM('overriding color',(#6041),#218,#5993);
#6041 = PRESENTATION_STYLE_ASSIGNMENT((#6042));
#6042 = SURFACE_STYLE_USAGE(.BOTH.,#6043);
#6043 = SURFACE_SIDE_STYLE('',(#6044));
#6044 = SURFACE_STYLE_FILL_AREA(#6045);
#6045 = FILL_AREA_STYLE('',(#6046));
#6046 = FILL_AREA_STYLE_COLOUR('',#6011);
#6047 = OVER_RIDING_STYLED_ITEM('overriding color',(#6048),#249,#5993);
#6048 = PRESENTATION_STYLE_ASSIGNMENT((#6049));
#6049 = SURFACE_STYLE_USAGE(.BOTH.,#6050);
#6050 = SURFACE_SIDE_STYLE('',(#6051));
#6051 = SURFACE_STYLE_FILL_AREA(#6052);
#6052 = FILL_AREA_STYLE('',(#6053));
#6053 = FILL_AREA_STYLE_COLOUR('',#6011);
#6054 = OVER_RIDING_STYLED_ITEM('overriding color',(#6055),#274,#5993);
#6055 = PRESENTATION_STYLE_ASSIGNMENT((#6056));
#6056 = SURFACE_STYLE_USAGE(.BOTH.,#6057);
#6057 = SURFACE_SIDE_STYLE('',(#6058));
#6058 = SURFACE_STYLE_FILL_AREA(#6059);
#6059 = FILL_AREA_STYLE('',(#6060));
#6060 = FILL_AREA_STYLE_COLOUR('',#6011);
#6061 = OVER_RIDING_STYLED_ITEM('overriding color',(#6062),#396,#5993);
#6062 = PRESENTATION_STYLE_ASSIGNMENT((#6063));
#6063 = SURFACE_STYLE_USAGE(.BOTH.,#6064);
#6064 = SURFACE_SIDE_STYLE('',(#6065));
#6065 = SURFACE_STYLE_FILL_AREA(#6066);
#6066 = FILL_AREA_STYLE('',(#6067));
#6067 = FILL_AREA_STYLE_COLOUR('',#6011);
#6068 = OVER_RIDING_STYLED_ITEM('overriding color',(#6069),#420,#5993);
#6069 = PRESENTATION_STYLE_ASSIGNMENT((#6070));
#6070 = SURFACE_STYLE_USAGE(.BOTH.,#6071);
#6071 = SURFACE_SIDE_STYLE('',(#6072));
#6072 = SURFACE_STYLE_FILL_AREA(#6073);
#6073 = FILL_AREA_STYLE('',(#6074));
#6074 = FILL_AREA_STYLE_COLOUR('',#6011);
#6075 = OVER_RIDING_STYLED_ITEM('overriding color',(#6076),#540,#5993);
#6076 = PRESENTATION_STYLE_ASSIGNMENT((#6077));
#6077 = SURFACE_STYLE_USAGE(.BOTH.,#6078);
#6078 = SURFACE_SIDE_STYLE('',(#6079));
#6079 = SURFACE_STYLE_FILL_AREA(#6080);
#6080 = FILL_AREA_STYLE('',(#6081));
#6081 = FILL_AREA_STYLE_COLOUR('',#6011);
#6082 = OVER_RIDING_STYLED_ITEM('overriding color',(#6083),#564,#5993);
#6083 = PRESENTATION_STYLE_ASSIGNMENT((#6084));
#6084 = SURFACE_STYLE_USAGE(.BOTH.,#6085);
#6085 = SURFACE_SIDE_STYLE('',(#6086));
#6086 = SURFACE_STYLE_FILL_AREA(#6087);
#6087 = FILL_AREA_STYLE('',(#6088));
#6088 = FILL_AREA_STYLE_COLOUR('',#6011);
#6089 = OVER_RIDING_STYLED_ITEM('overriding color',(#6090),#588,#5993);
#6090 = PRESENTATION_STYLE_ASSIGNMENT((#6091));
#6091 = SURFACE_STYLE_USAGE(.BOTH.,#6092);
#6092 = SURFACE_SIDE_STYLE('',(#6093));
#6093 = SURFACE_STYLE_FILL_AREA(#6094);
#6094 = FILL_AREA_STYLE('',(#6095));
#6095 = FILL_AREA_STYLE_COLOUR('',#6011);
#6096 = OVER_RIDING_STYLED_ITEM('overriding color',(#6097),#619,#5993);
#6097 = PRESENTATION_STYLE_ASSIGNMENT((#6098));
#6098 = SURFACE_STYLE_USAGE(.BOTH.,#6099);
#6099 = SURFACE_SIDE_STYLE('',(#6100));
#6100 = SURFACE_STYLE_FILL_AREA(#6101);
#6101 = FILL_AREA_STYLE('',(#6102));
#6102 = FILL_AREA_STYLE_COLOUR('',#6011);
#6103 = OVER_RIDING_STYLED_ITEM('overriding color',(#6104),#636,#5993);
#6104 = PRESENTATION_STYLE_ASSIGNMENT((#6105));
#6105 = SURFACE_STYLE_USAGE(.BOTH.,#6106);
#6106 = SURFACE_SIDE_STYLE('',(#6107));
#6107 = SURFACE_STYLE_FILL_AREA(#6108);
#6108 = FILL_AREA_STYLE('',(#6109));
#6109 = FILL_AREA_STYLE_COLOUR('',#6011);
#6110 = OVER_RIDING_STYLED_ITEM('overriding color',(#6111),#653,#5993);
#6111 = PRESENTATION_STYLE_ASSIGNMENT((#6112));
#6112 = SURFACE_STYLE_USAGE(.BOTH.,#6113);
#6113 = SURFACE_SIDE_STYLE('',(#6114));
#6114 = SURFACE_STYLE_FILL_AREA(#6115);
#6115 = FILL_AREA_STYLE('',(#6116));
#6116 = FILL_AREA_STYLE_COLOUR('',#6011);
#6117 = OVER_RIDING_STYLED_ITEM('overriding color',(#6118),#670,#5993);
#6118 = PRESENTATION_STYLE_ASSIGNMENT((#6119));
#6119 = SURFACE_STYLE_USAGE(.BOTH.,#6120);
#6120 = SURFACE_SIDE_STYLE('',(#6121));
#6121 = SURFACE_STYLE_FILL_AREA(#6122);
#6122 = FILL_AREA_STYLE('',(#6123));
#6123 = FILL_AREA_STYLE_COLOUR('',#6011);
#6124 = OVER_RIDING_STYLED_ITEM('overriding color',(#6125),#701,#5993);
#6125 = PRESENTATION_STYLE_ASSIGNMENT((#6126));
#6126 = SURFACE_STYLE_USAGE(.BOTH.,#6127);
#6127 = SURFACE_SIDE_STYLE('',(#6128));
#6128 = SURFACE_STYLE_FILL_AREA(#6129);
#6129 = FILL_AREA_STYLE('',(#6130));
#6130 = FILL_AREA_STYLE_COLOUR('',#6011);
#6131 = OVER_RIDING_STYLED_ITEM('overriding color',(#6132),#732,#5993);
#6132 = PRESENTATION_STYLE_ASSIGNMENT((#6133));
#6133 = SURFACE_STYLE_USAGE(.BOTH.,#6134);
#6134 = SURFACE_SIDE_STYLE('',(#6135));
#6135 = SURFACE_STYLE_FILL_AREA(#6136);
#6136 = FILL_AREA_STYLE('',(#6137));
#6137 = FILL_AREA_STYLE_COLOUR('',#6011);
#6138 = OVER_RIDING_STYLED_ITEM('overriding color',(#6139),#754,#5993);
#6139 = PRESENTATION_STYLE_ASSIGNMENT((#6140));
#6140 = SURFACE_STYLE_USAGE(.BOTH.,#6141);
#6141 = SURFACE_SIDE_STYLE('',(#6142));
#6142 = SURFACE_STYLE_FILL_AREA(#6143);
#6143 = FILL_AREA_STYLE('',(#6144));
#6144 = FILL_AREA_STYLE_COLOUR('',#6011);
#6145 = OVER_RIDING_STYLED_ITEM('overriding color',(#6146),#776,#5993);
#6146 = PRESENTATION_STYLE_ASSIGNMENT((#6147));
#6147 = SURFACE_STYLE_USAGE(.BOTH.,#6148);
#6148 = SURFACE_SIDE_STYLE('',(#6149));
#6149 = SURFACE_STYLE_FILL_AREA(#6150);
#6150 = FILL_AREA_STYLE('',(#6151));
#6151 = FILL_AREA_STYLE_COLOUR('',#6011);
#6152 = OVER_RIDING_STYLED_ITEM('overriding color',(#6153),#793,#5993);
#6153 = PRESENTATION_STYLE_ASSIGNMENT((#6154));
#6154 = SURFACE_STYLE_USAGE(.BOTH.,#6155);
#6155 = SURFACE_SIDE_STYLE('',(#6156));
#6156 = SURFACE_STYLE_FILL_AREA(#6157);
#6157 = FILL_AREA_STYLE('',(#6158));
#6158 = FILL_AREA_STYLE_COLOUR('',#6011);
#6159 = OVER_RIDING_STYLED_ITEM('overriding color',(#6160),#810,#5993);
#6160 = PRESENTATION_STYLE_ASSIGNMENT((#6161));
#6161 = SURFACE_STYLE_USAGE(.BOTH.,#6162);
#6162 = SURFACE_SIDE_STYLE('',(#6163));
#6163 = SURFACE_STYLE_FILL_AREA(#6164);
#6164 = FILL_AREA_STYLE('',(#6165));
#6165 = FILL_AREA_STYLE_COLOUR('',#6011);
#6166 = OVER_RIDING_STYLED_ITEM('overriding color',(#6167),#841,#5993);
#6167 = PRESENTATION_STYLE_ASSIGNMENT((#6168));
#6168 = SURFACE_STYLE_USAGE(.BOTH.,#6169);
#6169 = SURFACE_SIDE_STYLE('',(#6170));
#6170 = SURFACE_STYLE_FILL_AREA(#6171);
#6171 = FILL_AREA_STYLE('',(#6172));
#6172 = FILL_AREA_STYLE_COLOUR('',#6011);
#6173 = OVER_RIDING_STYLED_ITEM('overriding color',(#6174),#863,#5993);
#6174 = PRESENTATION_STYLE_ASSIGNMENT((#6175));
#6175 = SURFACE_STYLE_USAGE(.BOTH.,#6176);
#6176 = SURFACE_SIDE_STYLE('',(#6177));
#6177 = SURFACE_STYLE_FILL_AREA(#6178);
#6178 = FILL_AREA_STYLE('',(#6179));
#6179 = FILL_AREA_STYLE_COLOUR('',#6011);
#6180 = OVER_RIDING_STYLED_ITEM('overriding color',(#6181),#880,#5993);
#6181 = PRESENTATION_STYLE_ASSIGNMENT((#6182));
#6182 = SURFACE_STYLE_USAGE(.BOTH.,#6183);
#6183 = SURFACE_SIDE_STYLE('',(#6184));
#6184 = SURFACE_STYLE_FILL_AREA(#6185);
#6185 = FILL_AREA_STYLE('',(#6186));
#6186 = FILL_AREA_STYLE_COLOUR('',#6011);
#6187 = OVER_RIDING_STYLED_ITEM('overriding color',(#6188),#897,#5993);
#6188 = PRESENTATION_STYLE_ASSIGNMENT((#6189));
#6189 = SURFACE_STYLE_USAGE(.BOTH.,#6190);
#6190 = SURFACE_SIDE_STYLE('',(#6191));
#6191 = SURFACE_STYLE_FILL_AREA(#6192);
#6192 = FILL_AREA_STYLE('',(#6193));
#6193 = FILL_AREA_STYLE_COLOUR('',#6011);
#6194 = OVER_RIDING_STYLED_ITEM('overriding color',(#6195),#909,#5993);
#6195 = PRESENTATION_STYLE_ASSIGNMENT((#6196));
#6196 = SURFACE_STYLE_USAGE(.BOTH.,#6197);
#6197 = SURFACE_SIDE_STYLE('',(#6198));
#6198 = SURFACE_STYLE_FILL_AREA(#6199);
#6199 = FILL_AREA_STYLE('',(#6200));
#6200 = FILL_AREA_STYLE_COLOUR('',#6011);
#6201 = OVER_RIDING_STYLED_ITEM('overriding color',(#6202),#942,#5993);
#6202 = PRESENTATION_STYLE_ASSIGNMENT((#6203));
#6203 = SURFACE_STYLE_USAGE(.BOTH.,#6204);
#6204 = SURFACE_SIDE_STYLE('',(#6205));
#6205 = SURFACE_STYLE_FILL_AREA(#6206);
#6206 = FILL_AREA_STYLE('',(#6207));
#6207 = FILL_AREA_STYLE_COLOUR('',#6011);
#6208 = OVER_RIDING_STYLED_ITEM('overriding color',(#6209),#1057,#5993);
#6209 = PRESENTATION_STYLE_ASSIGNMENT((#6210));
#6210 = SURFACE_STYLE_USAGE(.BOTH.,#6211);
#6211 = SURFACE_SIDE_STYLE('',(#6212));
#6212 = SURFACE_STYLE_FILL_AREA(#6213);
#6213 = FILL_AREA_STYLE('',(#6214));
#6214 = FILL_AREA_STYLE_COLOUR('',#6011);
#6215 = OVER_RIDING_STYLED_ITEM('overriding color',(#6216),#1104,#5993);
#6216 = PRESENTATION_STYLE_ASSIGNMENT((#6217));
#6217 = SURFACE_STYLE_USAGE(.BOTH.,#6218);
#6218 = SURFACE_SIDE_STYLE('',(#6219));
#6219 = SURFACE_STYLE_FILL_AREA(#6220);
#6220 = FILL_AREA_STYLE('',(#6221));
#6221 = FILL_AREA_STYLE_COLOUR('',#6011);
#6222 = OVER_RIDING_STYLED_ITEM('overriding color',(#6223),#1135,#5993);
#6223 = PRESENTATION_STYLE_ASSIGNMENT((#6224));
#6224 = SURFACE_STYLE_USAGE(.BOTH.,#6225);
#6225 = SURFACE_SIDE_STYLE('',(#6226));
#6226 = SURFACE_STYLE_FILL_AREA(#6227);
#6227 = FILL_AREA_STYLE('',(#6228));
#6228 = FILL_AREA_STYLE_COLOUR('',#6011);
#6229 = OVER_RIDING_STYLED_ITEM('overriding color',(#6230),#1200,#5993);
#6230 = PRESENTATION_STYLE_ASSIGNMENT((#6231));
#6231 = SURFACE_STYLE_USAGE(.BOTH.,#6232);
#6232 = SURFACE_SIDE_STYLE('',(#6233));
#6233 = SURFACE_STYLE_FILL_AREA(#6234);
#6234 = FILL_AREA_STYLE('',(#6235));
#6235 = FILL_AREA_STYLE_COLOUR('',#6011);
#6236 = OVER_RIDING_STYLED_ITEM('overriding color',(#6237),#1265,#5993);
#6237 = PRESENTATION_STYLE_ASSIGNMENT((#6238));
#6238 = SURFACE_STYLE_USAGE(.BOTH.,#6239);
#6239 = SURFACE_SIDE_STYLE('',(#6240));
#6240 = SURFACE_STYLE_FILL_AREA(#6241);
#6241 = FILL_AREA_STYLE('',(#6242));
#6242 = FILL_AREA_STYLE_COLOUR('',#6011);
#6243 = OVER_RIDING_STYLED_ITEM('overriding color',(#6244),#1289,#5993);
#6244 = PRESENTATION_STYLE_ASSIGNMENT((#6245));
#6245 = SURFACE_STYLE_USAGE(.BOTH.,#6246);
#6246 = SURFACE_SIDE_STYLE('',(#6247));
#6247 = SURFACE_STYLE_FILL_AREA(#6248);
#6248 = FILL_AREA_STYLE('',(#6249));
#6249 = FILL_AREA_STYLE_COLOUR('',#6011);
#6250 = OVER_RIDING_STYLED_ITEM('overriding color',(#6251),#1313,#5993);
#6251 = PRESENTATION_STYLE_ASSIGNMENT((#6252));
#6252 = SURFACE_STYLE_USAGE(.BOTH.,#6253);
#6253 = SURFACE_SIDE_STYLE('',(#6254));
#6254 = SURFACE_STYLE_FILL_AREA(#6255);
#6255 = FILL_AREA_STYLE('',(#6256));
#6256 = FILL_AREA_STYLE_COLOUR('',#6011);
#6257 = OVER_RIDING_STYLED_ITEM('overriding color',(#6258),#1330,#5993);
#6258 = PRESENTATION_STYLE_ASSIGNMENT((#6259));
#6259 = SURFACE_STYLE_USAGE(.BOTH.,#6260);
#6260 = SURFACE_SIDE_STYLE('',(#6261));
#6261 = SURFACE_STYLE_FILL_AREA(#6262);
#6262 = FILL_AREA_STYLE('',(#6263));
#6263 = FILL_AREA_STYLE_COLOUR('',#6011);
#6264 = OVER_RIDING_STYLED_ITEM('overriding color',(#6265),#1361,#5993);
#6265 = PRESENTATION_STYLE_ASSIGNMENT((#6266));
#6266 = SURFACE_STYLE_USAGE(.BOTH.,#6267);
#6267 = SURFACE_SIDE_STYLE('',(#6268));
#6268 = SURFACE_STYLE_FILL_AREA(#6269);
#6269 = FILL_AREA_STYLE('',(#6270));
#6270 = FILL_AREA_STYLE_COLOUR('',#6011);
#6271 = OVER_RIDING_STYLED_ITEM('overriding color',(#6272),#1394,#5993);
#6272 = PRESENTATION_STYLE_ASSIGNMENT((#6273));
#6273 = SURFACE_STYLE_USAGE(.BOTH.,#6274);
#6274 = SURFACE_SIDE_STYLE('',(#6275));
#6275 = SURFACE_STYLE_FILL_AREA(#6276);
#6276 = FILL_AREA_STYLE('',(#6277));
#6277 = FILL_AREA_STYLE_COLOUR('',#6011);
#6278 = OVER_RIDING_STYLED_ITEM('overriding color',(#6279),#1419,#5993);
#6279 = PRESENTATION_STYLE_ASSIGNMENT((#6280));
#6280 = SURFACE_STYLE_USAGE(.BOTH.,#6281);
#6281 = SURFACE_SIDE_STYLE('',(#6282));
#6282 = SURFACE_STYLE_FILL_AREA(#6283);
#6283 = FILL_AREA_STYLE('',(#6284));
#6284 = FILL_AREA_STYLE_COLOUR('',#6011);
#6285 = OVER_RIDING_STYLED_ITEM('overriding color',(#6286),#1444,#5993);
#6286 = PRESENTATION_STYLE_ASSIGNMENT((#6287));
#6287 = SURFACE_STYLE_USAGE(.BOTH.,#6288);
#6288 = SURFACE_SIDE_STYLE('',(#6289));
#6289 = SURFACE_STYLE_FILL_AREA(#6290);
#6290 = FILL_AREA_STYLE('',(#6291));
#6291 = FILL_AREA_STYLE_COLOUR('',#6011);
#6292 = OVER_RIDING_STYLED_ITEM('overriding color',(#6293),#1477,#5993);
#6293 = PRESENTATION_STYLE_ASSIGNMENT((#6294));
#6294 = SURFACE_STYLE_USAGE(.BOTH.,#6295);
#6295 = SURFACE_SIDE_STYLE('',(#6296));
#6296 = SURFACE_STYLE_FILL_AREA(#6297);
#6297 = FILL_AREA_STYLE('',(#6298));
#6298 = FILL_AREA_STYLE_COLOUR('',#6011);
#6299 = OVER_RIDING_STYLED_ITEM('overriding color',(#6300),#1494,#5993);
#6300 = PRESENTATION_STYLE_ASSIGNMENT((#6301));
#6301 = SURFACE_STYLE_USAGE(.BOTH.,#6302);
#6302 = SURFACE_SIDE_STYLE('',(#6303));
#6303 = SURFACE_STYLE_FILL_AREA(#6304);
#6304 = FILL_AREA_STYLE('',(#6305));
#6305 = FILL_AREA_STYLE_COLOUR('',#6011);
#6306 = OVER_RIDING_STYLED_ITEM('overriding color',(#6307),#1527,#5993);
#6307 = PRESENTATION_STYLE_ASSIGNMENT((#6308));
#6308 = SURFACE_STYLE_USAGE(.BOTH.,#6309);
#6309 = SURFACE_SIDE_STYLE('',(#6310));
#6310 = SURFACE_STYLE_FILL_AREA(#6311);
#6311 = FILL_AREA_STYLE('',(#6312));
#6312 = FILL_AREA_STYLE_COLOUR('',#6011);
#6313 = OVER_RIDING_STYLED_ITEM('overriding color',(#6314),#1560,#5993);
#6314 = PRESENTATION_STYLE_ASSIGNMENT((#6315));
#6315 = SURFACE_STYLE_USAGE(.BOTH.,#6316);
#6316 = SURFACE_SIDE_STYLE('',(#6317));
#6317 = SURFACE_STYLE_FILL_AREA(#6318);
#6318 = FILL_AREA_STYLE('',(#6319));
#6319 = FILL_AREA_STYLE_COLOUR('',#6011);
#6320 = OVER_RIDING_STYLED_ITEM('overriding color',(#6321),#1577,#5993);
#6321 = PRESENTATION_STYLE_ASSIGNMENT((#6322));
#6322 = SURFACE_STYLE_USAGE(.BOTH.,#6323);
#6323 = SURFACE_SIDE_STYLE('',(#6324));
#6324 = SURFACE_STYLE_FILL_AREA(#6325);
#6325 = FILL_AREA_STYLE('',(#6326));
#6326 = FILL_AREA_STYLE_COLOUR('',#6011);
#6327 = OVER_RIDING_STYLED_ITEM('overriding color',(#6328),#1594,#5993);
#6328 = PRESENTATION_STYLE_ASSIGNMENT((#6329));
#6329 = SURFACE_STYLE_USAGE(.BOTH.,#6330);
#6330 = SURFACE_SIDE_STYLE('',(#6331));
#6331 = SURFACE_STYLE_FILL_AREA(#6332);
#6332 = FILL_AREA_STYLE('',(#6333));
#6333 = FILL_AREA_STYLE_COLOUR('',#6011);
#6334 = OVER_RIDING_STYLED_ITEM('overriding color',(#6335),#1618,#5993);
#6335 = PRESENTATION_STYLE_ASSIGNMENT((#6336));
#6336 = SURFACE_STYLE_USAGE(.BOTH.,#6337);
#6337 = SURFACE_SIDE_STYLE('',(#6338));
#6338 = SURFACE_STYLE_FILL_AREA(#6339);
#6339 = FILL_AREA_STYLE('',(#6340));
#6340 = FILL_AREA_STYLE_COLOUR('',#6011);
#6341 = OVER_RIDING_STYLED_ITEM('overriding color',(#6342),#1642,#5993);
#6342 = PRESENTATION_STYLE_ASSIGNMENT((#6343));
#6343 = SURFACE_STYLE_USAGE(.BOTH.,#6344);
#6344 = SURFACE_SIDE_STYLE('',(#6345));
#6345 = SURFACE_STYLE_FILL_AREA(#6346);
#6346 = FILL_AREA_STYLE('',(#6347));
#6347 = FILL_AREA_STYLE_COLOUR('',#6011);
#6348 = OVER_RIDING_STYLED_ITEM('overriding color',(#6349),#1673,#5993);
#6349 = PRESENTATION_STYLE_ASSIGNMENT((#6350));
#6350 = SURFACE_STYLE_USAGE(.BOTH.,#6351);
#6351 = SURFACE_SIDE_STYLE('',(#6352));
#6352 = SURFACE_STYLE_FILL_AREA(#6353);
#6353 = FILL_AREA_STYLE('',(#6354));
#6354 = FILL_AREA_STYLE_COLOUR('',#6011);
#6355 = OVER_RIDING_STYLED_ITEM('overriding color',(#6356),#1697,#5993);
#6356 = PRESENTATION_STYLE_ASSIGNMENT((#6357));
#6357 = SURFACE_STYLE_USAGE(.BOTH.,#6358);
#6358 = SURFACE_SIDE_STYLE('',(#6359));
#6359 = SURFACE_STYLE_FILL_AREA(#6360);
#6360 = FILL_AREA_STYLE('',(#6361));
#6361 = FILL_AREA_STYLE_COLOUR('',#6011);
#6362 = OVER_RIDING_STYLED_ITEM('overriding color',(#6363),#1728,#5993);
#6363 = PRESENTATION_STYLE_ASSIGNMENT((#6364));
#6364 = SURFACE_STYLE_USAGE(.BOTH.,#6365);
#6365 = SURFACE_SIDE_STYLE('',(#6366));
#6366 = SURFACE_STYLE_FILL_AREA(#6367);
#6367 = FILL_AREA_STYLE('',(#6368));
#6368 = FILL_AREA_STYLE_COLOUR('',#6011);
#6369 = OVER_RIDING_STYLED_ITEM('overriding color',(#6370),#1759,#5993);
#6370 = PRESENTATION_STYLE_ASSIGNMENT((#6371));
#6371 = SURFACE_STYLE_USAGE(.BOTH.,#6372);
#6372 = SURFACE_SIDE_STYLE('',(#6373));
#6373 = SURFACE_STYLE_FILL_AREA(#6374);
#6374 = FILL_AREA_STYLE('',(#6375));
#6375 = FILL_AREA_STYLE_COLOUR('',#6011);
#6376 = OVER_RIDING_STYLED_ITEM('overriding color',(#6377),#1790,#5993);
#6377 = PRESENTATION_STYLE_ASSIGNMENT((#6378));
#6378 = SURFACE_STYLE_USAGE(.BOTH.,#6379);
#6379 = SURFACE_SIDE_STYLE('',(#6380));
#6380 = SURFACE_STYLE_FILL_AREA(#6381);
#6381 = FILL_AREA_STYLE('',(#6382));
#6382 = FILL_AREA_STYLE_COLOUR('',#6011);
#6383 = OVER_RIDING_STYLED_ITEM('overriding color',(#6384),#1814,#5993);
#6384 = PRESENTATION_STYLE_ASSIGNMENT((#6385));
#6385 = SURFACE_STYLE_USAGE(.BOTH.,#6386);
#6386 = SURFACE_SIDE_STYLE('',(#6387));
#6387 = SURFACE_STYLE_FILL_AREA(#6388);
#6388 = FILL_AREA_STYLE('',(#6389));
#6389 = FILL_AREA_STYLE_COLOUR('',#6011);
#6390 = OVER_RIDING_STYLED_ITEM('overriding color',(#6391),#1838,#5993);
#6391 = PRESENTATION_STYLE_ASSIGNMENT((#6392));
#6392 = SURFACE_STYLE_USAGE(.BOTH.,#6393);
#6393 = SURFACE_SIDE_STYLE('',(#6394));
#6394 = SURFACE_STYLE_FILL_AREA(#6395);
#6395 = FILL_AREA_STYLE('',(#6396));
#6396 = FILL_AREA_STYLE_COLOUR('',#6011);
#6397 = OVER_RIDING_STYLED_ITEM('overriding color',(#6398),#1855,#5993);
#6398 = PRESENTATION_STYLE_ASSIGNMENT((#6399));
#6399 = SURFACE_STYLE_USAGE(.BOTH.,#6400);
#6400 = SURFACE_SIDE_STYLE('',(#6401));
#6401 = SURFACE_STYLE_FILL_AREA(#6402);
#6402 = FILL_AREA_STYLE('',(#6403));
#6403 = FILL_AREA_STYLE_COLOUR('',#6011);
#6404 = OVER_RIDING_STYLED_ITEM('overriding color',(#6405),#1886,#5993);
#6405 = PRESENTATION_STYLE_ASSIGNMENT((#6406));
#6406 = SURFACE_STYLE_USAGE(.BOTH.,#6407);
#6407 = SURFACE_SIDE_STYLE('',(#6408));
#6408 = SURFACE_STYLE_FILL_AREA(#6409);
#6409 = FILL_AREA_STYLE('',(#6410));
#6410 = FILL_AREA_STYLE_COLOUR('',#6011);
#6411 = OVER_RIDING_STYLED_ITEM('overriding color',(#6412),#1910,#5993);
#6412 = PRESENTATION_STYLE_ASSIGNMENT((#6413));
#6413 = SURFACE_STYLE_USAGE(.BOTH.,#6414);
#6414 = SURFACE_SIDE_STYLE('',(#6415));
#6415 = SURFACE_STYLE_FILL_AREA(#6416);
#6416 = FILL_AREA_STYLE('',(#6417));
#6417 = FILL_AREA_STYLE_COLOUR('',#6011);
#6418 = OVER_RIDING_STYLED_ITEM('overriding color',(#6419),#1934,#5993);
#6419 = PRESENTATION_STYLE_ASSIGNMENT((#6420));
#6420 = SURFACE_STYLE_USAGE(.BOTH.,#6421);
#6421 = SURFACE_SIDE_STYLE('',(#6422));
#6422 = SURFACE_STYLE_FILL_AREA(#6423);
#6423 = FILL_AREA_STYLE('',(#6424));
#6424 = FILL_AREA_STYLE_COLOUR('',#6011);
#6425 = OVER_RIDING_STYLED_ITEM('overriding color',(#6426),#1951,#5993);
#6426 = PRESENTATION_STYLE_ASSIGNMENT((#6427));
#6427 = SURFACE_STYLE_USAGE(.BOTH.,#6428);
#6428 = SURFACE_SIDE_STYLE('',(#6429));
#6429 = SURFACE_STYLE_FILL_AREA(#6430);
#6430 = FILL_AREA_STYLE('',(#6431));
#6431 = FILL_AREA_STYLE_COLOUR('',#6011);
#6432 = OVER_RIDING_STYLED_ITEM('overriding color',(#6433),#1975,#5993);
#6433 = PRESENTATION_STYLE_ASSIGNMENT((#6434));
#6434 = SURFACE_STYLE_USAGE(.BOTH.,#6435);
#6435 = SURFACE_SIDE_STYLE('',(#6436));
#6436 = SURFACE_STYLE_FILL_AREA(#6437);
#6437 = FILL_AREA_STYLE('',(#6438));
#6438 = FILL_AREA_STYLE_COLOUR('',#6011);
#6439 = OVER_RIDING_STYLED_ITEM('overriding color',(#6440),#2006,#5993);
#6440 = PRESENTATION_STYLE_ASSIGNMENT((#6441));
#6441 = SURFACE_STYLE_USAGE(.BOTH.,#6442);
#6442 = SURFACE_SIDE_STYLE('',(#6443));
#6443 = SURFACE_STYLE_FILL_AREA(#6444);
#6444 = FILL_AREA_STYLE('',(#6445));
#6445 = FILL_AREA_STYLE_COLOUR('',#6011);
#6446 = OVER_RIDING_STYLED_ITEM('overriding color',(#6447),#2037,#5993);
#6447 = PRESENTATION_STYLE_ASSIGNMENT((#6448));
#6448 = SURFACE_STYLE_USAGE(.BOTH.,#6449);
#6449 = SURFACE_SIDE_STYLE('',(#6450));
#6450 = SURFACE_STYLE_FILL_AREA(#6451);
#6451 = FILL_AREA_STYLE('',(#6452));
#6452 = FILL_AREA_STYLE_COLOUR('',#6011);
#6453 = OVER_RIDING_STYLED_ITEM('overriding color',(#6454),#2068,#5993);
#6454 = PRESENTATION_STYLE_ASSIGNMENT((#6455));
#6455 = SURFACE_STYLE_USAGE(.BOTH.,#6456);
#6456 = SURFACE_SIDE_STYLE('',(#6457));
#6457 = SURFACE_STYLE_FILL_AREA(#6458);
#6458 = FILL_AREA_STYLE('',(#6459));
#6459 = FILL_AREA_STYLE_COLOUR('',#6011);
#6460 = OVER_RIDING_STYLED_ITEM('overriding color',(#6461),#2092,#5993);
#6461 = PRESENTATION_STYLE_ASSIGNMENT((#6462));
#6462 = SURFACE_STYLE_USAGE(.BOTH.,#6463);
#6463 = SURFACE_SIDE_STYLE('',(#6464));
#6464 = SURFACE_STYLE_FILL_AREA(#6465);
#6465 = FILL_AREA_STYLE('',(#6466));
#6466 = FILL_AREA_STYLE_COLOUR('',#6011);
#6467 = OVER_RIDING_STYLED_ITEM('overriding color',(#6468),#2116,#5993);
#6468 = PRESENTATION_STYLE_ASSIGNMENT((#6469));
#6469 = SURFACE_STYLE_USAGE(.BOTH.,#6470);
#6470 = SURFACE_SIDE_STYLE('',(#6471));
#6471 = SURFACE_STYLE_FILL_AREA(#6472);
#6472 = FILL_AREA_STYLE('',(#6473));
#6473 = FILL_AREA_STYLE_COLOUR('',#6011);
#6474 = OVER_RIDING_STYLED_ITEM('overriding color',(#6475),#2181,#5993);
#6475 = PRESENTATION_STYLE_ASSIGNMENT((#6476));
#6476 = SURFACE_STYLE_USAGE(.BOTH.,#6477);
#6477 = SURFACE_SIDE_STYLE('',(#6478));
#6478 = SURFACE_STYLE_FILL_AREA(#6479);
#6479 = FILL_AREA_STYLE('',(#6480));
#6480 = FILL_AREA_STYLE_COLOUR('',#6011);
#6481 = OVER_RIDING_STYLED_ITEM('overriding color',(#6482),#2203,#5993);
#6482 = PRESENTATION_STYLE_ASSIGNMENT((#6483));
#6483 = SURFACE_STYLE_USAGE(.BOTH.,#6484);
#6484 = SURFACE_SIDE_STYLE('',(#6485));
#6485 = SURFACE_STYLE_FILL_AREA(#6486);
#6486 = FILL_AREA_STYLE('',(#6487));
#6487 = FILL_AREA_STYLE_COLOUR('',#6011);
#6488 = OVER_RIDING_STYLED_ITEM('overriding color',(#6489),#2220,#5993);
#6489 = PRESENTATION_STYLE_ASSIGNMENT((#6490));
#6490 = SURFACE_STYLE_USAGE(.BOTH.,#6491);
#6491 = SURFACE_SIDE_STYLE('',(#6492));
#6492 = SURFACE_STYLE_FILL_AREA(#6493);
#6493 = FILL_AREA_STYLE('',(#6494));
#6494 = FILL_AREA_STYLE_COLOUR('',#6011);
#6495 = OVER_RIDING_STYLED_ITEM('overriding color',(#6496),#2267,#5993);
#6496 = PRESENTATION_STYLE_ASSIGNMENT((#6497));
#6497 = SURFACE_STYLE_USAGE(.BOTH.,#6498);
#6498 = SURFACE_SIDE_STYLE('',(#6499));
#6499 = SURFACE_STYLE_FILL_AREA(#6500);
#6500 = FILL_AREA_STYLE('',(#6501));
#6501 = FILL_AREA_STYLE_COLOUR('',#6011);
#6502 = OVER_RIDING_STYLED_ITEM('overriding color',(#6503),#2289,#5993);
#6503 = PRESENTATION_STYLE_ASSIGNMENT((#6504));
#6504 = SURFACE_STYLE_USAGE(.BOTH.,#6505);
#6505 = SURFACE_SIDE_STYLE('',(#6506));
#6506 = SURFACE_STYLE_FILL_AREA(#6507);
#6507 = FILL_AREA_STYLE('',(#6508));
#6508 = FILL_AREA_STYLE_COLOUR('',#6011);
#6509 = OVER_RIDING_STYLED_ITEM('overriding color',(#6510),#2306,#5993);
#6510 = PRESENTATION_STYLE_ASSIGNMENT((#6511));
#6511 = SURFACE_STYLE_USAGE(.BOTH.,#6512);
#6512 = SURFACE_SIDE_STYLE('',(#6513));
#6513 = SURFACE_STYLE_FILL_AREA(#6514);
#6514 = FILL_AREA_STYLE('',(#6515));
#6515 = FILL_AREA_STYLE_COLOUR('',#6011);
#6516 = OVER_RIDING_STYLED_ITEM('overriding color',(#6517),#2330,#5993);
#6517 = PRESENTATION_STYLE_ASSIGNMENT((#6518));
#6518 = SURFACE_STYLE_USAGE(.BOTH.,#6519);
#6519 = SURFACE_SIDE_STYLE('',(#6520));
#6520 = SURFACE_STYLE_FILL_AREA(#6521);
#6521 = FILL_AREA_STYLE('',(#6522));
#6522 = FILL_AREA_STYLE_COLOUR('',#6011);
#6523 = OVER_RIDING_STYLED_ITEM('overriding color',(#6524),#2377,#5993);
#6524 = PRESENTATION_STYLE_ASSIGNMENT((#6525));
#6525 = SURFACE_STYLE_USAGE(.BOTH.,#6526);
#6526 = SURFACE_SIDE_STYLE('',(#6527));
#6527 = SURFACE_STYLE_FILL_AREA(#6528);
#6528 = FILL_AREA_STYLE('',(#6529));
#6529 = FILL_AREA_STYLE_COLOUR('',#6011);
#6530 = OVER_RIDING_STYLED_ITEM('overriding color',(#6531),#2401,#5993);
#6531 = PRESENTATION_STYLE_ASSIGNMENT((#6532));
#6532 = SURFACE_STYLE_USAGE(.BOTH.,#6533);
#6533 = SURFACE_SIDE_STYLE('',(#6534));
#6534 = SURFACE_STYLE_FILL_AREA(#6535);
#6535 = FILL_AREA_STYLE('',(#6536));
#6536 = FILL_AREA_STYLE_COLOUR('',#6011);
#6537 = OVER_RIDING_STYLED_ITEM('overriding color',(#6538),#2413,#5993);
#6538 = PRESENTATION_STYLE_ASSIGNMENT((#6539));
#6539 = SURFACE_STYLE_USAGE(.BOTH.,#6540);
#6540 = SURFACE_SIDE_STYLE('',(#6541));
#6541 = SURFACE_STYLE_FILL_AREA(#6542);
#6542 = FILL_AREA_STYLE('',(#6543));
#6543 = FILL_AREA_STYLE_COLOUR('',#6011);
#6544 = OVER_RIDING_STYLED_ITEM('overriding color',(#6545),#2430,#5993);
#6545 = PRESENTATION_STYLE_ASSIGNMENT((#6546));
#6546 = SURFACE_STYLE_USAGE(.BOTH.,#6547);
#6547 = SURFACE_SIDE_STYLE('',(#6548));
#6548 = SURFACE_STYLE_FILL_AREA(#6549);
#6549 = FILL_AREA_STYLE('',(#6550));
#6550 = FILL_AREA_STYLE_COLOUR('',#6011);
#6551 = OVER_RIDING_STYLED_ITEM('overriding color',(#6552),#2447,#5993);
#6552 = PRESENTATION_STYLE_ASSIGNMENT((#6553));
#6553 = SURFACE_STYLE_USAGE(.BOTH.,#6554);
#6554 = SURFACE_SIDE_STYLE('',(#6555));
#6555 = SURFACE_STYLE_FILL_AREA(#6556);
#6556 = FILL_AREA_STYLE('',(#6557));
#6557 = FILL_AREA_STYLE_COLOUR('',#6011);
#6558 = OVER_RIDING_STYLED_ITEM('overriding color',(#6559),#2464,#5993);
#6559 = PRESENTATION_STYLE_ASSIGNMENT((#6560));
#6560 = SURFACE_STYLE_USAGE(.BOTH.,#6561);
#6561 = SURFACE_SIDE_STYLE('',(#6562));
#6562 = SURFACE_STYLE_FILL_AREA(#6563);
#6563 = FILL_AREA_STYLE('',(#6564));
#6564 = FILL_AREA_STYLE_COLOUR('',#6011);
#6565 = OVER_RIDING_STYLED_ITEM('overriding color',(#6566),#2488,#5993);
#6566 = PRESENTATION_STYLE_ASSIGNMENT((#6567));
#6567 = SURFACE_STYLE_USAGE(.BOTH.,#6568);
#6568 = SURFACE_SIDE_STYLE('',(#6569));
#6569 = SURFACE_STYLE_FILL_AREA(#6570);
#6570 = FILL_AREA_STYLE('',(#6571));
#6571 = FILL_AREA_STYLE_COLOUR('',#6011);
#6572 = OVER_RIDING_STYLED_ITEM('overriding color',(#6573),#2512,#5993);
#6573 = PRESENTATION_STYLE_ASSIGNMENT((#6574));
#6574 = SURFACE_STYLE_USAGE(.BOTH.,#6575);
#6575 = SURFACE_SIDE_STYLE('',(#6576));
#6576 = SURFACE_STYLE_FILL_AREA(#6577);
#6577 = FILL_AREA_STYLE('',(#6578));
#6578 = FILL_AREA_STYLE_COLOUR('',#6011);
#6579 = OVER_RIDING_STYLED_ITEM('overriding color',(#6580),#2548,#5993);
#6580 = PRESENTATION_STYLE_ASSIGNMENT((#6581));
#6581 = SURFACE_STYLE_USAGE(.BOTH.,#6582);
#6582 = SURFACE_SIDE_STYLE('',(#6583));
#6583 = SURFACE_STYLE_FILL_AREA(#6584);
#6584 = FILL_AREA_STYLE('',(#6585));
#6585 = FILL_AREA_STYLE_COLOUR('',#6011);
#6586 = OVER_RIDING_STYLED_ITEM('overriding color',(#6587),#2572,#5993);
#6587 = PRESENTATION_STYLE_ASSIGNMENT((#6588));
#6588 = SURFACE_STYLE_USAGE(.BOTH.,#6589);
#6589 = SURFACE_SIDE_STYLE('',(#6590));
#6590 = SURFACE_STYLE_FILL_AREA(#6591);
#6591 = FILL_AREA_STYLE('',(#6592));
#6592 = FILL_AREA_STYLE_COLOUR('',#6011);
#6593 = OVER_RIDING_STYLED_ITEM('overriding color',(#6594),#2596,#5993);
#6594 = PRESENTATION_STYLE_ASSIGNMENT((#6595));
#6595 = SURFACE_STYLE_USAGE(.BOTH.,#6596);
#6596 = SURFACE_SIDE_STYLE('',(#6597));
#6597 = SURFACE_STYLE_FILL_AREA(#6598);
#6598 = FILL_AREA_STYLE('',(#6599));
#6599 = FILL_AREA_STYLE_COLOUR('',#6011);
#6600 = OVER_RIDING_STYLED_ITEM('overriding color',(#6601),#2627,#5993);
#6601 = PRESENTATION_STYLE_ASSIGNMENT((#6602));
#6602 = SURFACE_STYLE_USAGE(.BOTH.,#6603);
#6603 = SURFACE_SIDE_STYLE('',(#6604));
#6604 = SURFACE_STYLE_FILL_AREA(#6605);
#6605 = FILL_AREA_STYLE('',(#6606));
#6606 = FILL_AREA_STYLE_COLOUR('',#6011);
#6607 = OVER_RIDING_STYLED_ITEM('overriding color',(#6608),#2651,#5993);
#6608 = PRESENTATION_STYLE_ASSIGNMENT((#6609));
#6609 = SURFACE_STYLE_USAGE(.BOTH.,#6610);
#6610 = SURFACE_SIDE_STYLE('',(#6611));
#6611 = SURFACE_STYLE_FILL_AREA(#6612);
#6612 = FILL_AREA_STYLE('',(#6613));
#6613 = FILL_AREA_STYLE_COLOUR('',#6011);
#6614 = OVER_RIDING_STYLED_ITEM('overriding color',(#6615),#2675,#5993);
#6615 = PRESENTATION_STYLE_ASSIGNMENT((#6616));
#6616 = SURFACE_STYLE_USAGE(.BOTH.,#6617);
#6617 = SURFACE_SIDE_STYLE('',(#6618));
#6618 = SURFACE_STYLE_FILL_AREA(#6619);
#6619 = FILL_AREA_STYLE('',(#6620));
#6620 = FILL_AREA_STYLE_COLOUR('',#6011);
#6621 = OVER_RIDING_STYLED_ITEM('overriding color',(#6622),#2706,#5993);
#6622 = PRESENTATION_STYLE_ASSIGNMENT((#6623));
#6623 = SURFACE_STYLE_USAGE(.BOTH.,#6624);
#6624 = SURFACE_SIDE_STYLE('',(#6625));
#6625 = SURFACE_STYLE_FILL_AREA(#6626);
#6626 = FILL_AREA_STYLE('',(#6627));
#6627 = FILL_AREA_STYLE_COLOUR('',#6011);
#6628 = OVER_RIDING_STYLED_ITEM('overriding color',(#6629),#2730,#5993);
#6629 = PRESENTATION_STYLE_ASSIGNMENT((#6630));
#6630 = SURFACE_STYLE_USAGE(.BOTH.,#6631);
#6631 = SURFACE_SIDE_STYLE('',(#6632));
#6632 = SURFACE_STYLE_FILL_AREA(#6633);
#6633 = FILL_AREA_STYLE('',(#6634));
#6634 = FILL_AREA_STYLE_COLOUR('',#6011);
#6635 = OVER_RIDING_STYLED_ITEM('overriding color',(#6636),#2754,#5993);
#6636 = PRESENTATION_STYLE_ASSIGNMENT((#6637));
#6637 = SURFACE_STYLE_USAGE(.BOTH.,#6638);
#6638 = SURFACE_SIDE_STYLE('',(#6639));
#6639 = SURFACE_STYLE_FILL_AREA(#6640);
#6640 = FILL_AREA_STYLE('',(#6641));
#6641 = FILL_AREA_STYLE_COLOUR('',#6011);
#6642 = OVER_RIDING_STYLED_ITEM('overriding color',(#6643),#2785,#5993);
#6643 = PRESENTATION_STYLE_ASSIGNMENT((#6644));
#6644 = SURFACE_STYLE_USAGE(.BOTH.,#6645);
#6645 = SURFACE_SIDE_STYLE('',(#6646));
#6646 = SURFACE_STYLE_FILL_AREA(#6647);
#6647 = FILL_AREA_STYLE('',(#6648));
#6648 = FILL_AREA_STYLE_COLOUR('',#6011);
#6649 = OVER_RIDING_STYLED_ITEM('overriding color',(#6650),#2809,#5993);
#6650 = PRESENTATION_STYLE_ASSIGNMENT((#6651));
#6651 = SURFACE_STYLE_USAGE(.BOTH.,#6652);
#6652 = SURFACE_SIDE_STYLE('',(#6653));
#6653 = SURFACE_STYLE_FILL_AREA(#6654);
#6654 = FILL_AREA_STYLE('',(#6655));
#6655 = FILL_AREA_STYLE_COLOUR('',#6011);
#6656 = OVER_RIDING_STYLED_ITEM('overriding color',(#6657),#2840,#5993);
#6657 = PRESENTATION_STYLE_ASSIGNMENT((#6658));
#6658 = SURFACE_STYLE_USAGE(.BOTH.,#6659);
#6659 = SURFACE_SIDE_STYLE('',(#6660));
#6660 = SURFACE_STYLE_FILL_AREA(#6661);
#6661 = FILL_AREA_STYLE('',(#6662));
#6662 = FILL_AREA_STYLE_COLOUR('',#6011);
#6663 = OVER_RIDING_STYLED_ITEM('overriding color',(#6664),#2857,#5993);
#6664 = PRESENTATION_STYLE_ASSIGNMENT((#6665));
#6665 = SURFACE_STYLE_USAGE(.BOTH.,#6666);
#6666 = SURFACE_SIDE_STYLE('',(#6667));
#6667 = SURFACE_STYLE_FILL_AREA(#6668);
#6668 = FILL_AREA_STYLE('',(#6669));
#6669 = FILL_AREA_STYLE_COLOUR('',#6011);
#6670 = OVER_RIDING_STYLED_ITEM('overriding color',(#6671),#2888,#5993);
#6671 = PRESENTATION_STYLE_ASSIGNMENT((#6672));
#6672 = SURFACE_STYLE_USAGE(.BOTH.,#6673);
#6673 = SURFACE_SIDE_STYLE('',(#6674));
#6674 = SURFACE_STYLE_FILL_AREA(#6675);
#6675 = FILL_AREA_STYLE('',(#6676));
#6676 = FILL_AREA_STYLE_COLOUR('',#6011);
#6677 = OVER_RIDING_STYLED_ITEM('overriding color',(#6678),#2919,#5993);
#6678 = PRESENTATION_STYLE_ASSIGNMENT((#6679));
#6679 = SURFACE_STYLE_USAGE(.BOTH.,#6680);
#6680 = SURFACE_SIDE_STYLE('',(#6681));
#6681 = SURFACE_STYLE_FILL_AREA(#6682);
#6682 = FILL_AREA_STYLE('',(#6683));
#6683 = FILL_AREA_STYLE_COLOUR('',#6011);
#6684 = OVER_RIDING_STYLED_ITEM('overriding color',(#6685),#2943,#5993);
#6685 = PRESENTATION_STYLE_ASSIGNMENT((#6686));
#6686 = SURFACE_STYLE_USAGE(.BOTH.,#6687);
#6687 = SURFACE_SIDE_STYLE('',(#6688));
#6688 = SURFACE_STYLE_FILL_AREA(#6689);
#6689 = FILL_AREA_STYLE('',(#6690));
#6690 = FILL_AREA_STYLE_COLOUR('',#6011);
#6691 = OVER_RIDING_STYLED_ITEM('overriding color',(#6692),#2974,#5993);
#6692 = PRESENTATION_STYLE_ASSIGNMENT((#6693));
#6693 = SURFACE_STYLE_USAGE(.BOTH.,#6694);
#6694 = SURFACE_SIDE_STYLE('',(#6695));
#6695 = SURFACE_STYLE_FILL_AREA(#6696);
#6696 = FILL_AREA_STYLE('',(#6697));
#6697 = FILL_AREA_STYLE_COLOUR('',#6011);
#6698 = OVER_RIDING_STYLED_ITEM('overriding color',(#6699),#2999,#5993);
#6699 = PRESENTATION_STYLE_ASSIGNMENT((#6700));
#6700 = SURFACE_STYLE_USAGE(.BOTH.,#6701);
#6701 = SURFACE_SIDE_STYLE('',(#6702));
#6702 = SURFACE_STYLE_FILL_AREA(#6703);
#6703 = FILL_AREA_STYLE('',(#6704));
#6704 = FILL_AREA_STYLE_COLOUR('',#6011);
#6705 = OVER_RIDING_STYLED_ITEM('overriding color',(#6706),#3046,#5993);
#6706 = PRESENTATION_STYLE_ASSIGNMENT((#6707));
#6707 = SURFACE_STYLE_USAGE(.BOTH.,#6708);
#6708 = SURFACE_SIDE_STYLE('',(#6709));
#6709 = SURFACE_STYLE_FILL_AREA(#6710);
#6710 = FILL_AREA_STYLE('',(#6711));
#6711 = FILL_AREA_STYLE_COLOUR('',#6011);
#6712 = OVER_RIDING_STYLED_ITEM('overriding color',(#6713),#3078,#5993);
#6713 = PRESENTATION_STYLE_ASSIGNMENT((#6714));
#6714 = SURFACE_STYLE_USAGE(.BOTH.,#6715);
#6715 = SURFACE_SIDE_STYLE('',(#6716));
#6716 = SURFACE_STYLE_FILL_AREA(#6717);
#6717 = FILL_AREA_STYLE('',(#6718));
#6718 = FILL_AREA_STYLE_COLOUR('',#6011);
#6719 = OVER_RIDING_STYLED_ITEM('overriding color',(#6720),#3102,#5993);
#6720 = PRESENTATION_STYLE_ASSIGNMENT((#6721));
#6721 = SURFACE_STYLE_USAGE(.BOTH.,#6722);
#6722 = SURFACE_SIDE_STYLE('',(#6723));
#6723 = SURFACE_STYLE_FILL_AREA(#6724);
#6724 = FILL_AREA_STYLE('',(#6725));
#6725 = FILL_AREA_STYLE_COLOUR('',#6011);
#6726 = OVER_RIDING_STYLED_ITEM('overriding color',(#6727),#3126,#5993);
#6727 = PRESENTATION_STYLE_ASSIGNMENT((#6728));
#6728 = SURFACE_STYLE_USAGE(.BOTH.,#6729);
#6729 = SURFACE_SIDE_STYLE('',(#6730));
#6730 = SURFACE_STYLE_FILL_AREA(#6731);
#6731 = FILL_AREA_STYLE('',(#6732));
#6732 = FILL_AREA_STYLE_COLOUR('',#6011);
#6733 = OVER_RIDING_STYLED_ITEM('overriding color',(#6734),#3143,#5993);
#6734 = PRESENTATION_STYLE_ASSIGNMENT((#6735));
#6735 = SURFACE_STYLE_USAGE(.BOTH.,#6736);
#6736 = SURFACE_SIDE_STYLE('',(#6737));
#6737 = SURFACE_STYLE_FILL_AREA(#6738);
#6738 = FILL_AREA_STYLE('',(#6739));
#6739 = FILL_AREA_STYLE_COLOUR('',#6011);
#6740 = OVER_RIDING_STYLED_ITEM('overriding color',(#6741),#3165,#5993);
#6741 = PRESENTATION_STYLE_ASSIGNMENT((#6742));
#6742 = SURFACE_STYLE_USAGE(.BOTH.,#6743);
#6743 = SURFACE_SIDE_STYLE('',(#6744));
#6744 = SURFACE_STYLE_FILL_AREA(#6745);
#6745 = FILL_AREA_STYLE('',(#6746));
#6746 = FILL_AREA_STYLE_COLOUR('',#6011);
#6747 = OVER_RIDING_STYLED_ITEM('overriding color',(#6748),#3177,#5993);
#6748 = PRESENTATION_STYLE_ASSIGNMENT((#6749));
#6749 = SURFACE_STYLE_USAGE(.BOTH.,#6750);
#6750 = SURFACE_SIDE_STYLE('',(#6751));
#6751 = SURFACE_STYLE_FILL_AREA(#6752);
#6752 = FILL_AREA_STYLE('',(#6753));
#6753 = FILL_AREA_STYLE_COLOUR('',#6011);
#6754 = OVER_RIDING_STYLED_ITEM('overriding color',(#6755),#3194,#5993);
#6755 = PRESENTATION_STYLE_ASSIGNMENT((#6756));
#6756 = SURFACE_STYLE_USAGE(.BOTH.,#6757);
#6757 = SURFACE_SIDE_STYLE('',(#6758));
#6758 = SURFACE_STYLE_FILL_AREA(#6759);
#6759 = FILL_AREA_STYLE('',(#6760));
#6760 = FILL_AREA_STYLE_COLOUR('',#6011);
#6761 = OVER_RIDING_STYLED_ITEM('overriding color',(#6762),#3206,#5993);
#6762 = PRESENTATION_STYLE_ASSIGNMENT((#6763));
#6763 = SURFACE_STYLE_USAGE(.BOTH.,#6764);
#6764 = SURFACE_SIDE_STYLE('',(#6765));
#6765 = SURFACE_STYLE_FILL_AREA(#6766);
#6766 = FILL_AREA_STYLE('',(#6767));
#6767 = FILL_AREA_STYLE_COLOUR('',#6011);
#6768 = OVER_RIDING_STYLED_ITEM('overriding color',(#6769),#3218,#5993);
#6769 = PRESENTATION_STYLE_ASSIGNMENT((#6770));
#6770 = SURFACE_STYLE_USAGE(.BOTH.,#6771);
#6771 = SURFACE_SIDE_STYLE('',(#6772));
#6772 = SURFACE_STYLE_FILL_AREA(#6773);
#6773 = FILL_AREA_STYLE('',(#6774));
#6774 = FILL_AREA_STYLE_COLOUR('',#6011);
#6775 = OVER_RIDING_STYLED_ITEM('overriding color',(#6776),#3235,#5993);
#6776 = PRESENTATION_STYLE_ASSIGNMENT((#6777));
#6777 = SURFACE_STYLE_USAGE(.BOTH.,#6778);
#6778 = SURFACE_SIDE_STYLE('',(#6779));
#6779 = SURFACE_STYLE_FILL_AREA(#6780);
#6780 = FILL_AREA_STYLE('',(#6781));
#6781 = FILL_AREA_STYLE_COLOUR('',#6011);
#6782 = OVER_RIDING_STYLED_ITEM('overriding color',(#6783),#3252,#5993);
#6783 = PRESENTATION_STYLE_ASSIGNMENT((#6784));
#6784 = SURFACE_STYLE_USAGE(.BOTH.,#6785);
#6785 = SURFACE_SIDE_STYLE('',(#6786));
#6786 = SURFACE_STYLE_FILL_AREA(#6787);
#6787 = FILL_AREA_STYLE('',(#6788));
#6788 = FILL_AREA_STYLE_COLOUR('',#6011);
#6789 = OVER_RIDING_STYLED_ITEM('overriding color',(#6790),#3292,#5993);
#6790 = PRESENTATION_STYLE_ASSIGNMENT((#6791));
#6791 = SURFACE_STYLE_USAGE(.BOTH.,#6792);
#6792 = SURFACE_SIDE_STYLE('',(#6793));
#6793 = SURFACE_STYLE_FILL_AREA(#6794);
#6794 = FILL_AREA_STYLE('',(#6795));
#6795 = FILL_AREA_STYLE_COLOUR('',#6011);
#6796 = OVER_RIDING_STYLED_ITEM('overriding color',(#6797),#3309,#5993);
#6797 = PRESENTATION_STYLE_ASSIGNMENT((#6798));
#6798 = SURFACE_STYLE_USAGE(.BOTH.,#6799);
#6799 = SURFACE_SIDE_STYLE('',(#6800));
#6800 = SURFACE_STYLE_FILL_AREA(#6801);
#6801 = FILL_AREA_STYLE('',(#6802));
#6802 = FILL_AREA_STYLE_COLOUR('',#6011);
#6803 = OVER_RIDING_STYLED_ITEM('overriding color',(#6804),#3326,#5993);
#6804 = PRESENTATION_STYLE_ASSIGNMENT((#6805));
#6805 = SURFACE_STYLE_USAGE(.BOTH.,#6806);
#6806 = SURFACE_SIDE_STYLE('',(#6807));
#6807 = SURFACE_STYLE_FILL_AREA(#6808);
#6808 = FILL_AREA_STYLE('',(#6809));
#6809 = FILL_AREA_STYLE_COLOUR('',#6011);
#6810 = OVER_RIDING_STYLED_ITEM('overriding color',(#6811),#3366,#5993);
#6811 = PRESENTATION_STYLE_ASSIGNMENT((#6812));
#6812 = SURFACE_STYLE_USAGE(.BOTH.,#6813);
#6813 = SURFACE_SIDE_STYLE('',(#6814));
#6814 = SURFACE_STYLE_FILL_AREA(#6815);
#6815 = FILL_AREA_STYLE('',(#6816));
#6816 = FILL_AREA_STYLE_COLOUR('',#6011);
#6817 = OVER_RIDING_STYLED_ITEM('overriding color',(#6818),#3406,#5993);
#6818 = PRESENTATION_STYLE_ASSIGNMENT((#6819));
#6819 = SURFACE_STYLE_USAGE(.BOTH.,#6820);
#6820 = SURFACE_SIDE_STYLE('',(#6821));
#6821 = SURFACE_STYLE_FILL_AREA(#6822);
#6822 = FILL_AREA_STYLE('',(#6823));
#6823 = FILL_AREA_STYLE_COLOUR('',#6011);
#6824 = OVER_RIDING_STYLED_ITEM('overriding color',(#6825),#3430,#5993);
#6825 = PRESENTATION_STYLE_ASSIGNMENT((#6826));
#6826 = SURFACE_STYLE_USAGE(.BOTH.,#6827);
#6827 = SURFACE_SIDE_STYLE('',(#6828));
#6828 = SURFACE_STYLE_FILL_AREA(#6829);
#6829 = FILL_AREA_STYLE('',(#6830));
#6830 = FILL_AREA_STYLE_COLOUR('',#6011);
#6831 = OVER_RIDING_STYLED_ITEM('overriding color',(#6832),#3454,#5993);
#6832 = PRESENTATION_STYLE_ASSIGNMENT((#6833));
#6833 = SURFACE_STYLE_USAGE(.BOTH.,#6834);
#6834 = SURFACE_SIDE_STYLE('',(#6835));
#6835 = SURFACE_STYLE_FILL_AREA(#6836);
#6836 = FILL_AREA_STYLE('',(#6837));
#6837 = FILL_AREA_STYLE_COLOUR('',#6011);
#6838 = OVER_RIDING_STYLED_ITEM('overriding color',(#6839),#3471,#5993);
#6839 = PRESENTATION_STYLE_ASSIGNMENT((#6840));
#6840 = SURFACE_STYLE_USAGE(.BOTH.,#6841);
#6841 = SURFACE_SIDE_STYLE('',(#6842));
#6842 = SURFACE_STYLE_FILL_AREA(#6843);
#6843 = FILL_AREA_STYLE('',(#6844));
#6844 = FILL_AREA_STYLE_COLOUR('',#6011);
#6845 = OVER_RIDING_STYLED_ITEM('overriding color',(#6846),#3511,#5993);
#6846 = PRESENTATION_STYLE_ASSIGNMENT((#6847));
#6847 = SURFACE_STYLE_USAGE(.BOTH.,#6848);
#6848 = SURFACE_SIDE_STYLE('',(#6849));
#6849 = SURFACE_STYLE_FILL_AREA(#6850);
#6850 = FILL_AREA_STYLE('',(#6851));
#6851 = FILL_AREA_STYLE_COLOUR('',#6011);
#6852 = OVER_RIDING_STYLED_ITEM('overriding color',(#6853),#3551,#5993);
#6853 = PRESENTATION_STYLE_ASSIGNMENT((#6854));
#6854 = SURFACE_STYLE_USAGE(.BOTH.,#6855);
#6855 = SURFACE_SIDE_STYLE('',(#6856));
#6856 = SURFACE_STYLE_FILL_AREA(#6857);
#6857 = FILL_AREA_STYLE('',(#6858));
#6858 = FILL_AREA_STYLE_COLOUR('',#6011);
#6859 = OVER_RIDING_STYLED_ITEM('overriding color',(#6860),#3575,#5993);
#6860 = PRESENTATION_STYLE_ASSIGNMENT((#6861));
#6861 = SURFACE_STYLE_USAGE(.BOTH.,#6862);
#6862 = SURFACE_SIDE_STYLE('',(#6863));
#6863 = SURFACE_STYLE_FILL_AREA(#6864);
#6864 = FILL_AREA_STYLE('',(#6865));
#6865 = FILL_AREA_STYLE_COLOUR('',#6011);
#6866 = OVER_RIDING_STYLED_ITEM('overriding color',(#6867),#3599,#5993);
#6867 = PRESENTATION_STYLE_ASSIGNMENT((#6868));
#6868 = SURFACE_STYLE_USAGE(.BOTH.,#6869);
#6869 = SURFACE_SIDE_STYLE('',(#6870));
#6870 = SURFACE_STYLE_FILL_AREA(#6871);
#6871 = FILL_AREA_STYLE('',(#6872));
#6872 = FILL_AREA_STYLE_COLOUR('',#6011);
#6873 = OVER_RIDING_STYLED_ITEM('overriding color',(#6874),#3616,#5993);
#6874 = PRESENTATION_STYLE_ASSIGNMENT((#6875));
#6875 = SURFACE_STYLE_USAGE(.BOTH.,#6876);
#6876 = SURFACE_SIDE_STYLE('',(#6877));
#6877 = SURFACE_STYLE_FILL_AREA(#6878);
#6878 = FILL_AREA_STYLE('',(#6879));
#6879 = FILL_AREA_STYLE_COLOUR('',#6011);
#6880 = OVER_RIDING_STYLED_ITEM('overriding color',(#6881),#3656,#5993);
#6881 = PRESENTATION_STYLE_ASSIGNMENT((#6882));
#6882 = SURFACE_STYLE_USAGE(.BOTH.,#6883);
#6883 = SURFACE_SIDE_STYLE('',(#6884));
#6884 = SURFACE_STYLE_FILL_AREA(#6885);
#6885 = FILL_AREA_STYLE('',(#6886));
#6886 = FILL_AREA_STYLE_COLOUR('',#6011);
#6887 = OVER_RIDING_STYLED_ITEM('overriding color',(#6888),#3696,#5993);
#6888 = PRESENTATION_STYLE_ASSIGNMENT((#6889));
#6889 = SURFACE_STYLE_USAGE(.BOTH.,#6890);
#6890 = SURFACE_SIDE_STYLE('',(#6891));
#6891 = SURFACE_STYLE_FILL_AREA(#6892);
#6892 = FILL_AREA_STYLE('',(#6893));
#6893 = FILL_AREA_STYLE_COLOUR('',#6011);
#6894 = OVER_RIDING_STYLED_ITEM('overriding color',(#6895),#3720,#5993);
#6895 = PRESENTATION_STYLE_ASSIGNMENT((#6896));
#6896 = SURFACE_STYLE_USAGE(.BOTH.,#6897);
#6897 = SURFACE_SIDE_STYLE('',(#6898));
#6898 = SURFACE_STYLE_FILL_AREA(#6899);
#6899 = FILL_AREA_STYLE('',(#6900));
#6900 = FILL_AREA_STYLE_COLOUR('',#6011);
#6901 = OVER_RIDING_STYLED_ITEM('overriding color',(#6902),#3744,#5993);
#6902 = PRESENTATION_STYLE_ASSIGNMENT((#6903));
#6903 = SURFACE_STYLE_USAGE(.BOTH.,#6904);
#6904 = SURFACE_SIDE_STYLE('',(#6905));
#6905 = SURFACE_STYLE_FILL_AREA(#6906);
#6906 = FILL_AREA_STYLE('',(#6907));
#6907 = FILL_AREA_STYLE_COLOUR('',#6011);
#6908 = OVER_RIDING_STYLED_ITEM('overriding color',(#6909),#3761,#5993);
#6909 = PRESENTATION_STYLE_ASSIGNMENT((#6910));
#6910 = SURFACE_STYLE_USAGE(.BOTH.,#6911);
#6911 = SURFACE_SIDE_STYLE('',(#6912));
#6912 = SURFACE_STYLE_FILL_AREA(#6913);
#6913 = FILL_AREA_STYLE('',(#6914));
#6914 = FILL_AREA_STYLE_COLOUR('',#6011);
#6915 = OVER_RIDING_STYLED_ITEM('overriding color',(#6916),#3801,#5993);
#6916 = PRESENTATION_STYLE_ASSIGNMENT((#6917));
#6917 = SURFACE_STYLE_USAGE(.BOTH.,#6918);
#6918 = SURFACE_SIDE_STYLE('',(#6919));
#6919 = SURFACE_STYLE_FILL_AREA(#6920);
#6920 = FILL_AREA_STYLE('',(#6921));
#6921 = FILL_AREA_STYLE_COLOUR('',#6011);
#6922 = OVER_RIDING_STYLED_ITEM('overriding color',(#6923),#3825,#5993);
#6923 = PRESENTATION_STYLE_ASSIGNMENT((#6924));
#6924 = SURFACE_STYLE_USAGE(.BOTH.,#6925);
#6925 = SURFACE_SIDE_STYLE('',(#6926));
#6926 = SURFACE_STYLE_FILL_AREA(#6927);
#6927 = FILL_AREA_STYLE('',(#6928));
#6928 = FILL_AREA_STYLE_COLOUR('',#6011);
#6929 = OVER_RIDING_STYLED_ITEM('overriding color',(#6930),#3849,#5993);
#6930 = PRESENTATION_STYLE_ASSIGNMENT((#6931));
#6931 = SURFACE_STYLE_USAGE(.BOTH.,#6932);
#6932 = SURFACE_SIDE_STYLE('',(#6933));
#6933 = SURFACE_STYLE_FILL_AREA(#6934);
#6934 = FILL_AREA_STYLE('',(#6935));
#6935 = FILL_AREA_STYLE_COLOUR('',#6011);
#6936 = OVER_RIDING_STYLED_ITEM('overriding color',(#6937),#3866,#5993);
#6937 = PRESENTATION_STYLE_ASSIGNMENT((#6938));
#6938 = SURFACE_STYLE_USAGE(.BOTH.,#6939);
#6939 = SURFACE_SIDE_STYLE('',(#6940));
#6940 = SURFACE_STYLE_FILL_AREA(#6941);
#6941 = FILL_AREA_STYLE('',(#6942));
#6942 = FILL_AREA_STYLE_COLOUR('',#6011);
#6943 = OVER_RIDING_STYLED_ITEM('overriding color',(#6944),#3897,#5993);
#6944 = PRESENTATION_STYLE_ASSIGNMENT((#6945));
#6945 = SURFACE_STYLE_USAGE(.BOTH.,#6946);
#6946 = SURFACE_SIDE_STYLE('',(#6947));
#6947 = SURFACE_STYLE_FILL_AREA(#6948);
#6948 = FILL_AREA_STYLE('',(#6949));
#6949 = FILL_AREA_STYLE_COLOUR('',#6011);
#6950 = OVER_RIDING_STYLED_ITEM('overriding color',(#6951),#3921,#5993);
#6951 = PRESENTATION_STYLE_ASSIGNMENT((#6952));
#6952 = SURFACE_STYLE_USAGE(.BOTH.,#6953);
#6953 = SURFACE_SIDE_STYLE('',(#6954));
#6954 = SURFACE_STYLE_FILL_AREA(#6955);
#6955 = FILL_AREA_STYLE('',(#6956));
#6956 = FILL_AREA_STYLE_COLOUR('',#6011);
#6957 = OVER_RIDING_STYLED_ITEM('overriding color',(#6958),#3938,#5993);
#6958 = PRESENTATION_STYLE_ASSIGNMENT((#6959));
#6959 = SURFACE_STYLE_USAGE(.BOTH.,#6960);
#6960 = SURFACE_SIDE_STYLE('',(#6961));
#6961 = SURFACE_STYLE_FILL_AREA(#6962);
#6962 = FILL_AREA_STYLE('',(#6963));
#6963 = FILL_AREA_STYLE_COLOUR('',#6011);
#6964 = OVER_RIDING_STYLED_ITEM('overriding color',(#6965),#3962,#5993);
#6965 = PRESENTATION_STYLE_ASSIGNMENT((#6966));
#6966 = SURFACE_STYLE_USAGE(.BOTH.,#6967);
#6967 = SURFACE_SIDE_STYLE('',(#6968));
#6968 = SURFACE_STYLE_FILL_AREA(#6969);
#6969 = FILL_AREA_STYLE('',(#6970));
#6970 = FILL_AREA_STYLE_COLOUR('',#6011);
#6971 = OVER_RIDING_STYLED_ITEM('overriding color',(#6972),#3979,#5993);
#6972 = PRESENTATION_STYLE_ASSIGNMENT((#6973));
#6973 = SURFACE_STYLE_USAGE(.BOTH.,#6974);
#6974 = SURFACE_SIDE_STYLE('',(#6975));
#6975 = SURFACE_STYLE_FILL_AREA(#6976);
#6976 = FILL_AREA_STYLE('',(#6977));
#6977 = FILL_AREA_STYLE_COLOUR('',#6011);
#6978 = OVER_RIDING_STYLED_ITEM('overriding color',(#6979),#3991,#5993);
#6979 = PRESENTATION_STYLE_ASSIGNMENT((#6980));
#6980 = SURFACE_STYLE_USAGE(.BOTH.,#6981);
#6981 = SURFACE_SIDE_STYLE('',(#6982));
#6982 = SURFACE_STYLE_FILL_AREA(#6983);
#6983 = FILL_AREA_STYLE('',(#6984));
#6984 = FILL_AREA_STYLE_COLOUR('',#6011);
#6985 = OVER_RIDING_STYLED_ITEM('overriding color',(#6986),#4015,#5993);
#6986 = PRESENTATION_STYLE_ASSIGNMENT((#6987));
#6987 = SURFACE_STYLE_USAGE(.BOTH.,#6988);
#6988 = SURFACE_SIDE_STYLE('',(#6989));
#6989 = SURFACE_STYLE_FILL_AREA(#6990);
#6990 = FILL_AREA_STYLE('',(#6991));
#6991 = FILL_AREA_STYLE_COLOUR('',#6011);
#6992 = OVER_RIDING_STYLED_ITEM('overriding color',(#6993),#4046,#5993);
#6993 = PRESENTATION_STYLE_ASSIGNMENT((#6994));
#6994 = SURFACE_STYLE_USAGE(.BOTH.,#6995);
#6995 = SURFACE_SIDE_STYLE('',(#6996));
#6996 = SURFACE_STYLE_FILL_AREA(#6997);
#6997 = FILL_AREA_STYLE('',(#6998));
#6998 = FILL_AREA_STYLE_COLOUR('',#6011);
#6999 = OVER_RIDING_STYLED_ITEM('overriding color',(#7000),#4063,#5993);
#7000 = PRESENTATION_STYLE_ASSIGNMENT((#7001));
#7001 = SURFACE_STYLE_USAGE(.BOTH.,#7002);
#7002 = SURFACE_SIDE_STYLE('',(#7003));
#7003 = SURFACE_STYLE_FILL_AREA(#7004);
#7004 = FILL_AREA_STYLE('',(#7005));
#7005 = FILL_AREA_STYLE_COLOUR('',#6011);
#7006 = OVER_RIDING_STYLED_ITEM('overriding color',(#7007),#4087,#5993);
#7007 = PRESENTATION_STYLE_ASSIGNMENT((#7008));
#7008 = SURFACE_STYLE_USAGE(.BOTH.,#7009);
#7009 = SURFACE_SIDE_STYLE('',(#7010));
#7010 = SURFACE_STYLE_FILL_AREA(#7011);
#7011 = FILL_AREA_STYLE('',(#7012));
#7012 = FILL_AREA_STYLE_COLOUR('',#6011);
#7013 = OVER_RIDING_STYLED_ITEM('overriding color',(#7014),#4104,#5993);
#7014 = PRESENTATION_STYLE_ASSIGNMENT((#7015));
#7015 = SURFACE_STYLE_USAGE(.BOTH.,#7016);
#7016 = SURFACE_SIDE_STYLE('',(#7017));
#7017 = SURFACE_STYLE_FILL_AREA(#7018);
#7018 = FILL_AREA_STYLE('',(#7019));
#7019 = FILL_AREA_STYLE_COLOUR('',#6011);
#7020 = OVER_RIDING_STYLED_ITEM('overriding color',(#7021),#4116,#5993);
#7021 = PRESENTATION_STYLE_ASSIGNMENT((#7022));
#7022 = SURFACE_STYLE_USAGE(.BOTH.,#7023);
#7023 = SURFACE_SIDE_STYLE('',(#7024));
#7024 = SURFACE_STYLE_FILL_AREA(#7025);
#7025 = FILL_AREA_STYLE('',(#7026));
#7026 = FILL_AREA_STYLE_COLOUR('',#6011);
#7027 = OVER_RIDING_STYLED_ITEM('overriding color',(#7028),#4133,#5993);
#7028 = PRESENTATION_STYLE_ASSIGNMENT((#7029));
#7029 = SURFACE_STYLE_USAGE(.BOTH.,#7030);
#7030 = SURFACE_SIDE_STYLE('',(#7031));
#7031 = SURFACE_STYLE_FILL_AREA(#7032);
#7032 = FILL_AREA_STYLE('',(#7033));
#7033 = FILL_AREA_STYLE_COLOUR('',#6011);
#7034 = OVER_RIDING_STYLED_ITEM('overriding color',(#7035),#4150,#5993);
#7035 = PRESENTATION_STYLE_ASSIGNMENT((#7036));
#7036 = SURFACE_STYLE_USAGE(.BOTH.,#7037);
#7037 = SURFACE_SIDE_STYLE('',(#7038));
#7038 = SURFACE_STYLE_FILL_AREA(#7039);
#7039 = FILL_AREA_STYLE('',(#7040));
#7040 = FILL_AREA_STYLE_COLOUR('',#6011);
#7041 = OVER_RIDING_STYLED_ITEM('overriding color',(#7042),#4167,#5993);
#7042 = PRESENTATION_STYLE_ASSIGNMENT((#7043));
#7043 = SURFACE_STYLE_USAGE(.BOTH.,#7044);
#7044 = SURFACE_SIDE_STYLE('',(#7045));
#7045 = SURFACE_STYLE_FILL_AREA(#7046);
#7046 = FILL_AREA_STYLE('',(#7047));
#7047 = FILL_AREA_STYLE_COLOUR('',#6011);
#7048 = OVER_RIDING_STYLED_ITEM('overriding color',(#7049),#4184,#5993);
#7049 = PRESENTATION_STYLE_ASSIGNMENT((#7050));
#7050 = SURFACE_STYLE_USAGE(.BOTH.,#7051);
#7051 = SURFACE_SIDE_STYLE('',(#7052));
#7052 = SURFACE_STYLE_FILL_AREA(#7053);
#7053 = FILL_AREA_STYLE('',(#7054));
#7054 = FILL_AREA_STYLE_COLOUR('',#6011);
#7055 = OVER_RIDING_STYLED_ITEM('overriding color',(#7056),#4201,#5993);
#7056 = PRESENTATION_STYLE_ASSIGNMENT((#7057));
#7057 = SURFACE_STYLE_USAGE(.BOTH.,#7058);
#7058 = SURFACE_SIDE_STYLE('',(#7059));
#7059 = SURFACE_STYLE_FILL_AREA(#7060);
#7060 = FILL_AREA_STYLE('',(#7061));
#7061 = FILL_AREA_STYLE_COLOUR('',#6011);
#7062 = OVER_RIDING_STYLED_ITEM('overriding color',(#7063),#4218,#5993);
#7063 = PRESENTATION_STYLE_ASSIGNMENT((#7064));
#7064 = SURFACE_STYLE_USAGE(.BOTH.,#7065);
#7065 = SURFACE_SIDE_STYLE('',(#7066));
#7066 = SURFACE_STYLE_FILL_AREA(#7067);
#7067 = FILL_AREA_STYLE('',(#7068));
#7068 = FILL_AREA_STYLE_COLOUR('',#6011);
#7069 = OVER_RIDING_STYLED_ITEM('overriding color',(#7070),#4235,#5993);
#7070 = PRESENTATION_STYLE_ASSIGNMENT((#7071));
#7071 = SURFACE_STYLE_USAGE(.BOTH.,#7072);
#7072 = SURFACE_SIDE_STYLE('',(#7073));
#7073 = SURFACE_STYLE_FILL_AREA(#7074);
#7074 = FILL_AREA_STYLE('',(#7075));
#7075 = FILL_AREA_STYLE_COLOUR('',#6011);
#7076 = OVER_RIDING_STYLED_ITEM('overriding color',(#7077),#4252,#5993);
#7077 = PRESENTATION_STYLE_ASSIGNMENT((#7078));
#7078 = SURFACE_STYLE_USAGE(.BOTH.,#7079);
#7079 = SURFACE_SIDE_STYLE('',(#7080));
#7080 = SURFACE_STYLE_FILL_AREA(#7081);
#7081 = FILL_AREA_STYLE('',(#7082));
#7082 = FILL_AREA_STYLE_COLOUR('',#6011);
#7083 = OVER_RIDING_STYLED_ITEM('overriding color',(#7084),#4264,#5993);
#7084 = PRESENTATION_STYLE_ASSIGNMENT((#7085));
#7085 = SURFACE_STYLE_USAGE(.BOTH.,#7086);
#7086 = SURFACE_SIDE_STYLE('',(#7087));
#7087 = SURFACE_STYLE_FILL_AREA(#7088);
#7088 = FILL_AREA_STYLE('',(#7089));
#7089 = FILL_AREA_STYLE_COLOUR('',#6011);
#7090 = OVER_RIDING_STYLED_ITEM('overriding color',(#7091),#4281,#5993);
#7091 = PRESENTATION_STYLE_ASSIGNMENT((#7092));
#7092 = SURFACE_STYLE_USAGE(.BOTH.,#7093);
#7093 = SURFACE_SIDE_STYLE('',(#7094));
#7094 = SURFACE_STYLE_FILL_AREA(#7095);
#7095 = FILL_AREA_STYLE('',(#7096));
#7096 = FILL_AREA_STYLE_COLOUR('',#6011);
#7097 = OVER_RIDING_STYLED_ITEM('overriding color',(#7098),#4298,#5993);
#7098 = PRESENTATION_STYLE_ASSIGNMENT((#7099));
#7099 = SURFACE_STYLE_USAGE(.BOTH.,#7100);
#7100 = SURFACE_SIDE_STYLE('',(#7101));
#7101 = SURFACE_STYLE_FILL_AREA(#7102);
#7102 = FILL_AREA_STYLE('',(#7103));
#7103 = FILL_AREA_STYLE_COLOUR('',#6011);
#7104 = OVER_RIDING_STYLED_ITEM('overriding color',(#7105),#4310,#5993);
#7105 = PRESENTATION_STYLE_ASSIGNMENT((#7106));
#7106 = SURFACE_STYLE_USAGE(.BOTH.,#7107);
#7107 = SURFACE_SIDE_STYLE('',(#7108));
#7108 = SURFACE_STYLE_FILL_AREA(#7109);
#7109 = FILL_AREA_STYLE('',(#7110));
#7110 = FILL_AREA_STYLE_COLOUR('',#6011);
#7111 = OVER_RIDING_STYLED_ITEM('overriding color',(#7112),#4327,#5993);
#7112 = PRESENTATION_STYLE_ASSIGNMENT((#7113));
#7113 = SURFACE_STYLE_USAGE(.BOTH.,#7114);
#7114 = SURFACE_SIDE_STYLE('',(#7115));
#7115 = SURFACE_STYLE_FILL_AREA(#7116);
#7116 = FILL_AREA_STYLE('',(#7117));
#7117 = FILL_AREA_STYLE_COLOUR('',#6011);
#7118 = OVER_RIDING_STYLED_ITEM('overriding color',(#7119),#4344,#5993);
#7119 = PRESENTATION_STYLE_ASSIGNMENT((#7120));
#7120 = SURFACE_STYLE_USAGE(.BOTH.,#7121);
#7121 = SURFACE_SIDE_STYLE('',(#7122));
#7122 = SURFACE_STYLE_FILL_AREA(#7123);
#7123 = FILL_AREA_STYLE('',(#7124));
#7124 = FILL_AREA_STYLE_COLOUR('',#6011);
#7125 = OVER_RIDING_STYLED_ITEM('overriding color',(#7126),#4356,#5993);
#7126 = PRESENTATION_STYLE_ASSIGNMENT((#7127));
#7127 = SURFACE_STYLE_USAGE(.BOTH.,#7128);
#7128 = SURFACE_SIDE_STYLE('',(#7129));
#7129 = SURFACE_STYLE_FILL_AREA(#7130);
#7130 = FILL_AREA_STYLE('',(#7131));
#7131 = FILL_AREA_STYLE_COLOUR('',#6011);
#7132 = OVER_RIDING_STYLED_ITEM('overriding color',(#7133),#4368,#5993);
#7133 = PRESENTATION_STYLE_ASSIGNMENT((#7134));
#7134 = SURFACE_STYLE_USAGE(.BOTH.,#7135);
#7135 = SURFACE_SIDE_STYLE('',(#7136));
#7136 = SURFACE_STYLE_FILL_AREA(#7137);
#7137 = FILL_AREA_STYLE('',(#7138));
#7138 = FILL_AREA_STYLE_COLOUR('',#6011);
#7139 = STYLED_ITEM('color',(#7140),#4382);
#7140 = PRESENTATION_STYLE_ASSIGNMENT((#7141,#7146));
#7141 = SURFACE_STYLE_USAGE(.BOTH.,#7142);
#7142 = SURFACE_SIDE_STYLE('',(#7143));
#7143 = SURFACE_STYLE_FILL_AREA(#7144);
#7144 = FILL_AREA_STYLE('',(#7145));
#7145 = FILL_AREA_STYLE_COLOUR('',#6000);
#7146 = CURVE_STYLE('',#7147,POSITIVE_LENGTH_MEASURE(0.1),#6003);
#7147 = DRAUGHTING_PRE_DEFINED_CURVE_FONT('continuous');
#7148 = OVER_RIDING_STYLED_ITEM('overriding color',(#7149),#4384,#7139);
#7149 = PRESENTATION_STYLE_ASSIGNMENT((#7150));
#7150 = SURFACE_STYLE_USAGE(.BOTH.,#7151);
#7151 = SURFACE_SIDE_STYLE('',(#7152));
#7152 = SURFACE_STYLE_FILL_AREA(#7153);
#7153 = FILL_AREA_STYLE('',(#7154));
#7154 = FILL_AREA_STYLE_COLOUR('',#7155);
#7155 = COLOUR_RGB('',0.832000011642,0.68000001254,6.599999832223E-02);
#7156 = OVER_RIDING_STYLED_ITEM('overriding color',(#7157),#4424,#7139);
#7157 = PRESENTATION_STYLE_ASSIGNMENT((#7158));
#7158 = SURFACE_STYLE_USAGE(.BOTH.,#7159);
#7159 = SURFACE_SIDE_STYLE('',(#7160));
#7160 = SURFACE_STYLE_FILL_AREA(#7161);
#7161 = FILL_AREA_STYLE('',(#7162));
#7162 = FILL_AREA_STYLE_COLOUR('',#7155);
#7163 = OVER_RIDING_STYLED_ITEM('overriding color',(#7164),#4455,#7139);
#7164 = PRESENTATION_STYLE_ASSIGNMENT((#7165));
#7165 = SURFACE_STYLE_USAGE(.BOTH.,#7166);
#7166 = SURFACE_SIDE_STYLE('',(#7167));
#7167 = SURFACE_STYLE_FILL_AREA(#7168);
#7168 = FILL_AREA_STYLE('',(#7169));
#7169 = FILL_AREA_STYLE_COLOUR('',#7155);
#7170 = OVER_RIDING_STYLED_ITEM('overriding color',(#7171),#4486,#7139);
#7171 = PRESENTATION_STYLE_ASSIGNMENT((#7172));
#7172 = SURFACE_STYLE_USAGE(.BOTH.,#7173);
#7173 = SURFACE_SIDE_STYLE('',(#7174));
#7174 = SURFACE_STYLE_FILL_AREA(#7175);
#7175 = FILL_AREA_STYLE('',(#7176));
#7176 = FILL_AREA_STYLE_COLOUR('',#7155);
#7177 = OVER_RIDING_STYLED_ITEM('overriding color',(#7178),#4517,#7139);
#7178 = PRESENTATION_STYLE_ASSIGNMENT((#7179));
#7179 = SURFACE_STYLE_USAGE(.BOTH.,#7180);
#7180 = SURFACE_SIDE_STYLE('',(#7181));
#7181 = SURFACE_STYLE_FILL_AREA(#7182);
#7182 = FILL_AREA_STYLE('',(#7183));
#7183 = FILL_AREA_STYLE_COLOUR('',#7155);
#7184 = OVER_RIDING_STYLED_ITEM('overriding color',(#7185),#4548,#7139);
#7185 = PRESENTATION_STYLE_ASSIGNMENT((#7186));
#7186 = SURFACE_STYLE_USAGE(.BOTH.,#7187);
#7187 = SURFACE_SIDE_STYLE('',(#7188));
#7188 = SURFACE_STYLE_FILL_AREA(#7189);
#7189 = FILL_AREA_STYLE('',(#7190));
#7190 = FILL_AREA_STYLE_COLOUR('',#7155);
#7191 = OVER_RIDING_STYLED_ITEM('overriding color',(#7192),#4579,#7139);
#7192 = PRESENTATION_STYLE_ASSIGNMENT((#7193));
#7193 = SURFACE_STYLE_USAGE(.BOTH.,#7194);
#7194 = SURFACE_SIDE_STYLE('',(#7195));
#7195 = SURFACE_STYLE_FILL_AREA(#7196);
#7196 = FILL_AREA_STYLE('',(#7197));
#7197 = FILL_AREA_STYLE_COLOUR('',#7155);
#7198 = OVER_RIDING_STYLED_ITEM('overriding color',(#7199),#4610,#7139);
#7199 = PRESENTATION_STYLE_ASSIGNMENT((#7200));
#7200 = SURFACE_STYLE_USAGE(.BOTH.,#7201);
#7201 = SURFACE_SIDE_STYLE('',(#7202));
#7202 = SURFACE_STYLE_FILL_AREA(#7203);
#7203 = FILL_AREA_STYLE('',(#7204));
#7204 = FILL_AREA_STYLE_COLOUR('',#7155);
#7205 = OVER_RIDING_STYLED_ITEM('overriding color',(#7206),#4641,#7139);
#7206 = PRESENTATION_STYLE_ASSIGNMENT((#7207));
#7207 = SURFACE_STYLE_USAGE(.BOTH.,#7208);
#7208 = SURFACE_SIDE_STYLE('',(#7209));
#7209 = SURFACE_STYLE_FILL_AREA(#7210);
#7210 = FILL_AREA_STYLE('',(#7211));
#7211 = FILL_AREA_STYLE_COLOUR('',#7155);
#7212 = OVER_RIDING_STYLED_ITEM('overriding color',(#7213),#4672,#7139);
#7213 = PRESENTATION_STYLE_ASSIGNMENT((#7214));
#7214 = SURFACE_STYLE_USAGE(.BOTH.,#7215);
#7215 = SURFACE_SIDE_STYLE('',(#7216));
#7216 = SURFACE_STYLE_FILL_AREA(#7217);
#7217 = FILL_AREA_STYLE('',(#7218));
#7218 = FILL_AREA_STYLE_COLOUR('',#7155);
#7219 = OVER_RIDING_STYLED_ITEM('overriding color',(#7220),#4703,#7139);
#7220 = PRESENTATION_STYLE_ASSIGNMENT((#7221));
#7221 = SURFACE_STYLE_USAGE(.BOTH.,#7222);
#7222 = SURFACE_SIDE_STYLE('',(#7223));
#7223 = SURFACE_STYLE_FILL_AREA(#7224);
#7224 = FILL_AREA_STYLE('',(#7225));
#7225 = FILL_AREA_STYLE_COLOUR('',#7155);
#7226 = OVER_RIDING_STYLED_ITEM('overriding color',(#7227),#4734,#7139);
#7227 = PRESENTATION_STYLE_ASSIGNMENT((#7228));
#7228 = SURFACE_STYLE_USAGE(.BOTH.,#7229);
#7229 = SURFACE_SIDE_STYLE('',(#7230));
#7230 = SURFACE_STYLE_FILL_AREA(#7231);
#7231 = FILL_AREA_STYLE('',(#7232));
#7232 = FILL_AREA_STYLE_COLOUR('',#7155);
#7233 = OVER_RIDING_STYLED_ITEM('overriding color',(#7234),#4756,#7139);
#7234 = PRESENTATION_STYLE_ASSIGNMENT((#7235));
#7235 = SURFACE_STYLE_USAGE(.BOTH.,#7236);
#7236 = SURFACE_SIDE_STYLE('',(#7237));
#7237 = SURFACE_STYLE_FILL_AREA(#7238);
#7238 = FILL_AREA_STYLE('',(#7239));
#7239 = FILL_AREA_STYLE_COLOUR('',#7155);
#7240 = OVER_RIDING_STYLED_ITEM('overriding color',(#7241),#4776,#7139);
#7241 = PRESENTATION_STYLE_ASSIGNMENT((#7242));
#7242 = SURFACE_STYLE_USAGE(.BOTH.,#7243);
#7243 = SURFACE_SIDE_STYLE('',(#7244));
#7244 = SURFACE_STYLE_FILL_AREA(#7245);
#7245 = FILL_AREA_STYLE('',(#7246));
#7246 = FILL_AREA_STYLE_COLOUR('',#7155);
#7247 = STYLED_ITEM('color',(#7248),#4796);
#7248 = PRESENTATION_STYLE_ASSIGNMENT((#7249,#7254));
#7249 = SURFACE_STYLE_USAGE(.BOTH.,#7250);
#7250 = SURFACE_SIDE_STYLE('',(#7251));
#7251 = SURFACE_STYLE_FILL_AREA(#7252);
#7252 = FILL_AREA_STYLE('',(#7253));
#7253 = FILL_AREA_STYLE_COLOUR('',#6000);
#7254 = CURVE_STYLE('',#7255,POSITIVE_LENGTH_MEASURE(0.1),#6003);
#7255 = DRAUGHTING_PRE_DEFINED_CURVE_FONT('continuous');
#7256 = OVER_RIDING_STYLED_ITEM('overriding color',(#7257),#4798,#7247);
#7257 = PRESENTATION_STYLE_ASSIGNMENT((#7258));
#7258 = SURFACE_STYLE_USAGE(.BOTH.,#7259);
#7259 = SURFACE_SIDE_STYLE('',(#7260));
#7260 = SURFACE_STYLE_FILL_AREA(#7261);
#7261 = FILL_AREA_STYLE('',(#7262));
#7262 = FILL_AREA_STYLE_COLOUR('',#6011);
#7263 = OVER_RIDING_STYLED_ITEM('overriding color',(#7264),#4854,#7247);
#7264 = PRESENTATION_STYLE_ASSIGNMENT((#7265));
#7265 = SURFACE_STYLE_USAGE(.BOTH.,#7266);
#7266 = SURFACE_SIDE_STYLE('',(#7267));
#7267 = SURFACE_STYLE_FILL_AREA(#7268);
#7268 = FILL_AREA_STYLE('',(#7269));
#7269 = FILL_AREA_STYLE_COLOUR('',#6011);
#7270 = OVER_RIDING_STYLED_ITEM('overriding color',(#7271),#4885,#7247);
#7271 = PRESENTATION_STYLE_ASSIGNMENT((#7272));
#7272 = SURFACE_STYLE_USAGE(.BOTH.,#7273);
#7273 = SURFACE_SIDE_STYLE('',(#7274));
#7274 = SURFACE_STYLE_FILL_AREA(#7275);
#7275 = FILL_AREA_STYLE('',(#7276));
#7276 = FILL_AREA_STYLE_COLOUR('',#6011);
#7277 = OVER_RIDING_STYLED_ITEM('overriding color',(#7278),#4909,#7247);
#7278 = PRESENTATION_STYLE_ASSIGNMENT((#7279));
#7279 = SURFACE_STYLE_USAGE(.BOTH.,#7280);
#7280 = SURFACE_SIDE_STYLE('',(#7281));
#7281 = SURFACE_STYLE_FILL_AREA(#7282);
#7282 = FILL_AREA_STYLE('',(#7283));
#7283 = FILL_AREA_STYLE_COLOUR('',#6011);
#7284 = OVER_RIDING_STYLED_ITEM('overriding color',(#7285),#4933,#7247);
#7285 = PRESENTATION_STYLE_ASSIGNMENT((#7286));
#7286 = SURFACE_STYLE_USAGE(.BOTH.,#7287);
#7287 = SURFACE_SIDE_STYLE('',(#7288));
#7288 = SURFACE_STYLE_FILL_AREA(#7289);
#7289 = FILL_AREA_STYLE('',(#7290));
#7290 = FILL_AREA_STYLE_COLOUR('',#6011);
#7291 = OVER_RIDING_STYLED_ITEM('overriding color',(#7292),#4957,#7247);
#7292 = PRESENTATION_STYLE_ASSIGNMENT((#7293));
#7293 = SURFACE_STYLE_USAGE(.BOTH.,#7294);
#7294 = SURFACE_SIDE_STYLE('',(#7295));
#7295 = SURFACE_STYLE_FILL_AREA(#7296);
#7296 = FILL_AREA_STYLE('',(#7297));
#7297 = FILL_AREA_STYLE_COLOUR('',#6011);
#7298 = OVER_RIDING_STYLED_ITEM('overriding color',(#7299),#4981,#7247);
#7299 = PRESENTATION_STYLE_ASSIGNMENT((#7300));
#7300 = SURFACE_STYLE_USAGE(.BOTH.,#7301);
#7301 = SURFACE_SIDE_STYLE('',(#7302));
#7302 = SURFACE_STYLE_FILL_AREA(#7303);
#7303 = FILL_AREA_STYLE('',(#7304));
#7304 = FILL_AREA_STYLE_COLOUR('',#6011);
#7305 = OVER_RIDING_STYLED_ITEM('overriding color',(#7306),#4998,#7247);
#7306 = PRESENTATION_STYLE_ASSIGNMENT((#7307));
#7307 = SURFACE_STYLE_USAGE(.BOTH.,#7308);
#7308 = SURFACE_SIDE_STYLE('',(#7309));
#7309 = SURFACE_STYLE_FILL_AREA(#7310);
#7310 = FILL_AREA_STYLE('',(#7311));
#7311 = FILL_AREA_STYLE_COLOUR('',#6011);
#7312 = STYLED_ITEM('color',(#7313),#5012);
#7313 = PRESENTATION_STYLE_ASSIGNMENT((#7314,#7319));
#7314 = SURFACE_STYLE_USAGE(.BOTH.,#7315);
#7315 = SURFACE_SIDE_STYLE('',(#7316));
#7316 = SURFACE_STYLE_FILL_AREA(#7317);
#7317 = FILL_AREA_STYLE('',(#7318));
#7318 = FILL_AREA_STYLE_COLOUR('',#6000);
#7319 = CURVE_STYLE('',#7320,POSITIVE_LENGTH_MEASURE(0.1),#6003);
#7320 = DRAUGHTING_PRE_DEFINED_CURVE_FONT('continuous');
#7321 = OVER_RIDING_STYLED_ITEM('overriding color',(#7322),#5014,#7312);
#7322 = PRESENTATION_STYLE_ASSIGNMENT((#7323));
#7323 = SURFACE_STYLE_USAGE(.BOTH.,#7324);
#7324 = SURFACE_SIDE_STYLE('',(#7325));
#7325 = SURFACE_STYLE_FILL_AREA(#7326);
#7326 = FILL_AREA_STYLE('',(#7327));
#7327 = FILL_AREA_STYLE_COLOUR('',#6011);
#7328 = OVER_RIDING_STYLED_ITEM('overriding color',(#7329),#5070,#7312);
#7329 = PRESENTATION_STYLE_ASSIGNMENT((#7330));
#7330 = SURFACE_STYLE_USAGE(.BOTH.,#7331);
#7331 = SURFACE_SIDE_STYLE('',(#7332));
#7332 = SURFACE_STYLE_FILL_AREA(#7333);
#7333 = FILL_AREA_STYLE('',(#7334));
#7334 = FILL_AREA_STYLE_COLOUR('',#6011);
#7335 = OVER_RIDING_STYLED_ITEM('overriding color',(#7336),#5101,#7312);
#7336 = PRESENTATION_STYLE_ASSIGNMENT((#7337));
#7337 = SURFACE_STYLE_USAGE(.BOTH.,#7338);
#7338 = SURFACE_SIDE_STYLE('',(#7339));
#7339 = SURFACE_STYLE_FILL_AREA(#7340);
#7340 = FILL_AREA_STYLE('',(#7341));
#7341 = FILL_AREA_STYLE_COLOUR('',#6011);
#7342 = OVER_RIDING_STYLED_ITEM('overriding color',(#7343),#5125,#7312);
#7343 = PRESENTATION_STYLE_ASSIGNMENT((#7344));
#7344 = SURFACE_STYLE_USAGE(.BOTH.,#7345);
#7345 = SURFACE_SIDE_STYLE('',(#7346));
#7346 = SURFACE_STYLE_FILL_AREA(#7347);
#7347 = FILL_AREA_STYLE('',(#7348));
#7348 = FILL_AREA_STYLE_COLOUR('',#6011);
#7349 = OVER_RIDING_STYLED_ITEM('overriding color',(#7350),#5149,#7312);
#7350 = PRESENTATION_STYLE_ASSIGNMENT((#7351));
#7351 = SURFACE_STYLE_USAGE(.BOTH.,#7352);
#7352 = SURFACE_SIDE_STYLE('',(#7353));
#7353 = SURFACE_STYLE_FILL_AREA(#7354);
#7354 = FILL_AREA_STYLE('',(#7355));
#7355 = FILL_AREA_STYLE_COLOUR('',#6011);
#7356 = OVER_RIDING_STYLED_ITEM('overriding color',(#7357),#5173,#7312);
#7357 = PRESENTATION_STYLE_ASSIGNMENT((#7358));
#7358 = SURFACE_STYLE_USAGE(.BOTH.,#7359);
#7359 = SURFACE_SIDE_STYLE('',(#7360));
#7360 = SURFACE_STYLE_FILL_AREA(#7361);
#7361 = FILL_AREA_STYLE('',(#7362));
#7362 = FILL_AREA_STYLE_COLOUR('',#6011);
#7363 = OVER_RIDING_STYLED_ITEM('overriding color',(#7364),#5197,#7312);
#7364 = PRESENTATION_STYLE_ASSIGNMENT((#7365));
#7365 = SURFACE_STYLE_USAGE(.BOTH.,#7366);
#7366 = SURFACE_SIDE_STYLE('',(#7367));
#7367 = SURFACE_STYLE_FILL_AREA(#7368);
#7368 = FILL_AREA_STYLE('',(#7369));
#7369 = FILL_AREA_STYLE_COLOUR('',#6011);
#7370 = OVER_RIDING_STYLED_ITEM('overriding color',(#7371),#5214,#7312);
#7371 = PRESENTATION_STYLE_ASSIGNMENT((#7372));
#7372 = SURFACE_STYLE_USAGE(.BOTH.,#7373);
#7373 = SURFACE_SIDE_STYLE('',(#7374));
#7374 = SURFACE_STYLE_FILL_AREA(#7375);
#7375 = FILL_AREA_STYLE('',(#7376));
#7376 = FILL_AREA_STYLE_COLOUR('',#6011);
#7377 = STYLED_ITEM('color',(#7378),#5228);
#7378 = PRESENTATION_STYLE_ASSIGNMENT((#7379,#7384));
#7379 = SURFACE_STYLE_USAGE(.BOTH.,#7380);
#7380 = SURFACE_SIDE_STYLE('',(#7381));
#7381 = SURFACE_STYLE_FILL_AREA(#7382);
#7382 = FILL_AREA_STYLE('',(#7383));
#7383 = FILL_AREA_STYLE_COLOUR('',#6000);
#7384 = CURVE_STYLE('',#7385,POSITIVE_LENGTH_MEASURE(0.1),#6003);
#7385 = DRAUGHTING_PRE_DEFINED_CURVE_FONT('continuous');
#7386 = OVER_RIDING_STYLED_ITEM('overriding color',(#7387),#5230,#7377);
#7387 = PRESENTATION_STYLE_ASSIGNMENT((#7388));
#7388 = SURFACE_STYLE_USAGE(.BOTH.,#7389);
#7389 = SURFACE_SIDE_STYLE('',(#7390));
#7390 = SURFACE_STYLE_FILL_AREA(#7391);
#7391 = FILL_AREA_STYLE('',(#7392));
#7392 = FILL_AREA_STYLE_COLOUR('',#6011);
#7393 = OVER_RIDING_STYLED_ITEM('overriding color',(#7394),#5286,#7377);
#7394 = PRESENTATION_STYLE_ASSIGNMENT((#7395));
#7395 = SURFACE_STYLE_USAGE(.BOTH.,#7396);
#7396 = SURFACE_SIDE_STYLE('',(#7397));
#7397 = SURFACE_STYLE_FILL_AREA(#7398);
#7398 = FILL_AREA_STYLE('',(#7399));
#7399 = FILL_AREA_STYLE_COLOUR('',#6011);
#7400 = OVER_RIDING_STYLED_ITEM('overriding color',(#7401),#5317,#7377);
#7401 = PRESENTATION_STYLE_ASSIGNMENT((#7402));
#7402 = SURFACE_STYLE_USAGE(.BOTH.,#7403);
#7403 = SURFACE_SIDE_STYLE('',(#7404));
#7404 = SURFACE_STYLE_FILL_AREA(#7405);
#7405 = FILL_AREA_STYLE('',(#7406));
#7406 = FILL_AREA_STYLE_COLOUR('',#6011);
#7407 = OVER_RIDING_STYLED_ITEM('overriding color',(#7408),#5341,#7377);
#7408 = PRESENTATION_STYLE_ASSIGNMENT((#7409));
#7409 = SURFACE_STYLE_USAGE(.BOTH.,#7410);
#7410 = SURFACE_SIDE_STYLE('',(#7411));
#7411 = SURFACE_STYLE_FILL_AREA(#7412);
#7412 = FILL_AREA_STYLE('',(#7413));
#7413 = FILL_AREA_STYLE_COLOUR('',#6011);
#7414 = OVER_RIDING_STYLED_ITEM('overriding color',(#7415),#5365,#7377);
#7415 = PRESENTATION_STYLE_ASSIGNMENT((#7416));
#7416 = SURFACE_STYLE_USAGE(.BOTH.,#7417);
#7417 = SURFACE_SIDE_STYLE('',(#7418));
#7418 = SURFACE_STYLE_FILL_AREA(#7419);
#7419 = FILL_AREA_STYLE('',(#7420));
#7420 = FILL_AREA_STYLE_COLOUR('',#6011);
#7421 = OVER_RIDING_STYLED_ITEM('overriding color',(#7422),#5389,#7377);
#7422 = PRESENTATION_STYLE_ASSIGNMENT((#7423));
#7423 = SURFACE_STYLE_USAGE(.BOTH.,#7424);
#7424 = SURFACE_SIDE_STYLE('',(#7425));
#7425 = SURFACE_STYLE_FILL_AREA(#7426);
#7426 = FILL_AREA_STYLE('',(#7427));
#7427 = FILL_AREA_STYLE_COLOUR('',#6011);
#7428 = OVER_RIDING_STYLED_ITEM('overriding color',(#7429),#5413,#7377);
#7429 = PRESENTATION_STYLE_ASSIGNMENT((#7430));
#7430 = SURFACE_STYLE_USAGE(.BOTH.,#7431);
#7431 = SURFACE_SIDE_STYLE('',(#7432));
#7432 = SURFACE_STYLE_FILL_AREA(#7433);
#7433 = FILL_AREA_STYLE('',(#7434));
#7434 = FILL_AREA_STYLE_COLOUR('',#6011);
#7435 = OVER_RIDING_STYLED_ITEM('overriding color',(#7436),#5430,#7377);
#7436 = PRESENTATION_STYLE_ASSIGNMENT((#7437));
#7437 = SURFACE_STYLE_USAGE(.BOTH.,#7438);
#7438 = SURFACE_SIDE_STYLE('',(#7439));
#7439 = SURFACE_STYLE_FILL_AREA(#7440);
#7440 = FILL_AREA_STYLE('',(#7441));
#7441 = FILL_AREA_STYLE_COLOUR('',#6011);
#7442 = STYLED_ITEM('color',(#7443),#5444);
#7443 = PRESENTATION_STYLE_ASSIGNMENT((#7444,#7449));
#7444 = SURFACE_STYLE_USAGE(.BOTH.,#7445);
#7445 = SURFACE_SIDE_STYLE('',(#7446));
#7446 = SURFACE_STYLE_FILL_AREA(#7447);
#7447 = FILL_AREA_STYLE('',(#7448));
#7448 = FILL_AREA_STYLE_COLOUR('',#6000);
#7449 = CURVE_STYLE('',#7450,POSITIVE_LENGTH_MEASURE(0.1),#6003);
#7450 = DRAUGHTING_PRE_DEFINED_CURVE_FONT('continuous');
#7451 = OVER_RIDING_STYLED_ITEM('overriding color',(#7452),#5446,#7442);
#7452 = PRESENTATION_STYLE_ASSIGNMENT((#7453));
#7453 = SURFACE_STYLE_USAGE(.BOTH.,#7454);
#7454 = SURFACE_SIDE_STYLE('',(#7455));
#7455 = SURFACE_STYLE_FILL_AREA(#7456);
#7456 = FILL_AREA_STYLE('',(#7457));
#7457 = FILL_AREA_STYLE_COLOUR('',#7458);
#7458 = COLOUR_RGB('',0.272999999305,0.272999999305,0.272999999305);
#7459 = OVER_RIDING_STYLED_ITEM('overriding color',(#7460),#5486,#7442);
#7460 = PRESENTATION_STYLE_ASSIGNMENT((#7461));
#7461 = SURFACE_STYLE_USAGE(.BOTH.,#7462);
#7462 = SURFACE_SIDE_STYLE('',(#7463));
#7463 = SURFACE_STYLE_FILL_AREA(#7464);
#7464 = FILL_AREA_STYLE('',(#7465));
#7465 = FILL_AREA_STYLE_COLOUR('',#7458);
#7466 = OVER_RIDING_STYLED_ITEM('overriding color',(#7467),#5517,#7442);
#7467 = PRESENTATION_STYLE_ASSIGNMENT((#7468));
#7468 = SURFACE_STYLE_USAGE(.BOTH.,#7469);
#7469 = SURFACE_SIDE_STYLE('',(#7470));
#7470 = SURFACE_STYLE_FILL_AREA(#7471);
#7471 = FILL_AREA_STYLE('',(#7472));
#7472 = FILL_AREA_STYLE_COLOUR('',#7458);
#7473 = OVER_RIDING_STYLED_ITEM('overriding color',(#7474),#5548,#7442);
#7474 = PRESENTATION_STYLE_ASSIGNMENT((#7475));
#7475 = SURFACE_STYLE_USAGE(.BOTH.,#7476);
#7476 = SURFACE_SIDE_STYLE('',(#7477));
#7477 = SURFACE_STYLE_FILL_AREA(#7478);
#7478 = FILL_AREA_STYLE('',(#7479));
#7479 = FILL_AREA_STYLE_COLOUR('',#7458);
#7480 = OVER_RIDING_STYLED_ITEM('overriding color',(#7481),#5579,#7442);
#7481 = PRESENTATION_STYLE_ASSIGNMENT((#7482));
#7482 = SURFACE_STYLE_USAGE(.BOTH.,#7483);
#7483 = SURFACE_SIDE_STYLE('',(#7484));
#7484 = SURFACE_STYLE_FILL_AREA(#7485);
#7485 = FILL_AREA_STYLE('',(#7486));
#7486 = FILL_AREA_STYLE_COLOUR('',#7458);
#7487 = OVER_RIDING_STYLED_ITEM('overriding color',(#7488),#5634,#7442);
#7488 = PRESENTATION_STYLE_ASSIGNMENT((#7489));
#7489 = SURFACE_STYLE_USAGE(.BOTH.,#7490);
#7490 = SURFACE_SIDE_STYLE('',(#7491));
#7491 = SURFACE_STYLE_FILL_AREA(#7492);
#7492 = FILL_AREA_STYLE('',(#7493));
#7493 = FILL_AREA_STYLE_COLOUR('',#7458);
#7494 = OVER_RIDING_STYLED_ITEM('overriding color',(#7495),#5658,#7442);
#7495 = PRESENTATION_STYLE_ASSIGNMENT((#7496));
#7496 = SURFACE_STYLE_USAGE(.BOTH.,#7497);
#7497 = SURFACE_SIDE_STYLE('',(#7498));
#7498 = SURFACE_STYLE_FILL_AREA(#7499);
#7499 = FILL_AREA_STYLE('',(#7500));
#7500 = FILL_AREA_STYLE_COLOUR('',#7458);
#7501 = OVER_RIDING_STYLED_ITEM('overriding color',(#7502),#5689,#7442);
#7502 = PRESENTATION_STYLE_ASSIGNMENT((#7503));
#7503 = SURFACE_STYLE_USAGE(.BOTH.,#7504);
#7504 = SURFACE_SIDE_STYLE('',(#7505));
#7505 = SURFACE_STYLE_FILL_AREA(#7506);
#7506 = FILL_AREA_STYLE('',(#7507));
#7507 = FILL_AREA_STYLE_COLOUR('',#7458);
#7508 = OVER_RIDING_STYLED_ITEM('overriding color',(#7509),#5706,#7442);
#7509 = PRESENTATION_STYLE_ASSIGNMENT((#7510));
#7510 = SURFACE_STYLE_USAGE(.BOTH.,#7511);
#7511 = SURFACE_SIDE_STYLE('',(#7512));
#7512 = SURFACE_STYLE_FILL_AREA(#7513);
#7513 = FILL_AREA_STYLE('',(#7514));
#7514 = FILL_AREA_STYLE_COLOUR('',#7458);
#7515 = OVER_RIDING_STYLED_ITEM('overriding color',(#7516),#5730,#7442);
#7516 = PRESENTATION_STYLE_ASSIGNMENT((#7517));
#7517 = SURFACE_STYLE_USAGE(.BOTH.,#7518);
#7518 = SURFACE_SIDE_STYLE('',(#7519));
#7519 = SURFACE_STYLE_FILL_AREA(#7520);
#7520 = FILL_AREA_STYLE('',(#7521));
#7521 = FILL_AREA_STYLE_COLOUR('',#7458);
#7522 = OVER_RIDING_STYLED_ITEM('overriding color',(#7523),#5761,#7442);
#7523 = PRESENTATION_STYLE_ASSIGNMENT((#7524));
#7524 = SURFACE_STYLE_USAGE(.BOTH.,#7525);
#7525 = SURFACE_SIDE_STYLE('',(#7526));
#7526 = SURFACE_STYLE_FILL_AREA(#7527);
#7527 = FILL_AREA_STYLE('',(#7528));
#7528 = FILL_AREA_STYLE_COLOUR('',#7458);
#7529 = OVER_RIDING_STYLED_ITEM('overriding color',(#7530),#5778,#7442);
#7530 = PRESENTATION_STYLE_ASSIGNMENT((#7531));
#7531 = SURFACE_STYLE_USAGE(.BOTH.,#7532);
#7532 = SURFACE_SIDE_STYLE('',(#7533));
#7533 = SURFACE_STYLE_FILL_AREA(#7534);
#7534 = FILL_AREA_STYLE('',(#7535));
#7535 = FILL_AREA_STYLE_COLOUR('',#7458);
#7536 = OVER_RIDING_STYLED_ITEM('overriding color',(#7537),#5805,#7442);
#7537 = PRESENTATION_STYLE_ASSIGNMENT((#7538));
#7538 = SURFACE_STYLE_USAGE(.BOTH.,#7539);
#7539 = SURFACE_SIDE_STYLE('',(#7540));
#7540 = SURFACE_STYLE_FILL_AREA(#7541);
#7541 = FILL_AREA_STYLE('',(#7542));
#7542 = FILL_AREA_STYLE_COLOUR('',#7458);
#7543 = OVER_RIDING_STYLED_ITEM('overriding color',(#7544),#5829,#7442);
#7544 = PRESENTATION_STYLE_ASSIGNMENT((#7545));
#7545 = SURFACE_STYLE_USAGE(.BOTH.,#7546);
#7546 = SURFACE_SIDE_STYLE('',(#7547));
#7547 = SURFACE_STYLE_FILL_AREA(#7548);
#7548 = FILL_AREA_STYLE('',(#7549));
#7549 = FILL_AREA_STYLE_COLOUR('',#7458);
#7550 = OVER_RIDING_STYLED_ITEM('overriding color',(#7551),#5853,#7442);
#7551 = PRESENTATION_STYLE_ASSIGNMENT((#7552));
#7552 = SURFACE_STYLE_USAGE(.BOTH.,#7553);
#7553 = SURFACE_SIDE_STYLE('',(#7554));
#7554 = SURFACE_STYLE_FILL_AREA(#7555);
#7555 = FILL_AREA_STYLE('',(#7556));
#7556 = FILL_AREA_STYLE_COLOUR('',#7458);
#7557 = OVER_RIDING_STYLED_ITEM('overriding color',(#7558),#5877,#7442);
#7558 = PRESENTATION_STYLE_ASSIGNMENT((#7559));
#7559 = SURFACE_STYLE_USAGE(.BOTH.,#7560);
#7560 = SURFACE_SIDE_STYLE('',(#7561));
#7561 = SURFACE_STYLE_FILL_AREA(#7562);
#7562 = FILL_AREA_STYLE('',(#7563));
#7563 = FILL_AREA_STYLE_COLOUR('',#7458);
#7564 = OVER_RIDING_STYLED_ITEM('overriding color',(#7565),#5901,#7442);
#7565 = PRESENTATION_STYLE_ASSIGNMENT((#7566));
#7566 = SURFACE_STYLE_USAGE(.BOTH.,#7567);
#7567 = SURFACE_SIDE_STYLE('',(#7568));
#7568 = SURFACE_STYLE_FILL_AREA(#7569);
#7569 = FILL_AREA_STYLE('',(#7570));
#7570 = FILL_AREA_STYLE_COLOUR('',#7458);
#7571 = OVER_RIDING_STYLED_ITEM('overriding color',(#7572),#5925,#7442);
#7572 = PRESENTATION_STYLE_ASSIGNMENT((#7573));
#7573 = SURFACE_STYLE_USAGE(.BOTH.,#7574);
#7574 = SURFACE_SIDE_STYLE('',(#7575));
#7575 = SURFACE_STYLE_FILL_AREA(#7576);
#7576 = FILL_AREA_STYLE('',(#7577));
#7577 = FILL_AREA_STYLE_COLOUR('',#7458);
#7578 = OVER_RIDING_STYLED_ITEM('overriding color',(#7579),#5942,#7442);
#7579 = PRESENTATION_STYLE_ASSIGNMENT((#7580));
#7580 = SURFACE_STYLE_USAGE(.BOTH.,#7581);
#7581 = SURFACE_SIDE_STYLE('',(#7582));
#7582 = SURFACE_STYLE_FILL_AREA(#7583);
#7583 = FILL_AREA_STYLE('',(#7584));
#7584 = FILL_AREA_STYLE_COLOUR('',#7458);
#7585 = OVER_RIDING_STYLED_ITEM('overriding color',(#7586),#5954,#7442);
#7586 = PRESENTATION_STYLE_ASSIGNMENT((#7587));
#7587 = SURFACE_STYLE_USAGE(.BOTH.,#7588);
#7588 = SURFACE_SIDE_STYLE('',(#7589));
#7589 = SURFACE_STYLE_FILL_AREA(#7590);
#7590 = FILL_AREA_STYLE('',(#7591));
#7591 = FILL_AREA_STYLE_COLOUR('',#7458);
#7592 = OVER_RIDING_STYLED_ITEM('overriding color',(#7593),#5966,#7442);
#7593 = PRESENTATION_STYLE_ASSIGNMENT((#7594));
#7594 = SURFACE_STYLE_USAGE(.BOTH.,#7595);
#7595 = SURFACE_SIDE_STYLE('',(#7596));
#7596 = SURFACE_STYLE_FILL_AREA(#7597);
#7597 = FILL_AREA_STYLE('',(#7598));
#7598 = FILL_AREA_STYLE_COLOUR('',#7458);
ENDSEC;
END-ISO-10303-21;
